[2026-07-24 03:57:56] production.ERROR: Database file at path [C:\Users\ASUS\Downloads\ProjekS2P_DashboardBoiler-main\ProjekS2P_DashboardBoiler-main\database\database.sqlite] does not exist. Ensure this is an absolute path to the database. (Connection: sqlite, Database: C:\Users\ASUS\Downloads\ProjekS2P_DashboardBoiler-main\ProjekS2P_DashboardBoiler-main\database\database.sqlite, SQL: delete from "cache") {"exception":"[object] (Illuminate\\Database\\QueryException(code: 0): Database file at path [C:\\Users\\ASUS\\Downloads\\ProjekS2P_DashboardBoiler-main\\ProjekS2P_DashboardBoiler-main\\database\\database.sqlite] does not exist. Ensure this is an absolute path to the database. (Connection: sqlite, Database: C:\\Users\\ASUS\\Downloads\\ProjekS2P_DashboardBoiler-main\\ProjekS2P_DashboardBoiler-main\\database\\database.sqlite, SQL: delete from \"cache\") at C:/Users/ASUS/Downloads/ProjekS2P_DashboardBoiler-main/ProjekS2P_DashboardBoiler-main/vendor/laravel/framework/src/Illuminate/Database/Connection.php:857)
[stacktrace]
#0 C:/Users/ASUS/Downloads/ProjekS2P_DashboardBoiler-main/ProjekS2P_DashboardBoiler-main/vendor/laravel/framework/src/Illuminate/Database/Connection.php(813): Illuminate/Database/Connection->runQueryCallback('delete from \"ca...', Array, Object(Closure))
#1 C:/Users/ASUS/Downloads/ProjekS2P_DashboardBoiler-main/ProjekS2P_DashboardBoiler-main/vendor/laravel/framework/src/Illuminate/Database/Connection.php(614): Illuminate/Database/Connection->run('delete from \"ca...', Array, Object(Closure))
#2 C:/Users/ASUS/Downloads/ProjekS2P_DashboardBoiler-main/ProjekS2P_DashboardBoiler-main/vendor/laravel/framework/src/Illuminate/Database/Connection.php(578): Illuminate/Database/Connection->affectingStatement('delete from \"ca...', Array)
#3 C:/Users/ASUS/Downloads/ProjekS2P_DashboardBoiler-main/ProjekS2P_DashboardBoiler-main/vendor/laravel/framework/src/Illuminate/Database/Query/Builder.php(4520): Illuminate/Database/Connection->delete('delete from \"ca...', Array)
#4 C:/Users/ASUS/Downloads/ProjekS2P_DashboardBoiler-main/ProjekS2P_DashboardBoiler-main/vendor/laravel/framework/src/Illuminate/Cache/DatabaseStore.php(450): Illuminate/Database/Query/Builder->delete()
#5 C:/Users/ASUS/Downloads/ProjekS2P_DashboardBoiler-main/ProjekS2P_DashboardBoiler-main/vendor/laravel/framework/src/Illuminate/Cache/Repository.php(1070): Illuminate/Cache/DatabaseStore->flush()
#6 C:/Users/ASUS/Downloads/ProjekS2P_DashboardBoiler-main/ProjekS2P_DashboardBoiler-main/vendor/laravel/framework/src/Illuminate/Cache/Console/ClearCommand.php(80): Illuminate/Cache/Repository->__call('flush', Array)
#7 C:/Users/ASUS/Downloads/ProjekS2P_DashboardBoiler-main/ProjekS2P_DashboardBoiler-main/vendor/laravel/framework/src/Illuminate/Container/BoundMethod.php(36): Illuminate/Cache/Console/ClearCommand->handle()
#8 C:/Users/ASUS/Downloads/ProjekS2P_DashboardBoiler-main/ProjekS2P_DashboardBoiler-main/vendor/laravel/framework/src/Illuminate/Container/Util.php(43): Illuminate/Container/BoundMethod::{closure:Illuminate/Container/BoundMethod::call():35}()
#9 C:/Users/ASUS/Downloads/ProjekS2P_DashboardBoiler-main/ProjekS2P_DashboardBoiler-main/vendor/laravel/framework/src/Illuminate/Container/BoundMethod.php(96): Illuminate/Container/Util::unwrapIfClosure(Object(Closure))
#10 C:/Users/ASUS/Downloads/ProjekS2P_DashboardBoiler-main/ProjekS2P_DashboardBoiler-main/vendor/laravel/framework/src/Illuminate/Container/BoundMethod.php(35): Illuminate/Container/BoundMethod::callBoundMethod(Object(Illuminate/Foundation/Application), Array, Object(Closure))
#11 C:/Users/ASUS/Downloads/ProjekS2P_DashboardBoiler-main/ProjekS2P_DashboardBoiler-main/vendor/laravel/framework/src/Illuminate/Container/Container.php(799): Illuminate/Container/BoundMethod::call(Object(Illuminate/Foundation/Application), Array, Array, NULL)
#12 C:/Users/ASUS/Downloads/ProjekS2P_DashboardBoiler-main/ProjekS2P_DashboardBoiler-main/vendor/laravel/framework/src/Illuminate/Console/Command.php(280): Illuminate/Container/Container->call(Array)
#13 C:/Users/ASUS/Downloads/ProjekS2P_DashboardBoiler-main/ProjekS2P_DashboardBoiler-main/vendor/symfony/console/Command/Command.php(341): Illuminate/Console/Command->execute(Object(Symfony/Component/Console/Input/ArrayInput), Object(Laravel/Pao/Laravel/PaoOutputStyle))
#14 C:/Users/ASUS/Downloads/ProjekS2P_DashboardBoiler-main/ProjekS2P_DashboardBoiler-main/vendor/laravel/framework/src/Illuminate/Console/Command.php(249): Symfony/Component/Console/Command/Command->run(Object(Symfony/Component/Console/Input/ArrayInput), Object(Laravel/Pao/Laravel/PaoOutputStyle))
#15 C:/Users/ASUS/Downloads/ProjekS2P_DashboardBoiler-main/ProjekS2P_DashboardBoiler-main/vendor/laravel/framework/src/Illuminate/Console/Concerns/CallsCommands.php(68): Illuminate/Console/Command->run(Object(Symfony/Component/Console/Input/ArrayInput), Object(Symfony/Component/Console/Output/NullOutput))
#16 C:/Users/ASUS/Downloads/ProjekS2P_DashboardBoiler-main/ProjekS2P_DashboardBoiler-main/vendor/laravel/framework/src/Illuminate/Console/Concerns/CallsCommands.php(41): Illuminate/Console/Command->runCommand('cache:clear', Array, Object(Symfony/Component/Console/Output/NullOutput))
#17 C:/Users/ASUS/Downloads/ProjekS2P_DashboardBoiler-main/ProjekS2P_DashboardBoiler-main/vendor/laravel/framework/src/Illuminate/Console/Concerns/CallsCommands.php(53): Illuminate/Console/Command->callSilent('cache:clear', Array)
#18 C:/Users/ASUS/Downloads/ProjekS2P_DashboardBoiler-main/ProjekS2P_DashboardBoiler-main/vendor/laravel/framework/src/Illuminate/Foundation/Console/OptimizeClearCommand.php(48): Illuminate/Console/Command->callSilently('cache:clear')
#19 C:/Users/ASUS/Downloads/ProjekS2P_DashboardBoiler-main/ProjekS2P_DashboardBoiler-main/vendor/laravel/framework/src/Illuminate/Console/View/Components/Task.php(43): Illuminate/Foundation/Console/OptimizeClearCommand->{closure:Illuminate/Foundation/Console/OptimizeClearCommand::handle():48}()
#20 C:/Users/ASUS/Downloads/ProjekS2P_DashboardBoiler-main/ProjekS2P_DashboardBoiler-main/vendor/laravel/framework/src/Illuminate/Console/View/Components/Factory.php(59): Illuminate/Console/View/Components/Task->render('cache', Object(Closure))
#21 C:/Users/ASUS/Downloads/ProjekS2P_DashboardBoiler-main/ProjekS2P_DashboardBoiler-main/vendor/laravel/framework/src/Illuminate/Foundation/Console/OptimizeClearCommand.php(48): Illuminate/Console/View/Components/Factory->__call('task', Array)
#22 C:/Users/ASUS/Downloads/ProjekS2P_DashboardBoiler-main/ProjekS2P_DashboardBoiler-main/vendor/laravel/framework/src/Illuminate/Container/BoundMethod.php(36): Illuminate/Foundation/Console/OptimizeClearCommand->handle()
#23 C:/Users/ASUS/Downloads/ProjekS2P_DashboardBoiler-main/ProjekS2P_DashboardBoiler-main/vendor/laravel/framework/src/Illuminate/Container/Util.php(43): Illuminate/Container/BoundMethod::{closure:Illuminate/Container/BoundMethod::call():35}()
#24 C:/Users/ASUS/Downloads/ProjekS2P_DashboardBoiler-main/ProjekS2P_DashboardBoiler-main/vendor/laravel/framework/src/Illuminate/Container/BoundMethod.php(96): Illuminate/Container/Util::unwrapIfClosure(Object(Closure))
#25 C:/Users/ASUS/Downloads/ProjekS2P_DashboardBoiler-main/ProjekS2P_DashboardBoiler-main/vendor/laravel/framework/src/Illuminate/Container/BoundMethod.php(35): Illuminate/Container/BoundMethod::callBoundMethod(Object(Illuminate/Foundation/Application), Array, Object(Closure))
#26 C:/Users/ASUS/Downloads/ProjekS2P_DashboardBoiler-main/ProjekS2P_DashboardBoiler-main/vendor/laravel/framework/src/Illuminate/Container/Container.php(799): Illuminate/Container/BoundMethod::call(Object(Illuminate/Foundation/Application), Array, Array, NULL)
#27 C:/Users/ASUS/Downloads/ProjekS2P_DashboardBoiler-main/ProjekS2P_DashboardBoiler-main/vendor/laravel/framework/src/Illuminate/Console/Command.php(280): Illuminate/Container/Container->call(Array)
#28 C:/Users/ASUS/Downloads/ProjekS2P_DashboardBoiler-main/ProjekS2P_DashboardBoiler-main/vendor/symfony/console/Command/Command.php(341): Illuminate/Console/Command->execute(Object(Symfony/Component/Console/Input/ArgvInput), Object(Laravel/Pao/Laravel/PaoOutputStyle))
#29 C:/Users/ASUS/Downloads/ProjekS2P_DashboardBoiler-main/ProjekS2P_DashboardBoiler-main/vendor/laravel/framework/src/Illuminate/Console/Command.php(249): Symfony/Component/Console/Command/Command->run(Object(Symfony/Component/Console/Input/ArgvInput), Object(Laravel/Pao/Laravel/PaoOutputStyle))
#30 C:/Users/ASUS/Downloads/ProjekS2P_DashboardBoiler-main/ProjekS2P_DashboardBoiler-main/vendor/symfony/console/Application.php(1117): Illuminate/Console/Command->run(Object(Symfony/Component/Console/Input/ArgvInput), Object(Symfony/Component/Console/Output/ConsoleOutput))
#31 C:/Users/ASUS/Downloads/ProjekS2P_DashboardBoiler-main/ProjekS2P_DashboardBoiler-main/vendor/symfony/console/Application.php(356): Symfony/Component/Console/Application->doRunCommand(Object(Illuminate/Foundation/Console/OptimizeClearCommand), Object(Symfony/Component/Console/Input/ArgvInput), Object(Symfony/Component/Console/Output/ConsoleOutput))
#32 C:/Users/ASUS/Downloads/ProjekS2P_DashboardBoiler-main/ProjekS2P_DashboardBoiler-main/vendor/symfony/console/Application.php(195): Symfony/Component/Console/Application->doRun(Object(Symfony/Component/Console/Input/ArgvInput), Object(Symfony/Component/Console/Output/ConsoleOutput))
#33 C:/Users/ASUS/Downloads/ProjekS2P_DashboardBoiler-main/ProjekS2P_DashboardBoiler-main/vendor/laravel/framework/src/Illuminate/Foundation/Console/Kernel.php(198): Symfony/Component/Console/Application->run(Object(Symfony/Component/Console/Input/ArgvInput), Object(Symfony/Component/Console/Output/ConsoleOutput))
#34 C:/Users/ASUS/Downloads/ProjekS2P_DashboardBoiler-main/ProjekS2P_DashboardBoiler-main/vendor/laravel/framework/src/Illuminate/Foundation/Application.php(1235): Illuminate/Foundation/Console/Kernel->handle(Object(Symfony/Component/Console/Input/ArgvInput), Object(Symfony/Component/Console/Output/ConsoleOutput))
#35 C:/Users/ASUS/Downloads/ProjekS2P_DashboardBoiler-main/ProjekS2P_DashboardBoiler-main/artisan(16): Illuminate/Foundation/Application->handleCommand(Object(Symfony/Component/Console/Input/ArgvInput))
#36 {main}

[previous exception] [object] (Illuminate\\Database\\SQLiteDatabaseDoesNotExistException(code: 0): Database file at path [C:\\Users\\ASUS\\Downloads\\ProjekS2P_DashboardBoiler-main\\ProjekS2P_DashboardBoiler-main\\database\\database.sqlite] does not exist. Ensure this is an absolute path to the database. at C:/Users/ASUS/Downloads/ProjekS2P_DashboardBoiler-main/ProjekS2P_DashboardBoiler-main/vendor/laravel/framework/src/Illuminate/Database/Connectors/SQLiteConnector.php:61)
[stacktrace]
#0 C:/Users/ASUS/Downloads/ProjekS2P_DashboardBoiler-main/ProjekS2P_DashboardBoiler-main/vendor/laravel/framework/src/Illuminate/Database/Connectors/SQLiteConnector.php(19): Illuminate/Database/Connectors/SQLiteConnector->parseDatabasePath(false)
#1 C:/Users/ASUS/Downloads/ProjekS2P_DashboardBoiler-main/ProjekS2P_DashboardBoiler-main/vendor/laravel/framework/src/Illuminate/Database/Connectors/ConnectionFactory.php(259): Illuminate/Database/Connectors/SQLiteConnector->connect(Array)
#2 [internal function]: Illuminate/Database/Connectors/ConnectionFactory->{closure:Illuminate/Database/Connectors/ConnectionFactory::createPdoResolverWithoutHosts():259}()
#3 C:/Users/ASUS/Downloads/ProjekS2P_DashboardBoiler-main/ProjekS2P_DashboardBoiler-main/vendor/laravel/framework/src/Illuminate/Database/Connection.php(1297): call_user_func(Object(Closure))
#4 C:/Users/ASUS/Downloads/ProjekS2P_DashboardBoiler-main/ProjekS2P_DashboardBoiler-main/vendor/laravel/framework/src/Illuminate/Database/Connection.php(622): Illuminate/Database/Connection->getPdo()
#5 C:/Users/ASUS/Downloads/ProjekS2P_DashboardBoiler-main/ProjekS2P_DashboardBoiler-main/vendor/laravel/framework/src/Illuminate/Database/Connection.php(846): Illuminate/Database/Connection->{closure:Illuminate/Database/Connection::affectingStatement():614}('delete from \"ca...', Array)
#6 C:/Users/ASUS/Downloads/ProjekS2P_DashboardBoiler-main/ProjekS2P_DashboardBoiler-main/vendor/laravel/framework/src/Illuminate/Database/Connection.php(813): Illuminate/Database/Connection->runQueryCallback('delete from \"ca...', Array, Object(Closure))
#7 C:/Users/ASUS/Downloads/ProjekS2P_DashboardBoiler-main/ProjekS2P_DashboardBoiler-main/vendor/laravel/framework/src/Illuminate/Database/Connection.php(614): Illuminate/Database/Connection->run('delete from \"ca...', Array, Object(Closure))
#8 C:/Users/ASUS/Downloads/ProjekS2P_DashboardBoiler-main/ProjekS2P_DashboardBoiler-main/vendor/laravel/framework/src/Illuminate/Database/Connection.php(578): Illuminate/Database/Connection->affectingStatement('delete from \"ca...', Array)
#9 C:/Users/ASUS/Downloads/ProjekS2P_DashboardBoiler-main/ProjekS2P_DashboardBoiler-main/vendor/laravel/framework/src/Illuminate/Database/Query/Builder.php(4520): Illuminate/Database/Connection->delete('delete from \"ca...', Array)
#10 C:/Users/ASUS/Downloads/ProjekS2P_DashboardBoiler-main/ProjekS2P_DashboardBoiler-main/vendor/laravel/framework/src/Illuminate/Cache/DatabaseStore.php(450): Illuminate/Database/Query/Builder->delete()
#11 C:/Users/ASUS/Downloads/ProjekS2P_DashboardBoiler-main/ProjekS2P_DashboardBoiler-main/vendor/laravel/framework/src/Illuminate/Cache/Repository.php(1070): Illuminate/Cache/DatabaseStore->flush()
#12 C:/Users/ASUS/Downloads/ProjekS2P_DashboardBoiler-main/ProjekS2P_DashboardBoiler-main/vendor/laravel/framework/src/Illuminate/Cache/Console/ClearCommand.php(80): Illuminate/Cache/Repository->__call('flush', Array)
#13 C:/Users/ASUS/Downloads/ProjekS2P_DashboardBoiler-main/ProjekS2P_DashboardBoiler-main/vendor/laravel/framework/src/Illuminate/Container/BoundMethod.php(36): Illuminate/Cache/Console/ClearCommand->handle()
#14 C:/Users/ASUS/Downloads/ProjekS2P_DashboardBoiler-main/ProjekS2P_DashboardBoiler-main/vendor/laravel/framework/src/Illuminate/Container/Util.php(43): Illuminate/Container/BoundMethod::{closure:Illuminate/Container/BoundMethod::call():35}()
#15 C:/Users/ASUS/Downloads/ProjekS2P_DashboardBoiler-main/ProjekS2P_DashboardBoiler-main/vendor/laravel/framework/src/Illuminate/Container/BoundMethod.php(96): Illuminate/Container/Util::unwrapIfClosure(Object(Closure))
#16 C:/Users/ASUS/Downloads/ProjekS2P_DashboardBoiler-main/ProjekS2P_DashboardBoiler-main/vendor/laravel/framework/src/Illuminate/Container/BoundMethod.php(35): Illuminate/Container/BoundMethod::callBoundMethod(Object(Illuminate/Foundation/Application), Array, Object(Closure))
#17 C:/Users/ASUS/Downloads/ProjekS2P_DashboardBoiler-main/ProjekS2P_DashboardBoiler-main/vendor/laravel/framework/src/Illuminate/Container/Container.php(799): Illuminate/Container/BoundMethod::call(Object(Illuminate/Foundation/Application), Array, Array, NULL)
#18 C:/Users/ASUS/Downloads/ProjekS2P_DashboardBoiler-main/ProjekS2P_DashboardBoiler-main/vendor/laravel/framework/src/Illuminate/Console/Command.php(280): Illuminate/Container/Container->call(Array)
#19 C:/Users/ASUS/Downloads/ProjekS2P_DashboardBoiler-main/ProjekS2P_DashboardBoiler-main/vendor/symfony/console/Command/Command.php(341): Illuminate/Console/Command->execute(Object(Symfony/Component/Console/Input/ArrayInput), Object(Laravel/Pao/Laravel/PaoOutputStyle))
#20 C:/Users/ASUS/Downloads/ProjekS2P_DashboardBoiler-main/ProjekS2P_DashboardBoiler-main/vendor/laravel/framework/src/Illuminate/Console/Command.php(249): Symfony/Component/Console/Command/Command->run(Object(Symfony/Component/Console/Input/ArrayInput), Object(Laravel/Pao/Laravel/PaoOutputStyle))
#21 C:/Users/ASUS/Downloads/ProjekS2P_DashboardBoiler-main/ProjekS2P_DashboardBoiler-main/vendor/laravel/framework/src/Illuminate/Console/Concerns/CallsCommands.php(68): Illuminate/Console/Command->run(Object(Symfony/Component/Console/Input/ArrayInput), Object(Symfony/Component/Console/Output/NullOutput))
#22 C:/Users/ASUS/Downloads/ProjekS2P_DashboardBoiler-main/ProjekS2P_DashboardBoiler-main/vendor/laravel/framework/src/Illuminate/Console/Concerns/CallsCommands.php(41): Illuminate/Console/Command->runCommand('cache:clear', Array, Object(Symfony/Component/Console/Output/NullOutput))
#23 C:/Users/ASUS/Downloads/ProjekS2P_DashboardBoiler-main/ProjekS2P_DashboardBoiler-main/vendor/laravel/framework/src/Illuminate/Console/Concerns/CallsCommands.php(53): Illuminate/Console/Command->callSilent('cache:clear', Array)
#24 C:/Users/ASUS/Downloads/ProjekS2P_DashboardBoiler-main/ProjekS2P_DashboardBoiler-main/vendor/laravel/framework/src/Illuminate/Foundation/Console/OptimizeClearCommand.php(48): Illuminate/Console/Command->callSilently('cache:clear')
#25 C:/Users/ASUS/Downloads/ProjekS2P_DashboardBoiler-main/ProjekS2P_DashboardBoiler-main/vendor/laravel/framework/src/Illuminate/Console/View/Components/Task.php(43): Illuminate/Foundation/Console/OptimizeClearCommand->{closure:Illuminate/Foundation/Console/OptimizeClearCommand::handle():48}()
#26 C:/Users/ASUS/Downloads/ProjekS2P_DashboardBoiler-main/ProjekS2P_DashboardBoiler-main/vendor/laravel/framework/src/Illuminate/Console/View/Components/Factory.php(59): Illuminate/Console/View/Components/Task->render('cache', Object(Closure))
#27 C:/Users/ASUS/Downloads/ProjekS2P_DashboardBoiler-main/ProjekS2P_DashboardBoiler-main/vendor/laravel/framework/src/Illuminate/Foundation/Console/OptimizeClearCommand.php(48): Illuminate/Console/View/Components/Factory->__call('task', Array)
#28 C:/Users/ASUS/Downloads/ProjekS2P_DashboardBoiler-main/ProjekS2P_DashboardBoiler-main/vendor/laravel/framework/src/Illuminate/Container/BoundMethod.php(36): Illuminate/Foundation/Console/OptimizeClearCommand->handle()
#29 C:/Users/ASUS/Downloads/ProjekS2P_DashboardBoiler-main/ProjekS2P_DashboardBoiler-main/vendor/laravel/framework/src/Illuminate/Container/Util.php(43): Illuminate/Container/BoundMethod::{closure:Illuminate/Container/BoundMethod::call():35}()
#30 C:/Users/ASUS/Downloads/ProjekS2P_DashboardBoiler-main/ProjekS2P_DashboardBoiler-main/vendor/laravel/framework/src/Illuminate/Container/BoundMethod.php(96): Illuminate/Container/Util::unwrapIfClosure(Object(Closure))
#31 C:/Users/ASUS/Downloads/ProjekS2P_DashboardBoiler-main/ProjekS2P_DashboardBoiler-main/vendor/laravel/framework/src/Illuminate/Container/BoundMethod.php(35): Illuminate/Container/BoundMethod::callBoundMethod(Object(Illuminate/Foundation/Application), Array, Object(Closure))
#32 C:/Users/ASUS/Downloads/ProjekS2P_DashboardBoiler-main/ProjekS2P_DashboardBoiler-main/vendor/laravel/framework/src/Illuminate/Container/Container.php(799): Illuminate/Container/BoundMethod::call(Object(Illuminate/Foundation/Application), Array, Array, NULL)
#33 C:/Users/ASUS/Downloads/ProjekS2P_DashboardBoiler-main/ProjekS2P_DashboardBoiler-main/vendor/laravel/framework/src/Illuminate/Console/Command.php(280): Illuminate/Container/Container->call(Array)
#34 C:/Users/ASUS/Downloads/ProjekS2P_DashboardBoiler-main/ProjekS2P_DashboardBoiler-main/vendor/symfony/console/Command/Command.php(341): Illuminate/Console/Command->execute(Object(Symfony/Component/Console/Input/ArgvInput), Object(Laravel/Pao/Laravel/PaoOutputStyle))
#35 C:/Users/ASUS/Downloads/ProjekS2P_DashboardBoiler-main/ProjekS2P_DashboardBoiler-main/vendor/laravel/framework/src/Illuminate/Console/Command.php(249): Symfony/Component/Console/Command/Command->run(Object(Symfony/Component/Console/Input/ArgvInput), Object(Laravel/Pao/Laravel/PaoOutputStyle))
#36 C:/Users/ASUS/Downloads/ProjekS2P_DashboardBoiler-main/ProjekS2P_DashboardBoiler-main/vendor/symfony/console/Application.php(1117): Illuminate/Console/Command->run(Object(Symfony/Component/Console/Input/ArgvInput), Object(Symfony/Component/Console/Output/ConsoleOutput))
#37 C:/Users/ASUS/Downloads/ProjekS2P_DashboardBoiler-main/ProjekS2P_DashboardBoiler-main/vendor/symfony/console/Application.php(356): Symfony/Component/Console/Application->doRunCommand(Object(Illuminate/Foundation/Console/OptimizeClearCommand), Object(Symfony/Component/Console/Input/ArgvInput), Object(Symfony/Component/Console/Output/ConsoleOutput))
#38 C:/Users/ASUS/Downloads/ProjekS2P_DashboardBoiler-main/ProjekS2P_DashboardBoiler-main/vendor/symfony/console/Application.php(195): Symfony/Component/Console/Application->doRun(Object(Symfony/Component/Console/Input/ArgvInput), Object(Symfony/Component/Console/Output/ConsoleOutput))
#39 C:/Users/ASUS/Downloads/ProjekS2P_DashboardBoiler-main/ProjekS2P_DashboardBoiler-main/vendor/laravel/framework/src/Illuminate/Foundation/Console/Kernel.php(198): Symfony/Component/Console/Application->run(Object(Symfony/Component/Console/Input/ArgvInput), Object(Symfony/Component/Console/Output/ConsoleOutput))
#40 C:/Users/ASUS/Downloads/ProjekS2P_DashboardBoiler-main/ProjekS2P_DashboardBoiler-main/vendor/laravel/framework/src/Illuminate/Foundation/Application.php(1235): Illuminate/Foundation/Console/Kernel->handle(Object(Symfony/Component/Console/Input/ArgvInput), Object(Symfony/Component/Console/Output/ConsoleOutput))
#41 C:/Users/ASUS/Downloads/ProjekS2P_DashboardBoiler-main/ProjekS2P_DashboardBoiler-main/artisan(16): Illuminate/Foundation/Application->handleCommand(Object(Symfony/Component/Console/Input/ArgvInput))
#42 {main}
"} 
[2026-07-24 04:01:11] production.ERROR: Database file at path [C:\Users\ASUS\Downloads\ProjekS2P_DashboardBoiler-main\ProjekS2P_DashboardBoiler-main\database\database.sqlite] does not exist. Ensure this is an absolute path to the database. (Connection: sqlite, Database: C:\Users\ASUS\Downloads\ProjekS2P_DashboardBoiler-main\ProjekS2P_DashboardBoiler-main\database\database.sqlite, SQL: select * from "users" where ("email" = ssprimadaya.co.id) limit 1) {"exception":"[object] (Illuminate\\Database\\QueryException(code: 0): Database file at path [C:\\Users\\ASUS\\Downloads\\ProjekS2P_DashboardBoiler-main\\ProjekS2P_DashboardBoiler-main\\database\\database.sqlite] does not exist. Ensure this is an absolute path to the database. (Connection: sqlite, Database: C:\\Users\\ASUS\\Downloads\\ProjekS2P_DashboardBoiler-main\\ProjekS2P_DashboardBoiler-main\\database\\database.sqlite, SQL: select * from \"users\" where (\"email\" = ssprimadaya.co.id) limit 1) at C:/Users/ASUS/Downloads/ProjekS2P_DashboardBoiler-main/ProjekS2P_DashboardBoiler-main/vendor/laravel/framework/src/Illuminate/Database/Connection.php:857)
[stacktrace]
#0 C:/Users/ASUS/Downloads/ProjekS2P_DashboardBoiler-main/ProjekS2P_DashboardBoiler-main/vendor/laravel/framework/src/Illuminate/Database/Connection.php(813): Illuminate/Database/Connection->runQueryCallback('select * from \"...', Array, Object(Closure))
#1 C:/Users/ASUS/Downloads/ProjekS2P_DashboardBoiler-main/ProjekS2P_DashboardBoiler-main/vendor/laravel/framework/src/Illuminate/Database/Connection.php(426): Illuminate/Database/Connection->run('select * from \"...', Array, Object(Closure))
#2 C:/Users/ASUS/Downloads/ProjekS2P_DashboardBoiler-main/ProjekS2P_DashboardBoiler-main/vendor/laravel/framework/src/Illuminate/Database/Query/Builder.php(3573): Illuminate/Database/Connection->select('select * from \"...', Array, true, Array)
#3 C:/Users/ASUS/Downloads/ProjekS2P_DashboardBoiler-main/ProjekS2P_DashboardBoiler-main/vendor/laravel/framework/src/Illuminate/Database/Query/Builder.php(3557): Illuminate/Database/Query/Builder->runSelect()
#4 C:/Users/ASUS/Downloads/ProjekS2P_DashboardBoiler-main/ProjekS2P_DashboardBoiler-main/vendor/laravel/framework/src/Illuminate/Database/Eloquent/Builder.php(908): Illuminate/Database/Query/Builder->get(Array)
#5 C:/Users/ASUS/Downloads/ProjekS2P_DashboardBoiler-main/ProjekS2P_DashboardBoiler-main/vendor/laravel/framework/src/Illuminate/Database/Eloquent/Builder.php(890): Illuminate/Database/Eloquent/Builder->getModels(Array)
#6 C:/Users/ASUS/Downloads/ProjekS2P_DashboardBoiler-main/ProjekS2P_DashboardBoiler-main/vendor/laravel/framework/src/Illuminate/Database/Concerns/BuildsQueries.php(366): Illuminate/Database/Eloquent/Builder->get(Array)
#7 C:/Users/ASUS/Downloads/ProjekS2P_DashboardBoiler-main/ProjekS2P_DashboardBoiler-main/vendor/laravel/framework/src/Illuminate/Database/Eloquent/Builder.php(712): Illuminate/Database/Eloquent/Builder->first()
#8 C:/Users/ASUS/Downloads/ProjekS2P_DashboardBoiler-main/ProjekS2P_DashboardBoiler-main/vendor/laravel/framework/src/Illuminate/Database/Eloquent/Builder.php(746): Illuminate/Database/Eloquent/Builder->firstOrCreate(Array, Array)
#9 C:/Users/ASUS/Downloads/ProjekS2P_DashboardBoiler-main/ProjekS2P_DashboardBoiler-main/vendor/laravel/framework/src/Illuminate/Support/Traits/ForwardsCalls.php(23): Illuminate/Database/Eloquent/Builder->updateOrCreate(Array, Array)
#10 C:/Users/ASUS/Downloads/ProjekS2P_DashboardBoiler-main/ProjekS2P_DashboardBoiler-main/vendor/laravel/framework/src/Illuminate/Database/Eloquent/Model.php(2831): Illuminate/Database/Eloquent/Model->forwardCallTo(Object(Illuminate/Database/Eloquent/Builder), 'updateOrCreate', Array)
#11 C:/Users/ASUS/Downloads/ProjekS2P_DashboardBoiler-main/ProjekS2P_DashboardBoiler-main/vendor/laravel/framework/src/Illuminate/Database/Eloquent/Model.php(2847): Illuminate/Database/Eloquent/Model->__call('updateOrCreate', Array)
#12 C:/Users/ASUS/Downloads/ProjekS2P_DashboardBoiler-main/ProjekS2P_DashboardBoiler-main/database/seeders/DatabaseSeeder.php(13): Illuminate/Database/Eloquent/Model::__callStatic('updateOrCreate', Array)
#13 C:/Users/ASUS/Downloads/ProjekS2P_DashboardBoiler-main/ProjekS2P_DashboardBoiler-main/vendor/laravel/framework/src/Illuminate/Container/BoundMethod.php(36): Database/Seeders/DatabaseSeeder->run()
#14 C:/Users/ASUS/Downloads/ProjekS2P_DashboardBoiler-main/ProjekS2P_DashboardBoiler-main/vendor/laravel/framework/src/Illuminate/Container/Util.php(43): Illuminate/Container/BoundMethod::{closure:Illuminate/Container/BoundMethod::call():35}()
#15 C:/Users/ASUS/Downloads/ProjekS2P_DashboardBoiler-main/ProjekS2P_DashboardBoiler-main/vendor/laravel/framework/src/Illuminate/Container/BoundMethod.php(96): Illuminate/Container/Util::unwrapIfClosure(Object(Closure))
#16 C:/Users/ASUS/Downloads/ProjekS2P_DashboardBoiler-main/ProjekS2P_DashboardBoiler-main/vendor/laravel/framework/src/Illuminate/Container/BoundMethod.php(35): Illuminate/Container/BoundMethod::callBoundMethod(Object(Illuminate/Foundation/Application), Array, Object(Closure))
#17 C:/Users/ASUS/Downloads/ProjekS2P_DashboardBoiler-main/ProjekS2P_DashboardBoiler-main/vendor/laravel/framework/src/Illuminate/Container/Container.php(799): Illuminate/Container/BoundMethod::call(Object(Illuminate/Foundation/Application), Array, Array, NULL)
#18 C:/Users/ASUS/Downloads/ProjekS2P_DashboardBoiler-main/ProjekS2P_DashboardBoiler-main/vendor/laravel/framework/src/Illuminate/Database/Seeder.php(184): Illuminate/Container/Container->call(Array, Array)
#19 C:/Users/ASUS/Downloads/ProjekS2P_DashboardBoiler-main/ProjekS2P_DashboardBoiler-main/vendor/laravel/framework/src/Illuminate/Database/Seeder.php(191): Illuminate/Database/Seeder->{closure:Illuminate/Database/Seeder::__invoke():183}()
#20 C:/Users/ASUS/Downloads/ProjekS2P_DashboardBoiler-main/ProjekS2P_DashboardBoiler-main/vendor/laravel/framework/src/Illuminate/Database/Console/Seeds/SeedCommand.php(71): Illuminate/Database/Seeder->__invoke()
#21 C:/Users/ASUS/Downloads/ProjekS2P_DashboardBoiler-main/ProjekS2P_DashboardBoiler-main/vendor/laravel/framework/src/Illuminate/Database/Eloquent/Concerns/GuardsAttributes.php(185): Illuminate/Database/Console/Seeds/SeedCommand->{closure:Illuminate/Database/Console/Seeds/SeedCommand::handle():70}()
#22 C:/Users/ASUS/Downloads/ProjekS2P_DashboardBoiler-main/ProjekS2P_DashboardBoiler-main/vendor/laravel/framework/src/Illuminate/Database/Console/Seeds/SeedCommand.php(70): Illuminate/Database/Eloquent/Model::unguarded(Object(Closure))
#23 C:/Users/ASUS/Downloads/ProjekS2P_DashboardBoiler-main/ProjekS2P_DashboardBoiler-main/vendor/laravel/framework/src/Illuminate/Container/BoundMethod.php(36): Illuminate/Database/Console/Seeds/SeedCommand->handle()
#24 C:/Users/ASUS/Downloads/ProjekS2P_DashboardBoiler-main/ProjekS2P_DashboardBoiler-main/vendor/laravel/framework/src/Illuminate/Container/Util.php(43): Illuminate/Container/BoundMethod::{closure:Illuminate/Container/BoundMethod::call():35}()
#25 C:/Users/ASUS/Downloads/ProjekS2P_DashboardBoiler-main/ProjekS2P_DashboardBoiler-main/vendor/laravel/framework/src/Illuminate/Container/BoundMethod.php(96): Illuminate/Container/Util::unwrapIfClosure(Object(Closure))
#26 C:/Users/ASUS/Downloads/ProjekS2P_DashboardBoiler-main/ProjekS2P_DashboardBoiler-main/vendor/laravel/framework/src/Illuminate/Container/BoundMethod.php(35): Illuminate/Container/BoundMethod::callBoundMethod(Object(Illuminate/Foundation/Application), Array, Object(Closure))
#27 C:/Users/ASUS/Downloads/ProjekS2P_DashboardBoiler-main/ProjekS2P_DashboardBoiler-main/vendor/laravel/framework/src/Illuminate/Container/Container.php(799): Illuminate/Container/BoundMethod::call(Object(Illuminate/Foundation/Application), Array, Array, NULL)
#28 C:/Users/ASUS/Downloads/ProjekS2P_DashboardBoiler-main/ProjekS2P_DashboardBoiler-main/vendor/laravel/framework/src/Illuminate/Console/Command.php(280): Illuminate/Container/Container->call(Array)
#29 C:/Users/ASUS/Downloads/ProjekS2P_DashboardBoiler-main/ProjekS2P_DashboardBoiler-main/vendor/symfony/console/Command/Command.php(341): Illuminate/Console/Command->execute(Object(Symfony/Component/Console/Input/ArgvInput), Object(Laravel/Pao/Laravel/PaoOutputStyle))
#30 C:/Users/ASUS/Downloads/ProjekS2P_DashboardBoiler-main/ProjekS2P_DashboardBoiler-main/vendor/laravel/framework/src/Illuminate/Console/Command.php(249): Symfony/Component/Console/Command/Command->run(Object(Symfony/Component/Console/Input/ArgvInput), Object(Laravel/Pao/Laravel/PaoOutputStyle))
#31 C:/Users/ASUS/Downloads/ProjekS2P_DashboardBoiler-main/ProjekS2P_DashboardBoiler-main/vendor/symfony/console/Application.php(1117): Illuminate/Console/Command->run(Object(Symfony/Component/Console/Input/ArgvInput), Object(Symfony/Component/Console/Output/ConsoleOutput))
#32 C:/Users/ASUS/Downloads/ProjekS2P_DashboardBoiler-main/ProjekS2P_DashboardBoiler-main/vendor/symfony/console/Application.php(356): Symfony/Component/Console/Application->doRunCommand(Object(Illuminate/Database/Console/Seeds/SeedCommand), Object(Symfony/Component/Console/Input/ArgvInput), Object(Symfony/Component/Console/Output/ConsoleOutput))
#33 C:/Users/ASUS/Downloads/ProjekS2P_DashboardBoiler-main/ProjekS2P_DashboardBoiler-main/vendor/symfony/console/Application.php(195): Symfony/Component/Console/Application->doRun(Object(Symfony/Component/Console/Input/ArgvInput), Object(Symfony/Component/Console/Output/ConsoleOutput))
#34 C:/Users/ASUS/Downloads/ProjekS2P_DashboardBoiler-main/ProjekS2P_DashboardBoiler-main/vendor/laravel/framework/src/Illuminate/Foundation/Console/Kernel.php(198): Symfony/Component/Console/Application->run(Object(Symfony/Component/Console/Input/ArgvInput), Object(Symfony/Component/Console/Output/ConsoleOutput))
#35 C:/Users/ASUS/Downloads/ProjekS2P_DashboardBoiler-main/ProjekS2P_DashboardBoiler-main/vendor/laravel/framework/src/Illuminate/Foundation/Application.php(1235): Illuminate/Foundation/Console/Kernel->handle(Object(Symfony/Component/Console/Input/ArgvInput), Object(Symfony/Component/Console/Output/ConsoleOutput))
#36 C:/Users/ASUS/Downloads/ProjekS2P_DashboardBoiler-main/ProjekS2P_DashboardBoiler-main/artisan(16): Illuminate/Foundation/Application->handleCommand(Object(Symfony/Component/Console/Input/ArgvInput))
#37 {main}

[previous exception] [object] (Illuminate\\Database\\SQLiteDatabaseDoesNotExistException(code: 0): Database file at path [C:\\Users\\ASUS\\Downloads\\ProjekS2P_DashboardBoiler-main\\ProjekS2P_DashboardBoiler-main\\database\\database.sqlite] does not exist. Ensure this is an absolute path to the database. at C:/Users/ASUS/Downloads/ProjekS2P_DashboardBoiler-main/ProjekS2P_DashboardBoiler-main/vendor/laravel/framework/src/Illuminate/Database/Connectors/SQLiteConnector.php:61)
[stacktrace]
#0 C:/Users/ASUS/Downloads/ProjekS2P_DashboardBoiler-main/ProjekS2P_DashboardBoiler-main/vendor/laravel/framework/src/Illuminate/Database/Connectors/SQLiteConnector.php(19): Illuminate/Database/Connectors/SQLiteConnector->parseDatabasePath(false)
#1 C:/Users/ASUS/Downloads/ProjekS2P_DashboardBoiler-main/ProjekS2P_DashboardBoiler-main/vendor/laravel/framework/src/Illuminate/Database/Connectors/ConnectionFactory.php(259): Illuminate/Database/Connectors/SQLiteConnector->connect(Array)
#2 [internal function]: Illuminate/Database/Connectors/ConnectionFactory->{closure:Illuminate/Database/Connectors/ConnectionFactory::createPdoResolverWithoutHosts():259}()
#3 C:/Users/ASUS/Downloads/ProjekS2P_DashboardBoiler-main/ProjekS2P_DashboardBoiler-main/vendor/laravel/framework/src/Illuminate/Database/Connection.php(1297): call_user_func(Object(Closure))
#4 C:/Users/ASUS/Downloads/ProjekS2P_DashboardBoiler-main/ProjekS2P_DashboardBoiler-main/vendor/laravel/framework/src/Illuminate/Database/Connection.php(1335): Illuminate/Database/Connection->getPdo()
#5 C:/Users/ASUS/Downloads/ProjekS2P_DashboardBoiler-main/ProjekS2P_DashboardBoiler-main/vendor/laravel/framework/src/Illuminate/Database/Connection.php(542): Illuminate/Database/Connection->getReadPdo()
#6 C:/Users/ASUS/Downloads/ProjekS2P_DashboardBoiler-main/ProjekS2P_DashboardBoiler-main/vendor/laravel/framework/src/Illuminate/Database/Connection.php(435): Illuminate/Database/Connection->getPdoForSelect(true)
#7 C:/Users/ASUS/Downloads/ProjekS2P_DashboardBoiler-main/ProjekS2P_DashboardBoiler-main/vendor/laravel/framework/src/Illuminate/Database/Connection.php(846): Illuminate/Database/Connection->{closure:Illuminate/Database/Connection::select():426}('select * from \"...', Array)
#8 C:/Users/ASUS/Downloads/ProjekS2P_DashboardBoiler-main/ProjekS2P_DashboardBoiler-main/vendor/laravel/framework/src/Illuminate/Database/Connection.php(813): Illuminate/Database/Connection->runQueryCallback('select * from \"...', Array, Object(Closure))
#9 C:/Users/ASUS/Downloads/ProjekS2P_DashboardBoiler-main/ProjekS2P_DashboardBoiler-main/vendor/laravel/framework/src/Illuminate/Database/Connection.php(426): Illuminate/Database/Connection->run('select * from \"...', Array, Object(Closure))
#10 C:/Users/ASUS/Downloads/ProjekS2P_DashboardBoiler-main/ProjekS2P_DashboardBoiler-main/vendor/laravel/framework/src/Illuminate/Database/Query/Builder.php(3573): Illuminate/Database/Connection->select('select * from \"...', Array, true, Array)
#11 C:/Users/ASUS/Downloads/ProjekS2P_DashboardBoiler-main/ProjekS2P_DashboardBoiler-main/vendor/laravel/framework/src/Illuminate/Database/Query/Builder.php(3557): Illuminate/Database/Query/Builder->runSelect()
#12 C:/Users/ASUS/Downloads/ProjekS2P_DashboardBoiler-main/ProjekS2P_DashboardBoiler-main/vendor/laravel/framework/src/Illuminate/Database/Eloquent/Builder.php(908): Illuminate/Database/Query/Builder->get(Array)
#13 C:/Users/ASUS/Downloads/ProjekS2P_DashboardBoiler-main/ProjekS2P_DashboardBoiler-main/vendor/laravel/framework/src/Illuminate/Database/Eloquent/Builder.php(890): Illuminate/Database/Eloquent/Builder->getModels(Array)
#14 C:/Users/ASUS/Downloads/ProjekS2P_DashboardBoiler-main/ProjekS2P_DashboardBoiler-main/vendor/laravel/framework/src/Illuminate/Database/Concerns/BuildsQueries.php(366): Illuminate/Database/Eloquent/Builder->get(Array)
#15 C:/Users/ASUS/Downloads/ProjekS2P_DashboardBoiler-main/ProjekS2P_DashboardBoiler-main/vendor/laravel/framework/src/Illuminate/Database/Eloquent/Builder.php(712): Illuminate/Database/Eloquent/Builder->first()
#16 C:/Users/ASUS/Downloads/ProjekS2P_DashboardBoiler-main/ProjekS2P_DashboardBoiler-main/vendor/laravel/framework/src/Illuminate/Database/Eloquent/Builder.php(746): Illuminate/Database/Eloquent/Builder->firstOrCreate(Array, Array)
#17 C:/Users/ASUS/Downloads/ProjekS2P_DashboardBoiler-main/ProjekS2P_DashboardBoiler-main/vendor/laravel/framework/src/Illuminate/Support/Traits/ForwardsCalls.php(23): Illuminate/Database/Eloquent/Builder->updateOrCreate(Array, Array)
#18 C:/Users/ASUS/Downloads/ProjekS2P_DashboardBoiler-main/ProjekS2P_DashboardBoiler-main/vendor/laravel/framework/src/Illuminate/Database/Eloquent/Model.php(2831): Illuminate/Database/Eloquent/Model->forwardCallTo(Object(Illuminate/Database/Eloquent/Builder), 'updateOrCreate', Array)
#19 C:/Users/ASUS/Downloads/ProjekS2P_DashboardBoiler-main/ProjekS2P_DashboardBoiler-main/vendor/laravel/framework/src/Illuminate/Database/Eloquent/Model.php(2847): Illuminate/Database/Eloquent/Model->__call('updateOrCreate', Array)
#20 C:/Users/ASUS/Downloads/ProjekS2P_DashboardBoiler-main/ProjekS2P_DashboardBoiler-main/database/seeders/DatabaseSeeder.php(13): Illuminate/Database/Eloquent/Model::__callStatic('updateOrCreate', Array)
#21 C:/Users/ASUS/Downloads/ProjekS2P_DashboardBoiler-main/ProjekS2P_DashboardBoiler-main/vendor/laravel/framework/src/Illuminate/Container/BoundMethod.php(36): Database/Seeders/DatabaseSeeder->run()
#22 C:/Users/ASUS/Downloads/ProjekS2P_DashboardBoiler-main/ProjekS2P_DashboardBoiler-main/vendor/laravel/framework/src/Illuminate/Container/Util.php(43): Illuminate/Container/BoundMethod::{closure:Illuminate/Container/BoundMethod::call():35}()
#23 C:/Users/ASUS/Downloads/ProjekS2P_DashboardBoiler-main/ProjekS2P_DashboardBoiler-main/vendor/laravel/framework/src/Illuminate/Container/BoundMethod.php(96): Illuminate/Container/Util::unwrapIfClosure(Object(Closure))
#24 C:/Users/ASUS/Downloads/ProjekS2P_DashboardBoiler-main/ProjekS2P_DashboardBoiler-main/vendor/laravel/framework/src/Illuminate/Container/BoundMethod.php(35): Illuminate/Container/BoundMethod::callBoundMethod(Object(Illuminate/Foundation/Application), Array, Object(Closure))
#25 C:/Users/ASUS/Downloads/ProjekS2P_DashboardBoiler-main/ProjekS2P_DashboardBoiler-main/vendor/laravel/framework/src/Illuminate/Container/Container.php(799): Illuminate/Container/BoundMethod::call(Object(Illuminate/Foundation/Application), Array, Array, NULL)
#26 C:/Users/ASUS/Downloads/ProjekS2P_DashboardBoiler-main/ProjekS2P_DashboardBoiler-main/vendor/laravel/framework/src/Illuminate/Database/Seeder.php(184): Illuminate/Container/Container->call(Array, Array)
#27 C:/Users/ASUS/Downloads/ProjekS2P_DashboardBoiler-main/ProjekS2P_DashboardBoiler-main/vendor/laravel/framework/src/Illuminate/Database/Seeder.php(191): Illuminate/Database/Seeder->{closure:Illuminate/Database/Seeder::__invoke():183}()
#28 C:/Users/ASUS/Downloads/ProjekS2P_DashboardBoiler-main/ProjekS2P_DashboardBoiler-main/vendor/laravel/framework/src/Illuminate/Database/Console/Seeds/SeedCommand.php(71): Illuminate/Database/Seeder->__invoke()
#29 C:/Users/ASUS/Downloads/ProjekS2P_DashboardBoiler-main/ProjekS2P_DashboardBoiler-main/vendor/laravel/framework/src/Illuminate/Database/Eloquent/Concerns/GuardsAttributes.php(185): Illuminate/Database/Console/Seeds/SeedCommand->{closure:Illuminate/Database/Console/Seeds/SeedCommand::handle():70}()
#30 C:/Users/ASUS/Downloads/ProjekS2P_DashboardBoiler-main/ProjekS2P_DashboardBoiler-main/vendor/laravel/framework/src/Illuminate/Database/Console/Seeds/SeedCommand.php(70): Illuminate/Database/Eloquent/Model::unguarded(Object(Closure))
#31 C:/Users/ASUS/Downloads/ProjekS2P_DashboardBoiler-main/ProjekS2P_DashboardBoiler-main/vendor/laravel/framework/src/Illuminate/Container/BoundMethod.php(36): Illuminate/Database/Console/Seeds/SeedCommand->handle()
#32 C:/Users/ASUS/Downloads/ProjekS2P_DashboardBoiler-main/ProjekS2P_DashboardBoiler-main/vendor/laravel/framework/src/Illuminate/Container/Util.php(43): Illuminate/Container/BoundMethod::{closure:Illuminate/Container/BoundMethod::call():35}()
#33 C:/Users/ASUS/Downloads/ProjekS2P_DashboardBoiler-main/ProjekS2P_DashboardBoiler-main/vendor/laravel/framework/src/Illuminate/Container/BoundMethod.php(96): Illuminate/Container/Util::unwrapIfClosure(Object(Closure))
#34 C:/Users/ASUS/Downloads/ProjekS2P_DashboardBoiler-main/ProjekS2P_DashboardBoiler-main/vendor/laravel/framework/src/Illuminate/Container/BoundMethod.php(35): Illuminate/Container/BoundMethod::callBoundMethod(Object(Illuminate/Foundation/Application), Array, Object(Closure))
#35 C:/Users/ASUS/Downloads/ProjekS2P_DashboardBoiler-main/ProjekS2P_DashboardBoiler-main/vendor/laravel/framework/src/Illuminate/Container/Container.php(799): Illuminate/Container/BoundMethod::call(Object(Illuminate/Foundation/Application), Array, Array, NULL)
#36 C:/Users/ASUS/Downloads/ProjekS2P_DashboardBoiler-main/ProjekS2P_DashboardBoiler-main/vendor/laravel/framework/src/Illuminate/Console/Command.php(280): Illuminate/Container/Container->call(Array)
#37 C:/Users/ASUS/Downloads/ProjekS2P_DashboardBoiler-main/ProjekS2P_DashboardBoiler-main/vendor/symfony/console/Command/Command.php(341): Illuminate/Console/Command->execute(Object(Symfony/Component/Console/Input/ArgvInput), Object(Laravel/Pao/Laravel/PaoOutputStyle))
#38 C:/Users/ASUS/Downloads/ProjekS2P_DashboardBoiler-main/ProjekS2P_DashboardBoiler-main/vendor/laravel/framework/src/Illuminate/Console/Command.php(249): Symfony/Component/Console/Command/Command->run(Object(Symfony/Component/Console/Input/ArgvInput), Object(Laravel/Pao/Laravel/PaoOutputStyle))
#39 C:/Users/ASUS/Downloads/ProjekS2P_DashboardBoiler-main/ProjekS2P_DashboardBoiler-main/vendor/symfony/console/Application.php(1117): Illuminate/Console/Command->run(Object(Symfony/Component/Console/Input/ArgvInput), Object(Symfony/Component/Console/Output/ConsoleOutput))
#40 C:/Users/ASUS/Downloads/ProjekS2P_DashboardBoiler-main/ProjekS2P_DashboardBoiler-main/vendor/symfony/console/Application.php(356): Symfony/Component/Console/Application->doRunCommand(Object(Illuminate/Database/Console/Seeds/SeedCommand), Object(Symfony/Component/Console/Input/ArgvInput), Object(Symfony/Component/Console/Output/ConsoleOutput))
#41 C:/Users/ASUS/Downloads/ProjekS2P_DashboardBoiler-main/ProjekS2P_DashboardBoiler-main/vendor/symfony/console/Application.php(195): Symfony/Component/Console/Application->doRun(Object(Symfony/Component/Console/Input/ArgvInput), Object(Symfony/Component/Console/Output/ConsoleOutput))
#42 C:/Users/ASUS/Downloads/ProjekS2P_DashboardBoiler-main/ProjekS2P_DashboardBoiler-main/vendor/laravel/framework/src/Illuminate/Foundation/Console/Kernel.php(198): Symfony/Component/Console/Application->run(Object(Symfony/Component/Console/Input/ArgvInput), Object(Symfony/Component/Console/Output/ConsoleOutput))
#43 C:/Users/ASUS/Downloads/ProjekS2P_DashboardBoiler-main/ProjekS2P_DashboardBoiler-main/vendor/laravel/framework/src/Illuminate/Foundation/Application.php(1235): Illuminate/Foundation/Console/Kernel->handle(Object(Symfony/Component/Console/Input/ArgvInput), Object(Symfony/Component/Console/Output/ConsoleOutput))
#44 C:/Users/ASUS/Downloads/ProjekS2P_DashboardBoiler-main/ProjekS2P_DashboardBoiler-main/artisan(16): Illuminate/Foundation/Application->handleCommand(Object(Symfony/Component/Console/Input/ArgvInput))
#45 {main}
"} 
[2026-07-24 08:33:38] local.ERROR: View [layouts.dashboard] not found. (View: C:\Users\ASUS\Downloads\ProjekS2P_DashboardBoiler-main\ProjekS2P_DashboardBoiler-main\resources\views\dashboard.blade.php) {"exception":"[object] (Illuminate\\View\\ViewException(code: 0): View [layouts.dashboard] not found. (View: C:\\Users\\ASUS\\Downloads\\ProjekS2P_DashboardBoiler-main\\ProjekS2P_DashboardBoiler-main\\resources\\views\\dashboard.blade.php) at C:/Users/ASUS/Downloads/ProjekS2P_DashboardBoiler-main/ProjekS2P_DashboardBoiler-main/vendor/laravel/framework/src/Illuminate/View/FileViewFinder.php:138)
[stacktrace]
#0 C:/Users/ASUS/Downloads/ProjekS2P_DashboardBoiler-main/ProjekS2P_DashboardBoiler-main/vendor/laravel/framework/src/Illuminate/View/Engines/PhpEngine.php(59): Illuminate/View/Engines/CompilerEngine->handleViewException(Object(InvalidArgumentException), 1)
#1 C:/Users/ASUS/Downloads/ProjekS2P_DashboardBoiler-main/ProjekS2P_DashboardBoiler-main/vendor/laravel/framework/src/Illuminate/View/Engines/CompilerEngine.php(76): Illuminate/View/Engines/PhpEngine->evaluatePath('C://Users//ASUS//D...', Array)
#2 C:/Users/ASUS/Downloads/ProjekS2P_DashboardBoiler-main/ProjekS2P_DashboardBoiler-main/vendor/laravel/framework/src/Illuminate/View/View.php(208): Illuminate/View/Engines/CompilerEngine->get('C://Users//ASUS//D...', Array)
#3 C:/Users/ASUS/Downloads/ProjekS2P_DashboardBoiler-main/ProjekS2P_DashboardBoiler-main/vendor/laravel/framework/src/Illuminate/View/View.php(191): Illuminate/View/View->getContents()
#4 C:/Users/ASUS/Downloads/ProjekS2P_DashboardBoiler-main/ProjekS2P_DashboardBoiler-main/vendor/laravel/framework/src/Illuminate/View/View.php(160): Illuminate/View/View->renderContents()
#5 C:/Users/ASUS/Downloads/ProjekS2P_DashboardBoiler-main/ProjekS2P_DashboardBoiler-main/vendor/laravel/framework/src/Illuminate/Http/Response.php(82): Illuminate/View/View->render()
#6 C:/Users/ASUS/Downloads/ProjekS2P_DashboardBoiler-main/ProjekS2P_DashboardBoiler-main/vendor/laravel/framework/src/Illuminate/Http/Response.php(40): Illuminate/Http/Response->setContent(Object(Illuminate/View/View))
#7 C:/Users/ASUS/Downloads/ProjekS2P_DashboardBoiler-main/ProjekS2P_DashboardBoiler-main/vendor/laravel/framework/src/Illuminate/Routing/Router.php(939): Illuminate/Http/Response->__construct(Object(Illuminate/View/View), 200, Array)
#8 C:/Users/ASUS/Downloads/ProjekS2P_DashboardBoiler-main/ProjekS2P_DashboardBoiler-main/vendor/laravel/framework/src/Illuminate/Routing/Router.php(906): Illuminate/Routing/Router::toResponse(Object(Illuminate/Http/Request), Object(Illuminate/View/View))
#9 C:/Users/ASUS/Downloads/ProjekS2P_DashboardBoiler-main/ProjekS2P_DashboardBoiler-main/vendor/laravel/framework/src/Illuminate/Routing/Router.php(821): Illuminate/Routing/Router->prepareResponse(Object(Illuminate/Http/Request), Object(Illuminate/View/View))
#10 C:/Users/ASUS/Downloads/ProjekS2P_DashboardBoiler-main/ProjekS2P_DashboardBoiler-main/vendor/laravel/framework/src/Illuminate/Pipeline/Pipeline.php(180): Illuminate/Routing/Router->{closure:Illuminate/Routing/Router::runRouteWithinStack():821}(Object(Illuminate/Http/Request))
#11 C:/Users/ASUS/Downloads/ProjekS2P_DashboardBoiler-main/ProjekS2P_DashboardBoiler-main/vendor/laravel/framework/src/Illuminate/Routing/Middleware/SubstituteBindings.php(52): Illuminate/Pipeline/Pipeline->{closure:Illuminate/Pipeline/Pipeline::prepareDestination():178}(Object(Illuminate/Http/Request))
#12 C:/Users/ASUS/Downloads/ProjekS2P_DashboardBoiler-main/ProjekS2P_DashboardBoiler-main/vendor/laravel/framework/src/Illuminate/Pipeline/Pipeline.php(219): Illuminate/Routing/Middleware/SubstituteBindings->handle(Object(Illuminate/Http/Request), Object(Closure))
#13 C:/Users/ASUS/Downloads/ProjekS2P_DashboardBoiler-main/ProjekS2P_DashboardBoiler-main/vendor/laravel/framework/src/Illuminate/Foundation/Http/Middleware/PreventRequestForgery.php(104): Illuminate/Pipeline/Pipeline->{closure:{closure:Illuminate/Pipeline/Pipeline::carry():194}:195}(Object(Illuminate/Http/Request))
#14 C:/Users/ASUS/Downloads/ProjekS2P_DashboardBoiler-main/ProjekS2P_DashboardBoiler-main/vendor/laravel/framework/src/Illuminate/Pipeline/Pipeline.php(219): Illuminate/Foundation/Http/Middleware/PreventRequestForgery->handle(Object(Illuminate/Http/Request), Object(Closure))
#15 C:/Users/ASUS/Downloads/ProjekS2P_DashboardBoiler-main/ProjekS2P_DashboardBoiler-main/vendor/laravel/framework/src/Illuminate/View/Middleware/ShareErrorsFromSession.php(48): Illuminate/Pipeline/Pipeline->{closure:{closure:Illuminate/Pipeline/Pipeline::carry():194}:195}(Object(Illuminate/Http/Request))
#16 C:/Users/ASUS/Downloads/ProjekS2P_DashboardBoiler-main/ProjekS2P_DashboardBoiler-main/vendor/laravel/framework/src/Illuminate/Pipeline/Pipeline.php(219): Illuminate/View/Middleware/ShareErrorsFromSession->handle(Object(Illuminate/Http/Request), Object(Closure))
#17 C:/Users/ASUS/Downloads/ProjekS2P_DashboardBoiler-main/ProjekS2P_DashboardBoiler-main/vendor/laravel/framework/src/Illuminate/Session/Middleware/StartSession.php(120): Illuminate/Pipeline/Pipeline->{closure:{closure:Illuminate/Pipeline/Pipeline::carry():194}:195}(Object(Illuminate/Http/Request))
#18 C:/Users/ASUS/Downloads/ProjekS2P_DashboardBoiler-main/ProjekS2P_DashboardBoiler-main/vendor/laravel/framework/src/Illuminate/Session/Middleware/StartSession.php(63): Illuminate/Session/Middleware/StartSession->handleStatefulRequest(Object(Illuminate/Http/Request), Object(Illuminate/Session/Store), Object(Closure))
#19 C:/Users/ASUS/Downloads/ProjekS2P_DashboardBoiler-main/ProjekS2P_DashboardBoiler-main/vendor/laravel/framework/src/Illuminate/Pipeline/Pipeline.php(219): Illuminate/Session/Middleware/StartSession->handle(Object(Illuminate/Http/Request), Object(Closure))
#20 C:/Users/ASUS/Downloads/ProjekS2P_DashboardBoiler-main/ProjekS2P_DashboardBoiler-main/vendor/laravel/framework/src/Illuminate/Cookie/Middleware/AddQueuedCookiesToResponse.php(36): Illuminate/Pipeline/Pipeline->{closure:{closure:Illuminate/Pipeline/Pipeline::carry():194}:195}(Object(Illuminate/Http/Request))
#21 C:/Users/ASUS/Downloads/ProjekS2P_DashboardBoiler-main/ProjekS2P_DashboardBoiler-main/vendor/laravel/framework/src/Illuminate/Pipeline/Pipeline.php(219): Illuminate/Cookie/Middleware/AddQueuedCookiesToResponse->handle(Object(Illuminate/Http/Request), Object(Closure))
#22 C:/Users/ASUS/Downloads/ProjekS2P_DashboardBoiler-main/ProjekS2P_DashboardBoiler-main/vendor/laravel/framework/src/Illuminate/Cookie/Middleware/EncryptCookies.php(74): Illuminate/Pipeline/Pipeline->{closure:{closure:Illuminate/Pipeline/Pipeline::carry():194}:195}(Object(Illuminate/Http/Request))
#23 C:/Users/ASUS/Downloads/ProjekS2P_DashboardBoiler-main/ProjekS2P_DashboardBoiler-main/vendor/laravel/framework/src/Illuminate/Pipeline/Pipeline.php(219): Illuminate/Cookie/Middleware/EncryptCookies->handle(Object(Illuminate/Http/Request), Object(Closure))
#24 C:/Users/ASUS/Downloads/ProjekS2P_DashboardBoiler-main/ProjekS2P_DashboardBoiler-main/vendor/laravel/framework/src/Illuminate/Pipeline/Pipeline.php(137): Illuminate/Pipeline/Pipeline->{closure:{closure:Illuminate/Pipeline/Pipeline::carry():194}:195}(Object(Illuminate/Http/Request))
#25 C:/Users/ASUS/Downloads/ProjekS2P_DashboardBoiler-main/ProjekS2P_DashboardBoiler-main/vendor/laravel/framework/src/Illuminate/Routing/Router.php(821): Illuminate/Pipeline/Pipeline->then(Object(Closure))
#26 C:/Users/ASUS/Downloads/ProjekS2P_DashboardBoiler-main/ProjekS2P_DashboardBoiler-main/vendor/laravel/framework/src/Illuminate/Routing/Router.php(800): Illuminate/Routing/Router->runRouteWithinStack(Object(Illuminate/Routing/Route), Object(Illuminate/Http/Request))
#27 C:/Users/ASUS/Downloads/ProjekS2P_DashboardBoiler-main/ProjekS2P_DashboardBoiler-main/vendor/laravel/framework/src/Illuminate/Routing/Router.php(764): Illuminate/Routing/Router->runRoute(Object(Illuminate/Http/Request), Object(Illuminate/Routing/Route))
#28 C:/Users/ASUS/Downloads/ProjekS2P_DashboardBoiler-main/ProjekS2P_DashboardBoiler-main/vendor/laravel/framework/src/Illuminate/Routing/Router.php(753): Illuminate/Routing/Router->dispatchToRoute(Object(Illuminate/Http/Request))
#29 C:/Users/ASUS/Downloads/ProjekS2P_DashboardBoiler-main/ProjekS2P_DashboardBoiler-main/vendor/laravel/framework/src/Illuminate/Foundation/Http/Kernel.php(200): Illuminate/Routing/Router->dispatch(Object(Illuminate/Http/Request))
#30 C:/Users/ASUS/Downloads/ProjekS2P_DashboardBoiler-main/ProjekS2P_DashboardBoiler-main/vendor/laravel/framework/src/Illuminate/Pipeline/Pipeline.php(180): Illuminate/Foundation/Http/Kernel->{closure:Illuminate/Foundation/Http/Kernel::dispatchToRouter():197}(Object(Illuminate/Http/Request))
#31 C:/Users/ASUS/Downloads/ProjekS2P_DashboardBoiler-main/ProjekS2P_DashboardBoiler-main/vendor/laravel/framework/src/Illuminate/Foundation/Http/Middleware/TransformsRequest.php(21): Illuminate/Pipeline/Pipeline->{closure:Illuminate/Pipeline/Pipeline::prepareDestination():178}(Object(Illuminate/Http/Request))
#32 C:/Users/ASUS/Downloads/ProjekS2P_DashboardBoiler-main/ProjekS2P_DashboardBoiler-main/vendor/laravel/framework/src/Illuminate/Foundation/Http/Middleware/ConvertEmptyStringsToNull.php(31): Illuminate/Foundation/Http/Middleware/TransformsRequest->handle(Object(Illuminate/Http/Request), Object(Closure))
#33 C:/Users/ASUS/Downloads/ProjekS2P_DashboardBoiler-main/ProjekS2P_DashboardBoiler-main/vendor/laravel/framework/src/Illuminate/Pipeline/Pipeline.php(219): Illuminate/Foundation/Http/Middleware/ConvertEmptyStringsToNull->handle(Object(Illuminate/Http/Request), Object(Closure))
#34 C:/Users/ASUS/Downloads/ProjekS2P_DashboardBoiler-main/ProjekS2P_DashboardBoiler-main/vendor/laravel/framework/src/Illuminate/Foundation/Http/Middleware/TransformsRequest.php(21): Illuminate/Pipeline/Pipeline->{closure:{closure:Illuminate/Pipeline/Pipeline::carry():194}:195}(Object(Illuminate/Http/Request))
#35 C:/Users/ASUS/Downloads/ProjekS2P_DashboardBoiler-main/ProjekS2P_DashboardBoiler-main/vendor/laravel/framework/src/Illuminate/Foundation/Http/Middleware/TrimStrings.php(51): Illuminate/Foundation/Http/Middleware/TransformsRequest->handle(Object(Illuminate/Http/Request), Object(Closure))
#36 C:/Users/ASUS/Downloads/ProjekS2P_DashboardBoiler-main/ProjekS2P_DashboardBoiler-main/vendor/laravel/framework/src/Illuminate/Pipeline/Pipeline.php(219): Illuminate/Foundation/Http/Middleware/TrimStrings->handle(Object(Illuminate/Http/Request), Object(Closure))
#37 C:/Users/ASUS/Downloads/ProjekS2P_DashboardBoiler-main/ProjekS2P_DashboardBoiler-main/vendor/laravel/framework/src/Illuminate/Http/Middleware/ValidatePostSize.php(27): Illuminate/Pipeline/Pipeline->{closure:{closure:Illuminate/Pipeline/Pipeline::carry():194}:195}(Object(Illuminate/Http/Request))
#38 C:/Users/ASUS/Downloads/ProjekS2P_DashboardBoiler-main/ProjekS2P_DashboardBoiler-main/vendor/laravel/framework/src/Illuminate/Pipeline/Pipeline.php(219): Illuminate/Http/Middleware/ValidatePostSize->handle(Object(Illuminate/Http/Request), Object(Closure))
#39 C:/Users/ASUS/Downloads/ProjekS2P_DashboardBoiler-main/ProjekS2P_DashboardBoiler-main/vendor/laravel/framework/src/Illuminate/Foundation/Http/Middleware/PreventRequestsDuringMaintenance.php(109): Illuminate/Pipeline/Pipeline->{closure:{closure:Illuminate/Pipeline/Pipeline::carry():194}:195}(Object(Illuminate/Http/Request))
#40 C:/Users/ASUS/Downloads/ProjekS2P_DashboardBoiler-main/ProjekS2P_DashboardBoiler-main/vendor/laravel/framework/src/Illuminate/Pipeline/Pipeline.php(219): Illuminate/Foundation/Http/Middleware/PreventRequestsDuringMaintenance->handle(Object(Illuminate/Http/Request), Object(Closure))
#41 C:/Users/ASUS/Downloads/ProjekS2P_DashboardBoiler-main/ProjekS2P_DashboardBoiler-main/vendor/laravel/framework/src/Illuminate/Http/Middleware/HandleCors.php(61): Illuminate/Pipeline/Pipeline->{closure:{closure:Illuminate/Pipeline/Pipeline::carry():194}:195}(Object(Illuminate/Http/Request))
#42 C:/Users/ASUS/Downloads/ProjekS2P_DashboardBoiler-main/ProjekS2P_DashboardBoiler-main/vendor/laravel/framework/src/Illuminate/Pipeline/Pipeline.php(219): Illuminate/Http/Middleware/HandleCors->handle(Object(Illuminate/Http/Request), Object(Closure))
#43 C:/Users/ASUS/Downloads/ProjekS2P_DashboardBoiler-main/ProjekS2P_DashboardBoiler-main/vendor/laravel/framework/src/Illuminate/Http/Middleware/TrustProxies.php(58): Illuminate/Pipeline/Pipeline->{closure:{closure:Illuminate/Pipeline/Pipeline::carry():194}:195}(Object(Illuminate/Http/Request))
#44 C:/Users/ASUS/Downloads/ProjekS2P_DashboardBoiler-main/ProjekS2P_DashboardBoiler-main/vendor/laravel/framework/src/Illuminate/Pipeline/Pipeline.php(219): Illuminate/Http/Middleware/TrustProxies->handle(Object(Illuminate/Http/Request), Object(Closure))
#45 C:/Users/ASUS/Downloads/ProjekS2P_DashboardBoiler-main/ProjekS2P_DashboardBoiler-main/vendor/laravel/framework/src/Illuminate/Foundation/Http/Middleware/InvokeDeferredCallbacks.php(22): Illuminate/Pipeline/Pipeline->{closure:{closure:Illuminate/Pipeline/Pipeline::carry():194}:195}(Object(Illuminate/Http/Request))
#46 C:/Users/ASUS/Downloads/ProjekS2P_DashboardBoiler-main/ProjekS2P_DashboardBoiler-main/vendor/laravel/framework/src/Illuminate/Pipeline/Pipeline.php(219): Illuminate/Foundation/Http/Middleware/InvokeDeferredCallbacks->handle(Object(Illuminate/Http/Request), Object(Closure))
#47 C:/Users/ASUS/Downloads/ProjekS2P_DashboardBoiler-main/ProjekS2P_DashboardBoiler-main/vendor/laravel/framework/src/Illuminate/Http/Middleware/ValidatePathEncoding.php(28): Illuminate/Pipeline/Pipeline->{closure:{closure:Illuminate/Pipeline/Pipeline::carry():194}:195}(Object(Illuminate/Http/Request))
#48 C:/Users/ASUS/Downloads/ProjekS2P_DashboardBoiler-main/ProjekS2P_DashboardBoiler-main/vendor/laravel/framework/src/Illuminate/Pipeline/Pipeline.php(219): Illuminate/Http/Middleware/ValidatePathEncoding->handle(Object(Illuminate/Http/Request), Object(Closure))
#49 C:/Users/ASUS/Downloads/ProjekS2P_DashboardBoiler-main/ProjekS2P_DashboardBoiler-main/vendor/laravel/framework/src/Illuminate/Pipeline/Pipeline.php(137): Illuminate/Pipeline/Pipeline->{closure:{closure:Illuminate/Pipeline/Pipeline::carry():194}:195}(Object(Illuminate/Http/Request))
#50 C:/Users/ASUS/Downloads/ProjekS2P_DashboardBoiler-main/ProjekS2P_DashboardBoiler-main/vendor/laravel/framework/src/Illuminate/Foundation/Http/Kernel.php(175): Illuminate/Pipeline/Pipeline->then(Object(Closure))
#51 C:/Users/ASUS/Downloads/ProjekS2P_DashboardBoiler-main/ProjekS2P_DashboardBoiler-main/vendor/laravel/framework/src/Illuminate/Foundation/Http/Kernel.php(144): Illuminate/Foundation/Http/Kernel->sendRequestThroughRouter(Object(Illuminate/Http/Request))
#52 C:/Users/ASUS/Downloads/ProjekS2P_DashboardBoiler-main/ProjekS2P_DashboardBoiler-main/vendor/laravel/framework/src/Illuminate/Foundation/Application.php(1220): Illuminate/Foundation/Http/Kernel->handle(Object(Illuminate/Http/Request))
#53 C:/Users/ASUS/Downloads/ProjekS2P_DashboardBoiler-main/ProjekS2P_DashboardBoiler-main/public/index.php(20): Illuminate/Foundation/Application->handleRequest(Object(Illuminate/Http/Request))
#54 C:/Users/ASUS/Downloads/ProjekS2P_DashboardBoiler-main/ProjekS2P_DashboardBoiler-main/vendor/laravel/framework/src/Illuminate/Foundation/resources/server.php(23): require_once('C://Users//ASUS//D...')
#55 {main}

[previous exception] [object] (InvalidArgumentException(code: 0): View [layouts.dashboard] not found. at C:/Users/ASUS/Downloads/ProjekS2P_DashboardBoiler-main/ProjekS2P_DashboardBoiler-main/vendor/laravel/framework/src/Illuminate/View/FileViewFinder.php:138)
[stacktrace]
#0 C:/Users/ASUS/Downloads/ProjekS2P_DashboardBoiler-main/ProjekS2P_DashboardBoiler-main/vendor/laravel/framework/src/Illuminate/View/FileViewFinder.php(78): Illuminate/View/FileViewFinder->findInPaths('layouts.dashboa...', Array)
#1 C:/Users/ASUS/Downloads/ProjekS2P_DashboardBoiler-main/ProjekS2P_DashboardBoiler-main/vendor/laravel/framework/src/Illuminate/View/Factory.php(150): Illuminate/View/FileViewFinder->find('layouts.dashboa...')
#2 C:/Users/ASUS/Downloads/ProjekS2P_DashboardBoiler-main/ProjekS2P_DashboardBoiler-main/storage/framework/views/ce45b96c059fbe3904f17d425f49272c.php(477): Illuminate/View/Factory->make('layouts.dashboa...', Array)
#3 C:/Users/ASUS/Downloads/ProjekS2P_DashboardBoiler-main/ProjekS2P_DashboardBoiler-main/vendor/laravel/framework/src/Illuminate/Filesystem/Filesystem.php(123): require('C://Users//ASUS//D...')
#4 C:/Users/ASUS/Downloads/ProjekS2P_DashboardBoiler-main/ProjekS2P_DashboardBoiler-main/vendor/laravel/framework/src/Illuminate/Filesystem/Filesystem.php(124): Illuminate/Filesystem/Filesystem::{closure:Illuminate/Filesystem/Filesystem::getRequire():120}()
#5 C:/Users/ASUS/Downloads/ProjekS2P_DashboardBoiler-main/ProjekS2P_DashboardBoiler-main/vendor/laravel/framework/src/Illuminate/View/Engines/PhpEngine.php(57): Illuminate/Filesystem/Filesystem->getRequire('C://Users//ASUS//D...', Array)
#6 C:/Users/ASUS/Downloads/ProjekS2P_DashboardBoiler-main/ProjekS2P_DashboardBoiler-main/vendor/laravel/framework/src/Illuminate/View/Engines/CompilerEngine.php(76): Illuminate/View/Engines/PhpEngine->evaluatePath('C://Users//ASUS//D...', Array)
#7 C:/Users/ASUS/Downloads/ProjekS2P_DashboardBoiler-main/ProjekS2P_DashboardBoiler-main/vendor/laravel/framework/src/Illuminate/View/View.php(208): Illuminate/View/Engines/CompilerEngine->get('C://Users//ASUS//D...', Array)
#8 C:/Users/ASUS/Downloads/ProjekS2P_DashboardBoiler-main/ProjekS2P_DashboardBoiler-main/vendor/laravel/framework/src/Illuminate/View/View.php(191): Illuminate/View/View->getContents()
#9 C:/Users/ASUS/Downloads/ProjekS2P_DashboardBoiler-main/ProjekS2P_DashboardBoiler-main/vendor/laravel/framework/src/Illuminate/View/View.php(160): Illuminate/View/View->renderContents()
#10 C:/Users/ASUS/Downloads/ProjekS2P_DashboardBoiler-main/ProjekS2P_DashboardBoiler-main/vendor/laravel/framework/src/Illuminate/Http/Response.php(82): Illuminate/View/View->render()
#11 C:/Users/ASUS/Downloads/ProjekS2P_DashboardBoiler-main/ProjekS2P_DashboardBoiler-main/vendor/laravel/framework/src/Illuminate/Http/Response.php(40): Illuminate/Http/Response->setContent(Object(Illuminate/View/View))
#12 C:/Users/ASUS/Downloads/ProjekS2P_DashboardBoiler-main/ProjekS2P_DashboardBoiler-main/vendor/laravel/framework/src/Illuminate/Routing/Router.php(939): Illuminate/Http/Response->__construct(Object(Illuminate/View/View), 200, Array)
#13 C:/Users/ASUS/Downloads/ProjekS2P_DashboardBoiler-main/ProjekS2P_DashboardBoiler-main/vendor/laravel/framework/src/Illuminate/Routing/Router.php(906): Illuminate/Routing/Router::toResponse(Object(Illuminate/Http/Request), Object(Illuminate/View/View))
#14 C:/Users/ASUS/Downloads/ProjekS2P_DashboardBoiler-main/ProjekS2P_DashboardBoiler-main/vendor/laravel/framework/src/Illuminate/Routing/Router.php(821): Illuminate/Routing/Router->prepareResponse(Object(Illuminate/Http/Request), Object(Illuminate/View/View))
#15 C:/Users/ASUS/Downloads/ProjekS2P_DashboardBoiler-main/ProjekS2P_DashboardBoiler-main/vendor/laravel/framework/src/Illuminate/Pipeline/Pipeline.php(180): Illuminate/Routing/Router->{closure:Illuminate/Routing/Router::runRouteWithinStack():821}(Object(Illuminate/Http/Request))
#16 C:/Users/ASUS/Downloads/ProjekS2P_DashboardBoiler-main/ProjekS2P_DashboardBoiler-main/vendor/laravel/framework/src/Illuminate/Routing/Middleware/SubstituteBindings.php(52): Illuminate/Pipeline/Pipeline->{closure:Illuminate/Pipeline/Pipeline::prepareDestination():178}(Object(Illuminate/Http/Request))
#17 C:/Users/ASUS/Downloads/ProjekS2P_DashboardBoiler-main/ProjekS2P_DashboardBoiler-main/vendor/laravel/framework/src/Illuminate/Pipeline/Pipeline.php(219): Illuminate/Routing/Middleware/SubstituteBindings->handle(Object(Illuminate/Http/Request), Object(Closure))
#18 C:/Users/ASUS/Downloads/ProjekS2P_DashboardBoiler-main/ProjekS2P_DashboardBoiler-main/vendor/laravel/framework/src/Illuminate/Foundation/Http/Middleware/PreventRequestForgery.php(104): Illuminate/Pipeline/Pipeline->{closure:{closure:Illuminate/Pipeline/Pipeline::carry():194}:195}(Object(Illuminate/Http/Request))
#19 C:/Users/ASUS/Downloads/ProjekS2P_DashboardBoiler-main/ProjekS2P_DashboardBoiler-main/vendor/laravel/framework/src/Illuminate/Pipeline/Pipeline.php(219): Illuminate/Foundation/Http/Middleware/PreventRequestForgery->handle(Object(Illuminate/Http/Request), Object(Closure))
#20 C:/Users/ASUS/Downloads/ProjekS2P_DashboardBoiler-main/ProjekS2P_DashboardBoiler-main/vendor/laravel/framework/src/Illuminate/View/Middleware/ShareErrorsFromSession.php(48): Illuminate/Pipeline/Pipeline->{closure:{closure:Illuminate/Pipeline/Pipeline::carry():194}:195}(Object(Illuminate/Http/Request))
#21 C:/Users/ASUS/Downloads/ProjekS2P_DashboardBoiler-main/ProjekS2P_DashboardBoiler-main/vendor/laravel/framework/src/Illuminate/Pipeline/Pipeline.php(219): Illuminate/View/Middleware/ShareErrorsFromSession->handle(Object(Illuminate/Http/Request), Object(Closure))
#22 C:/Users/ASUS/Downloads/ProjekS2P_DashboardBoiler-main/ProjekS2P_DashboardBoiler-main/vendor/laravel/framework/src/Illuminate/Session/Middleware/StartSession.php(120): Illuminate/Pipeline/Pipeline->{closure:{closure:Illuminate/Pipeline/Pipeline::carry():194}:195}(Object(Illuminate/Http/Request))
#23 C:/Users/ASUS/Downloads/ProjekS2P_DashboardBoiler-main/ProjekS2P_DashboardBoiler-main/vendor/laravel/framework/src/Illuminate/Session/Middleware/StartSession.php(63): Illuminate/Session/Middleware/StartSession->handleStatefulRequest(Object(Illuminate/Http/Request), Object(Illuminate/Session/Store), Object(Closure))
#24 C:/Users/ASUS/Downloads/ProjekS2P_DashboardBoiler-main/ProjekS2P_DashboardBoiler-main/vendor/laravel/framework/src/Illuminate/Pipeline/Pipeline.php(219): Illuminate/Session/Middleware/StartSession->handle(Object(Illuminate/Http/Request), Object(Closure))
#25 C:/Users/ASUS/Downloads/ProjekS2P_DashboardBoiler-main/ProjekS2P_DashboardBoiler-main/vendor/laravel/framework/src/Illuminate/Cookie/Middleware/AddQueuedCookiesToResponse.php(36): Illuminate/Pipeline/Pipeline->{closure:{closure:Illuminate/Pipeline/Pipeline::carry():194}:195}(Object(Illuminate/Http/Request))
#26 C:/Users/ASUS/Downloads/ProjekS2P_DashboardBoiler-main/ProjekS2P_DashboardBoiler-main/vendor/laravel/framework/src/Illuminate/Pipeline/Pipeline.php(219): Illuminate/Cookie/Middleware/AddQueuedCookiesToResponse->handle(Object(Illuminate/Http/Request), Object(Closure))
#27 C:/Users/ASUS/Downloads/ProjekS2P_DashboardBoiler-main/ProjekS2P_DashboardBoiler-main/vendor/laravel/framework/src/Illuminate/Cookie/Middleware/EncryptCookies.php(74): Illuminate/Pipeline/Pipeline->{closure:{closure:Illuminate/Pipeline/Pipeline::carry():194}:195}(Object(Illuminate/Http/Request))
#28 C:/Users/ASUS/Downloads/ProjekS2P_DashboardBoiler-main/ProjekS2P_DashboardBoiler-main/vendor/laravel/framework/src/Illuminate/Pipeline/Pipeline.php(219): Illuminate/Cookie/Middleware/EncryptCookies->handle(Object(Illuminate/Http/Request), Object(Closure))
#29 C:/Users/ASUS/Downloads/ProjekS2P_DashboardBoiler-main/ProjekS2P_DashboardBoiler-main/vendor/laravel/framework/src/Illuminate/Pipeline/Pipeline.php(137): Illuminate/Pipeline/Pipeline->{closure:{closure:Illuminate/Pipeline/Pipeline::carry():194}:195}(Object(Illuminate/Http/Request))
#30 C:/Users/ASUS/Downloads/ProjekS2P_DashboardBoiler-main/ProjekS2P_DashboardBoiler-main/vendor/laravel/framework/src/Illuminate/Routing/Router.php(821): Illuminate/Pipeline/Pipeline->then(Object(Closure))
#31 C:/Users/ASUS/Downloads/ProjekS2P_DashboardBoiler-main/ProjekS2P_DashboardBoiler-main/vendor/laravel/framework/src/Illuminate/Routing/Router.php(800): Illuminate/Routing/Router->runRouteWithinStack(Object(Illuminate/Routing/Route), Object(Illuminate/Http/Request))
#32 C:/Users/ASUS/Downloads/ProjekS2P_DashboardBoiler-main/ProjekS2P_DashboardBoiler-main/vendor/laravel/framework/src/Illuminate/Routing/Router.php(764): Illuminate/Routing/Router->runRoute(Object(Illuminate/Http/Request), Object(Illuminate/Routing/Route))
#33 C:/Users/ASUS/Downloads/ProjekS2P_DashboardBoiler-main/ProjekS2P_DashboardBoiler-main/vendor/laravel/framework/src/Illuminate/Routing/Router.php(753): Illuminate/Routing/Router->dispatchToRoute(Object(Illuminate/Http/Request))
#34 C:/Users/ASUS/Downloads/ProjekS2P_DashboardBoiler-main/ProjekS2P_DashboardBoiler-main/vendor/laravel/framework/src/Illuminate/Foundation/Http/Kernel.php(200): Illuminate/Routing/Router->dispatch(Object(Illuminate/Http/Request))
#35 C:/Users/ASUS/Downloads/ProjekS2P_DashboardBoiler-main/ProjekS2P_DashboardBoiler-main/vendor/laravel/framework/src/Illuminate/Pipeline/Pipeline.php(180): Illuminate/Foundation/Http/Kernel->{closure:Illuminate/Foundation/Http/Kernel::dispatchToRouter():197}(Object(Illuminate/Http/Request))
#36 C:/Users/ASUS/Downloads/ProjekS2P_DashboardBoiler-main/ProjekS2P_DashboardBoiler-main/vendor/laravel/framework/src/Illuminate/Foundation/Http/Middleware/TransformsRequest.php(21): Illuminate/Pipeline/Pipeline->{closure:Illuminate/Pipeline/Pipeline::prepareDestination():178}(Object(Illuminate/Http/Request))
#37 C:/Users/ASUS/Downloads/ProjekS2P_DashboardBoiler-main/ProjekS2P_DashboardBoiler-main/vendor/laravel/framework/src/Illuminate/Foundation/Http/Middleware/ConvertEmptyStringsToNull.php(31): Illuminate/Foundation/Http/Middleware/TransformsRequest->handle(Object(Illuminate/Http/Request), Object(Closure))
#38 C:/Users/ASUS/Downloads/ProjekS2P_DashboardBoiler-main/ProjekS2P_DashboardBoiler-main/vendor/laravel/framework/src/Illuminate/Pipeline/Pipeline.php(219): Illuminate/Foundation/Http/Middleware/ConvertEmptyStringsToNull->handle(Object(Illuminate/Http/Request), Object(Closure))
#39 C:/Users/ASUS/Downloads/ProjekS2P_DashboardBoiler-main/ProjekS2P_DashboardBoiler-main/vendor/laravel/framework/src/Illuminate/Foundation/Http/Middleware/TransformsRequest.php(21): Illuminate/Pipeline/Pipeline->{closure:{closure:Illuminate/Pipeline/Pipeline::carry():194}:195}(Object(Illuminate/Http/Request))
#40 C:/Users/ASUS/Downloads/ProjekS2P_DashboardBoiler-main/ProjekS2P_DashboardBoiler-main/vendor/laravel/framework/src/Illuminate/Foundation/Http/Middleware/TrimStrings.php(51): Illuminate/Foundation/Http/Middleware/TransformsRequest->handle(Object(Illuminate/Http/Request), Object(Closure))
#41 C:/Users/ASUS/Downloads/ProjekS2P_DashboardBoiler-main/ProjekS2P_DashboardBoiler-main/vendor/laravel/framework/src/Illuminate/Pipeline/Pipeline.php(219): Illuminate/Foundation/Http/Middleware/TrimStrings->handle(Object(Illuminate/Http/Request), Object(Closure))
#42 C:/Users/ASUS/Downloads/ProjekS2P_DashboardBoiler-main/ProjekS2P_DashboardBoiler-main/vendor/laravel/framework/src/Illuminate/Http/Middleware/ValidatePostSize.php(27): Illuminate/Pipeline/Pipeline->{closure:{closure:Illuminate/Pipeline/Pipeline::carry():194}:195}(Object(Illuminate/Http/Request))
#43 C:/Users/ASUS/Downloads/ProjekS2P_DashboardBoiler-main/ProjekS2P_DashboardBoiler-main/vendor/laravel/framework/src/Illuminate/Pipeline/Pipeline.php(219): Illuminate/Http/Middleware/ValidatePostSize->handle(Object(Illuminate/Http/Request), Object(Closure))
#44 C:/Users/ASUS/Downloads/ProjekS2P_DashboardBoiler-main/ProjekS2P_DashboardBoiler-main/vendor/laravel/framework/src/Illuminate/Foundation/Http/Middleware/PreventRequestsDuringMaintenance.php(109): Illuminate/Pipeline/Pipeline->{closure:{closure:Illuminate/Pipeline/Pipeline::carry():194}:195}(Object(Illuminate/Http/Request))
#45 C:/Users/ASUS/Downloads/ProjekS2P_DashboardBoiler-main/ProjekS2P_DashboardBoiler-main/vendor/laravel/framework/src/Illuminate/Pipeline/Pipeline.php(219): Illuminate/Foundation/Http/Middleware/PreventRequestsDuringMaintenance->handle(Object(Illuminate/Http/Request), Object(Closure))
#46 C:/Users/ASUS/Downloads/ProjekS2P_DashboardBoiler-main/ProjekS2P_DashboardBoiler-main/vendor/laravel/framework/src/Illuminate/Http/Middleware/HandleCors.php(61): Illuminate/Pipeline/Pipeline->{closure:{closure:Illuminate/Pipeline/Pipeline::carry():194}:195}(Object(Illuminate/Http/Request))
#47 C:/Users/ASUS/Downloads/ProjekS2P_DashboardBoiler-main/ProjekS2P_DashboardBoiler-main/vendor/laravel/framework/src/Illuminate/Pipeline/Pipeline.php(219): Illuminate/Http/Middleware/HandleCors->handle(Object(Illuminate/Http/Request), Object(Closure))
#48 C:/Users/ASUS/Downloads/ProjekS2P_DashboardBoiler-main/ProjekS2P_DashboardBoiler-main/vendor/laravel/framework/src/Illuminate/Http/Middleware/TrustProxies.php(58): Illuminate/Pipeline/Pipeline->{closure:{closure:Illuminate/Pipeline/Pipeline::carry():194}:195}(Object(Illuminate/Http/Request))
#49 C:/Users/ASUS/Downloads/ProjekS2P_DashboardBoiler-main/ProjekS2P_DashboardBoiler-main/vendor/laravel/framework/src/Illuminate/Pipeline/Pipeline.php(219): Illuminate/Http/Middleware/TrustProxies->handle(Object(Illuminate/Http/Request), Object(Closure))
#50 C:/Users/ASUS/Downloads/ProjekS2P_DashboardBoiler-main/ProjekS2P_DashboardBoiler-main/vendor/laravel/framework/src/Illuminate/Foundation/Http/Middleware/InvokeDeferredCallbacks.php(22): Illuminate/Pipeline/Pipeline->{closure:{closure:Illuminate/Pipeline/Pipeline::carry():194}:195}(Object(Illuminate/Http/Request))
#51 C:/Users/ASUS/Downloads/ProjekS2P_DashboardBoiler-main/ProjekS2P_DashboardBoiler-main/vendor/laravel/framework/src/Illuminate/Pipeline/Pipeline.php(219): Illuminate/Foundation/Http/Middleware/InvokeDeferredCallbacks->handle(Object(Illuminate/Http/Request), Object(Closure))
#52 C:/Users/ASUS/Downloads/ProjekS2P_DashboardBoiler-main/ProjekS2P_DashboardBoiler-main/vendor/laravel/framework/src/Illuminate/Http/Middleware/ValidatePathEncoding.php(28): Illuminate/Pipeline/Pipeline->{closure:{closure:Illuminate/Pipeline/Pipeline::carry():194}:195}(Object(Illuminate/Http/Request))
#53 C:/Users/ASUS/Downloads/ProjekS2P_DashboardBoiler-main/ProjekS2P_DashboardBoiler-main/vendor/laravel/framework/src/Illuminate/Pipeline/Pipeline.php(219): Illuminate/Http/Middleware/ValidatePathEncoding->handle(Object(Illuminate/Http/Request), Object(Closure))
#54 C:/Users/ASUS/Downloads/ProjekS2P_DashboardBoiler-main/ProjekS2P_DashboardBoiler-main/vendor/laravel/framework/src/Illuminate/Pipeline/Pipeline.php(137): Illuminate/Pipeline/Pipeline->{closure:{closure:Illuminate/Pipeline/Pipeline::carry():194}:195}(Object(Illuminate/Http/Request))
#55 C:/Users/ASUS/Downloads/ProjekS2P_DashboardBoiler-main/ProjekS2P_DashboardBoiler-main/vendor/laravel/framework/src/Illuminate/Foundation/Http/Kernel.php(175): Illuminate/Pipeline/Pipeline->then(Object(Closure))
#56 C:/Users/ASUS/Downloads/ProjekS2P_DashboardBoiler-main/ProjekS2P_DashboardBoiler-main/vendor/laravel/framework/src/Illuminate/Foundation/Http/Kernel.php(144): Illuminate/Foundation/Http/Kernel->sendRequestThroughRouter(Object(Illuminate/Http/Request))
#57 C:/Users/ASUS/Downloads/ProjekS2P_DashboardBoiler-main/ProjekS2P_DashboardBoiler-main/vendor/laravel/framework/src/Illuminate/Foundation/Application.php(1220): Illuminate/Foundation/Http/Kernel->handle(Object(Illuminate/Http/Request))
#58 C:/Users/ASUS/Downloads/ProjekS2P_DashboardBoiler-main/ProjekS2P_DashboardBoiler-main/public/index.php(20): Illuminate/Foundation/Application->handleRequest(Object(Illuminate/Http/Request))
#59 C:/Users/ASUS/Downloads/ProjekS2P_DashboardBoiler-main/ProjekS2P_DashboardBoiler-main/vendor/laravel/framework/src/Illuminate/Foundation/resources/server.php(23): require_once('C://Users//ASUS//D...')
#60 {main}
"} 
[2026-07-24 08:33:43] local.ERROR: View [layouts.dashboard] not found. (View: C:\Users\ASUS\Downloads\ProjekS2P_DashboardBoiler-main\ProjekS2P_DashboardBoiler-main\resources\views\dashboard.blade.php) {"exception":"[object] (Illuminate\\View\\ViewException(code: 0): View [layouts.dashboard] not found. (View: C:\\Users\\ASUS\\Downloads\\ProjekS2P_DashboardBoiler-main\\ProjekS2P_DashboardBoiler-main\\resources\\views\\dashboard.blade.php) at C:/Users/ASUS/Downloads/ProjekS2P_DashboardBoiler-main/ProjekS2P_DashboardBoiler-main/vendor/laravel/framework/src/Illuminate/View/FileViewFinder.php:138)
[stacktrace]
#0 C:/Users/ASUS/Downloads/ProjekS2P_DashboardBoiler-main/ProjekS2P_DashboardBoiler-main/vendor/laravel/framework/src/Illuminate/View/Engines/PhpEngine.php(59): Illuminate/View/Engines/CompilerEngine->handleViewException(Object(InvalidArgumentException), 1)
#1 C:/Users/ASUS/Downloads/ProjekS2P_DashboardBoiler-main/ProjekS2P_DashboardBoiler-main/vendor/laravel/framework/src/Illuminate/View/Engines/CompilerEngine.php(76): Illuminate/View/Engines/PhpEngine->evaluatePath('C://Users//ASUS//D...', Array)
#2 C:/Users/ASUS/Downloads/ProjekS2P_DashboardBoiler-main/ProjekS2P_DashboardBoiler-main/vendor/laravel/framework/src/Illuminate/View/View.php(208): Illuminate/View/Engines/CompilerEngine->get('C://Users//ASUS//D...', Array)
#3 C:/Users/ASUS/Downloads/ProjekS2P_DashboardBoiler-main/ProjekS2P_DashboardBoiler-main/vendor/laravel/framework/src/Illuminate/View/View.php(191): Illuminate/View/View->getContents()
#4 C:/Users/ASUS/Downloads/ProjekS2P_DashboardBoiler-main/ProjekS2P_DashboardBoiler-main/vendor/laravel/framework/src/Illuminate/View/View.php(160): Illuminate/View/View->renderContents()
#5 C:/Users/ASUS/Downloads/ProjekS2P_DashboardBoiler-main/ProjekS2P_DashboardBoiler-main/vendor/laravel/framework/src/Illuminate/Http/Response.php(82): Illuminate/View/View->render()
#6 C:/Users/ASUS/Downloads/ProjekS2P_DashboardBoiler-main/ProjekS2P_DashboardBoiler-main/vendor/laravel/framework/src/Illuminate/Http/Response.php(40): Illuminate/Http/Response->setContent(Object(Illuminate/View/View))
#7 C:/Users/ASUS/Downloads/ProjekS2P_DashboardBoiler-main/ProjekS2P_DashboardBoiler-main/vendor/laravel/framework/src/Illuminate/Routing/Router.php(939): Illuminate/Http/Response->__construct(Object(Illuminate/View/View), 200, Array)
#8 C:/Users/ASUS/Downloads/ProjekS2P_DashboardBoiler-main/ProjekS2P_DashboardBoiler-main/vendor/laravel/framework/src/Illuminate/Routing/Router.php(906): Illuminate/Routing/Router::toResponse(Object(Illuminate/Http/Request), Object(Illuminate/View/View))
#9 C:/Users/ASUS/Downloads/ProjekS2P_DashboardBoiler-main/ProjekS2P_DashboardBoiler-main/vendor/laravel/framework/src/Illuminate/Routing/Router.php(821): Illuminate/Routing/Router->prepareResponse(Object(Illuminate/Http/Request), Object(Illuminate/View/View))
#10 C:/Users/ASUS/Downloads/ProjekS2P_DashboardBoiler-main/ProjekS2P_DashboardBoiler-main/vendor/laravel/framework/src/Illuminate/Pipeline/Pipeline.php(180): Illuminate/Routing/Router->{closure:Illuminate/Routing/Router::runRouteWithinStack():821}(Object(Illuminate/Http/Request))
#11 C:/Users/ASUS/Downloads/ProjekS2P_DashboardBoiler-main/ProjekS2P_DashboardBoiler-main/vendor/laravel/framework/src/Illuminate/Routing/Middleware/SubstituteBindings.php(52): Illuminate/Pipeline/Pipeline->{closure:Illuminate/Pipeline/Pipeline::prepareDestination():178}(Object(Illuminate/Http/Request))
#12 C:/Users/ASUS/Downloads/ProjekS2P_DashboardBoiler-main/ProjekS2P_DashboardBoiler-main/vendor/laravel/framework/src/Illuminate/Pipeline/Pipeline.php(219): Illuminate/Routing/Middleware/SubstituteBindings->handle(Object(Illuminate/Http/Request), Object(Closure))
#13 C:/Users/ASUS/Downloads/ProjekS2P_DashboardBoiler-main/ProjekS2P_DashboardBoiler-main/vendor/laravel/framework/src/Illuminate/Foundation/Http/Middleware/PreventRequestForgery.php(104): Illuminate/Pipeline/Pipeline->{closure:{closure:Illuminate/Pipeline/Pipeline::carry():194}:195}(Object(Illuminate/Http/Request))
#14 C:/Users/ASUS/Downloads/ProjekS2P_DashboardBoiler-main/ProjekS2P_DashboardBoiler-main/vendor/laravel/framework/src/Illuminate/Pipeline/Pipeline.php(219): Illuminate/Foundation/Http/Middleware/PreventRequestForgery->handle(Object(Illuminate/Http/Request), Object(Closure))
#15 C:/Users/ASUS/Downloads/ProjekS2P_DashboardBoiler-main/ProjekS2P_DashboardBoiler-main/vendor/laravel/framework/src/Illuminate/View/Middleware/ShareErrorsFromSession.php(48): Illuminate/Pipeline/Pipeline->{closure:{closure:Illuminate/Pipeline/Pipeline::carry():194}:195}(Object(Illuminate/Http/Request))
#16 C:/Users/ASUS/Downloads/ProjekS2P_DashboardBoiler-main/ProjekS2P_DashboardBoiler-main/vendor/laravel/framework/src/Illuminate/Pipeline/Pipeline.php(219): Illuminate/View/Middleware/ShareErrorsFromSession->handle(Object(Illuminate/Http/Request), Object(Closure))
#17 C:/Users/ASUS/Downloads/ProjekS2P_DashboardBoiler-main/ProjekS2P_DashboardBoiler-main/vendor/laravel/framework/src/Illuminate/Session/Middleware/StartSession.php(120): Illuminate/Pipeline/Pipeline->{closure:{closure:Illuminate/Pipeline/Pipeline::carry():194}:195}(Object(Illuminate/Http/Request))
#18 C:/Users/ASUS/Downloads/ProjekS2P_DashboardBoiler-main/ProjekS2P_DashboardBoiler-main/vendor/laravel/framework/src/Illuminate/Session/Middleware/StartSession.php(63): Illuminate/Session/Middleware/StartSession->handleStatefulRequest(Object(Illuminate/Http/Request), Object(Illuminate/Session/Store), Object(Closure))
#19 C:/Users/ASUS/Downloads/ProjekS2P_DashboardBoiler-main/ProjekS2P_DashboardBoiler-main/vendor/laravel/framework/src/Illuminate/Pipeline/Pipeline.php(219): Illuminate/Session/Middleware/StartSession->handle(Object(Illuminate/Http/Request), Object(Closure))
#20 C:/Users/ASUS/Downloads/ProjekS2P_DashboardBoiler-main/ProjekS2P_DashboardBoiler-main/vendor/laravel/framework/src/Illuminate/Cookie/Middleware/AddQueuedCookiesToResponse.php(36): Illuminate/Pipeline/Pipeline->{closure:{closure:Illuminate/Pipeline/Pipeline::carry():194}:195}(Object(Illuminate/Http/Request))
#21 C:/Users/ASUS/Downloads/ProjekS2P_DashboardBoiler-main/ProjekS2P_DashboardBoiler-main/vendor/laravel/framework/src/Illuminate/Pipeline/Pipeline.php(219): Illuminate/Cookie/Middleware/AddQueuedCookiesToResponse->handle(Object(Illuminate/Http/Request), Object(Closure))
#22 C:/Users/ASUS/Downloads/ProjekS2P_DashboardBoiler-main/ProjekS2P_DashboardBoiler-main/vendor/laravel/framework/src/Illuminate/Cookie/Middleware/EncryptCookies.php(74): Illuminate/Pipeline/Pipeline->{closure:{closure:Illuminate/Pipeline/Pipeline::carry():194}:195}(Object(Illuminate/Http/Request))
#23 C:/Users/ASUS/Downloads/ProjekS2P_DashboardBoiler-main/ProjekS2P_DashboardBoiler-main/vendor/laravel/framework/src/Illuminate/Pipeline/Pipeline.php(219): Illuminate/Cookie/Middleware/EncryptCookies->handle(Object(Illuminate/Http/Request), Object(Closure))
#24 C:/Users/ASUS/Downloads/ProjekS2P_DashboardBoiler-main/ProjekS2P_DashboardBoiler-main/vendor/laravel/framework/src/Illuminate/Pipeline/Pipeline.php(137): Illuminate/Pipeline/Pipeline->{closure:{closure:Illuminate/Pipeline/Pipeline::carry():194}:195}(Object(Illuminate/Http/Request))
#25 C:/Users/ASUS/Downloads/ProjekS2P_DashboardBoiler-main/ProjekS2P_DashboardBoiler-main/vendor/laravel/framework/src/Illuminate/Routing/Router.php(821): Illuminate/Pipeline/Pipeline->then(Object(Closure))
#26 C:/Users/ASUS/Downloads/ProjekS2P_DashboardBoiler-main/ProjekS2P_DashboardBoiler-main/vendor/laravel/framework/src/Illuminate/Routing/Router.php(800): Illuminate/Routing/Router->runRouteWithinStack(Object(Illuminate/Routing/Route), Object(Illuminate/Http/Request))
#27 C:/Users/ASUS/Downloads/ProjekS2P_DashboardBoiler-main/ProjekS2P_DashboardBoiler-main/vendor/laravel/framework/src/Illuminate/Routing/Router.php(764): Illuminate/Routing/Router->runRoute(Object(Illuminate/Http/Request), Object(Illuminate/Routing/Route))
#28 C:/Users/ASUS/Downloads/ProjekS2P_DashboardBoiler-main/ProjekS2P_DashboardBoiler-main/vendor/laravel/framework/src/Illuminate/Routing/Router.php(753): Illuminate/Routing/Router->dispatchToRoute(Object(Illuminate/Http/Request))
#29 C:/Users/ASUS/Downloads/ProjekS2P_DashboardBoiler-main/ProjekS2P_DashboardBoiler-main/vendor/laravel/framework/src/Illuminate/Foundation/Http/Kernel.php(200): Illuminate/Routing/Router->dispatch(Object(Illuminate/Http/Request))
#30 C:/Users/ASUS/Downloads/ProjekS2P_DashboardBoiler-main/ProjekS2P_DashboardBoiler-main/vendor/laravel/framework/src/Illuminate/Pipeline/Pipeline.php(180): Illuminate/Foundation/Http/Kernel->{closure:Illuminate/Foundation/Http/Kernel::dispatchToRouter():197}(Object(Illuminate/Http/Request))
#31 C:/Users/ASUS/Downloads/ProjekS2P_DashboardBoiler-main/ProjekS2P_DashboardBoiler-main/vendor/laravel/framework/src/Illuminate/Foundation/Http/Middleware/TransformsRequest.php(21): Illuminate/Pipeline/Pipeline->{closure:Illuminate/Pipeline/Pipeline::prepareDestination():178}(Object(Illuminate/Http/Request))
#32 C:/Users/ASUS/Downloads/ProjekS2P_DashboardBoiler-main/ProjekS2P_DashboardBoiler-main/vendor/laravel/framework/src/Illuminate/Foundation/Http/Middleware/ConvertEmptyStringsToNull.php(31): Illuminate/Foundation/Http/Middleware/TransformsRequest->handle(Object(Illuminate/Http/Request), Object(Closure))
#33 C:/Users/ASUS/Downloads/ProjekS2P_DashboardBoiler-main/ProjekS2P_DashboardBoiler-main/vendor/laravel/framework/src/Illuminate/Pipeline/Pipeline.php(219): Illuminate/Foundation/Http/Middleware/ConvertEmptyStringsToNull->handle(Object(Illuminate/Http/Request), Object(Closure))
#34 C:/Users/ASUS/Downloads/ProjekS2P_DashboardBoiler-main/ProjekS2P_DashboardBoiler-main/vendor/laravel/framework/src/Illuminate/Foundation/Http/Middleware/TransformsRequest.php(21): Illuminate/Pipeline/Pipeline->{closure:{closure:Illuminate/Pipeline/Pipeline::carry():194}:195}(Object(Illuminate/Http/Request))
#35 C:/Users/ASUS/Downloads/ProjekS2P_DashboardBoiler-main/ProjekS2P_DashboardBoiler-main/vendor/laravel/framework/src/Illuminate/Foundation/Http/Middleware/TrimStrings.php(51): Illuminate/Foundation/Http/Middleware/TransformsRequest->handle(Object(Illuminate/Http/Request), Object(Closure))
#36 C:/Users/ASUS/Downloads/ProjekS2P_DashboardBoiler-main/ProjekS2P_DashboardBoiler-main/vendor/laravel/framework/src/Illuminate/Pipeline/Pipeline.php(219): Illuminate/Foundation/Http/Middleware/TrimStrings->handle(Object(Illuminate/Http/Request), Object(Closure))
#37 C:/Users/ASUS/Downloads/ProjekS2P_DashboardBoiler-main/ProjekS2P_DashboardBoiler-main/vendor/laravel/framework/src/Illuminate/Http/Middleware/ValidatePostSize.php(27): Illuminate/Pipeline/Pipeline->{closure:{closure:Illuminate/Pipeline/Pipeline::carry():194}:195}(Object(Illuminate/Http/Request))
#38 C:/Users/ASUS/Downloads/ProjekS2P_DashboardBoiler-main/ProjekS2P_DashboardBoiler-main/vendor/laravel/framework/src/Illuminate/Pipeline/Pipeline.php(219): Illuminate/Http/Middleware/ValidatePostSize->handle(Object(Illuminate/Http/Request), Object(Closure))
#39 C:/Users/ASUS/Downloads/ProjekS2P_DashboardBoiler-main/ProjekS2P_DashboardBoiler-main/vendor/laravel/framework/src/Illuminate/Foundation/Http/Middleware/PreventRequestsDuringMaintenance.php(109): Illuminate/Pipeline/Pipeline->{closure:{closure:Illuminate/Pipeline/Pipeline::carry():194}:195}(Object(Illuminate/Http/Request))
#40 C:/Users/ASUS/Downloads/ProjekS2P_DashboardBoiler-main/ProjekS2P_DashboardBoiler-main/vendor/laravel/framework/src/Illuminate/Pipeline/Pipeline.php(219): Illuminate/Foundation/Http/Middleware/PreventRequestsDuringMaintenance->handle(Object(Illuminate/Http/Request), Object(Closure))
#41 C:/Users/ASUS/Downloads/ProjekS2P_DashboardBoiler-main/ProjekS2P_DashboardBoiler-main/vendor/laravel/framework/src/Illuminate/Http/Middleware/HandleCors.php(61): Illuminate/Pipeline/Pipeline->{closure:{closure:Illuminate/Pipeline/Pipeline::carry():194}:195}(Object(Illuminate/Http/Request))
#42 C:/Users/ASUS/Downloads/ProjekS2P_DashboardBoiler-main/ProjekS2P_DashboardBoiler-main/vendor/laravel/framework/src/Illuminate/Pipeline/Pipeline.php(219): Illuminate/Http/Middleware/HandleCors->handle(Object(Illuminate/Http/Request), Object(Closure))
#43 C:/Users/ASUS/Downloads/ProjekS2P_DashboardBoiler-main/ProjekS2P_DashboardBoiler-main/vendor/laravel/framework/src/Illuminate/Http/Middleware/TrustProxies.php(58): Illuminate/Pipeline/Pipeline->{closure:{closure:Illuminate/Pipeline/Pipeline::carry():194}:195}(Object(Illuminate/Http/Request))
#44 C:/Users/ASUS/Downloads/ProjekS2P_DashboardBoiler-main/ProjekS2P_DashboardBoiler-main/vendor/laravel/framework/src/Illuminate/Pipeline/Pipeline.php(219): Illuminate/Http/Middleware/TrustProxies->handle(Object(Illuminate/Http/Request), Object(Closure))
#45 C:/Users/ASUS/Downloads/ProjekS2P_DashboardBoiler-main/ProjekS2P_DashboardBoiler-main/vendor/laravel/framework/src/Illuminate/Foundation/Http/Middleware/InvokeDeferredCallbacks.php(22): Illuminate/Pipeline/Pipeline->{closure:{closure:Illuminate/Pipeline/Pipeline::carry():194}:195}(Object(Illuminate/Http/Request))
#46 C:/Users/ASUS/Downloads/ProjekS2P_DashboardBoiler-main/ProjekS2P_DashboardBoiler-main/vendor/laravel/framework/src/Illuminate/Pipeline/Pipeline.php(219): Illuminate/Foundation/Http/Middleware/InvokeDeferredCallbacks->handle(Object(Illuminate/Http/Request), Object(Closure))
#47 C:/Users/ASUS/Downloads/ProjekS2P_DashboardBoiler-main/ProjekS2P_DashboardBoiler-main/vendor/laravel/framework/src/Illuminate/Http/Middleware/ValidatePathEncoding.php(28): Illuminate/Pipeline/Pipeline->{closure:{closure:Illuminate/Pipeline/Pipeline::carry():194}:195}(Object(Illuminate/Http/Request))
#48 C:/Users/ASUS/Downloads/ProjekS2P_DashboardBoiler-main/ProjekS2P_DashboardBoiler-main/vendor/laravel/framework/src/Illuminate/Pipeline/Pipeline.php(219): Illuminate/Http/Middleware/ValidatePathEncoding->handle(Object(Illuminate/Http/Request), Object(Closure))
#49 C:/Users/ASUS/Downloads/ProjekS2P_DashboardBoiler-main/ProjekS2P_DashboardBoiler-main/vendor/laravel/framework/src/Illuminate/Pipeline/Pipeline.php(137): Illuminate/Pipeline/Pipeline->{closure:{closure:Illuminate/Pipeline/Pipeline::carry():194}:195}(Object(Illuminate/Http/Request))
#50 C:/Users/ASUS/Downloads/ProjekS2P_DashboardBoiler-main/ProjekS2P_DashboardBoiler-main/vendor/laravel/framework/src/Illuminate/Foundation/Http/Kernel.php(175): Illuminate/Pipeline/Pipeline->then(Object(Closure))
#51 C:/Users/ASUS/Downloads/ProjekS2P_DashboardBoiler-main/ProjekS2P_DashboardBoiler-main/vendor/laravel/framework/src/Illuminate/Foundation/Http/Kernel.php(144): Illuminate/Foundation/Http/Kernel->sendRequestThroughRouter(Object(Illuminate/Http/Request))
#52 C:/Users/ASUS/Downloads/ProjekS2P_DashboardBoiler-main/ProjekS2P_DashboardBoiler-main/vendor/laravel/framework/src/Illuminate/Foundation/Application.php(1220): Illuminate/Foundation/Http/Kernel->handle(Object(Illuminate/Http/Request))
#53 C:/Users/ASUS/Downloads/ProjekS2P_DashboardBoiler-main/ProjekS2P_DashboardBoiler-main/public/index.php(20): Illuminate/Foundation/Application->handleRequest(Object(Illuminate/Http/Request))
#54 C:/Users/ASUS/Downloads/ProjekS2P_DashboardBoiler-main/ProjekS2P_DashboardBoiler-main/vendor/laravel/framework/src/Illuminate/Foundation/resources/server.php(23): require_once('C://Users//ASUS//D...')
#55 {main}

[previous exception] [object] (InvalidArgumentException(code: 0): View [layouts.dashboard] not found. at C:/Users/ASUS/Downloads/ProjekS2P_DashboardBoiler-main/ProjekS2P_DashboardBoiler-main/vendor/laravel/framework/src/Illuminate/View/FileViewFinder.php:138)
[stacktrace]
#0 C:/Users/ASUS/Downloads/ProjekS2P_DashboardBoiler-main/ProjekS2P_DashboardBoiler-main/vendor/laravel/framework/src/Illuminate/View/FileViewFinder.php(78): Illuminate/View/FileViewFinder->findInPaths('layouts.dashboa...', Array)
#1 C:/Users/ASUS/Downloads/ProjekS2P_DashboardBoiler-main/ProjekS2P_DashboardBoiler-main/vendor/laravel/framework/src/Illuminate/View/Factory.php(150): Illuminate/View/FileViewFinder->find('layouts.dashboa...')
#2 C:/Users/ASUS/Downloads/ProjekS2P_DashboardBoiler-main/ProjekS2P_DashboardBoiler-main/storage/framework/views/ce45b96c059fbe3904f17d425f49272c.php(477): Illuminate/View/Factory->make('layouts.dashboa...', Array)
#3 C:/Users/ASUS/Downloads/ProjekS2P_DashboardBoiler-main/ProjekS2P_DashboardBoiler-main/vendor/laravel/framework/src/Illuminate/Filesystem/Filesystem.php(123): require('C://Users//ASUS//D...')
#4 C:/Users/ASUS/Downloads/ProjekS2P_DashboardBoiler-main/ProjekS2P_DashboardBoiler-main/vendor/laravel/framework/src/Illuminate/Filesystem/Filesystem.php(124): Illuminate/Filesystem/Filesystem::{closure:Illuminate/Filesystem/Filesystem::getRequire():120}()
#5 C:/Users/ASUS/Downloads/ProjekS2P_DashboardBoiler-main/ProjekS2P_DashboardBoiler-main/vendor/laravel/framework/src/Illuminate/View/Engines/PhpEngine.php(57): Illuminate/Filesystem/Filesystem->getRequire('C://Users//ASUS//D...', Array)
#6 C:/Users/ASUS/Downloads/ProjekS2P_DashboardBoiler-main/ProjekS2P_DashboardBoiler-main/vendor/laravel/framework/src/Illuminate/View/Engines/CompilerEngine.php(76): Illuminate/View/Engines/PhpEngine->evaluatePath('C://Users//ASUS//D...', Array)
#7 C:/Users/ASUS/Downloads/ProjekS2P_DashboardBoiler-main/ProjekS2P_DashboardBoiler-main/vendor/laravel/framework/src/Illuminate/View/View.php(208): Illuminate/View/Engines/CompilerEngine->get('C://Users//ASUS//D...', Array)
#8 C:/Users/ASUS/Downloads/ProjekS2P_DashboardBoiler-main/ProjekS2P_DashboardBoiler-main/vendor/laravel/framework/src/Illuminate/View/View.php(191): Illuminate/View/View->getContents()
#9 C:/Users/ASUS/Downloads/ProjekS2P_DashboardBoiler-main/ProjekS2P_DashboardBoiler-main/vendor/laravel/framework/src/Illuminate/View/View.php(160): Illuminate/View/View->renderContents()
#10 C:/Users/ASUS/Downloads/ProjekS2P_DashboardBoiler-main/ProjekS2P_DashboardBoiler-main/vendor/laravel/framework/src/Illuminate/Http/Response.php(82): Illuminate/View/View->render()
#11 C:/Users/ASUS/Downloads/ProjekS2P_DashboardBoiler-main/ProjekS2P_DashboardBoiler-main/vendor/laravel/framework/src/Illuminate/Http/Response.php(40): Illuminate/Http/Response->setContent(Object(Illuminate/View/View))
#12 C:/Users/ASUS/Downloads/ProjekS2P_DashboardBoiler-main/ProjekS2P_DashboardBoiler-main/vendor/laravel/framework/src/Illuminate/Routing/Router.php(939): Illuminate/Http/Response->__construct(Object(Illuminate/View/View), 200, Array)
#13 C:/Users/ASUS/Downloads/ProjekS2P_DashboardBoiler-main/ProjekS2P_DashboardBoiler-main/vendor/laravel/framework/src/Illuminate/Routing/Router.php(906): Illuminate/Routing/Router::toResponse(Object(Illuminate/Http/Request), Object(Illuminate/View/View))
#14 C:/Users/ASUS/Downloads/ProjekS2P_DashboardBoiler-main/ProjekS2P_DashboardBoiler-main/vendor/laravel/framework/src/Illuminate/Routing/Router.php(821): Illuminate/Routing/Router->prepareResponse(Object(Illuminate/Http/Request), Object(Illuminate/View/View))
#15 C:/Users/ASUS/Downloads/ProjekS2P_DashboardBoiler-main/ProjekS2P_DashboardBoiler-main/vendor/laravel/framework/src/Illuminate/Pipeline/Pipeline.php(180): Illuminate/Routing/Router->{closure:Illuminate/Routing/Router::runRouteWithinStack():821}(Object(Illuminate/Http/Request))
#16 C:/Users/ASUS/Downloads/ProjekS2P_DashboardBoiler-main/ProjekS2P_DashboardBoiler-main/vendor/laravel/framework/src/Illuminate/Routing/Middleware/SubstituteBindings.php(52): Illuminate/Pipeline/Pipeline->{closure:Illuminate/Pipeline/Pipeline::prepareDestination():178}(Object(Illuminate/Http/Request))
#17 C:/Users/ASUS/Downloads/ProjekS2P_DashboardBoiler-main/ProjekS2P_DashboardBoiler-main/vendor/laravel/framework/src/Illuminate/Pipeline/Pipeline.php(219): Illuminate/Routing/Middleware/SubstituteBindings->handle(Object(Illuminate/Http/Request), Object(Closure))
#18 C:/Users/ASUS/Downloads/ProjekS2P_DashboardBoiler-main/ProjekS2P_DashboardBoiler-main/vendor/laravel/framework/src/Illuminate/Foundation/Http/Middleware/PreventRequestForgery.php(104): Illuminate/Pipeline/Pipeline->{closure:{closure:Illuminate/Pipeline/Pipeline::carry():194}:195}(Object(Illuminate/Http/Request))
#19 C:/Users/ASUS/Downloads/ProjekS2P_DashboardBoiler-main/ProjekS2P_DashboardBoiler-main/vendor/laravel/framework/src/Illuminate/Pipeline/Pipeline.php(219): Illuminate/Foundation/Http/Middleware/PreventRequestForgery->handle(Object(Illuminate/Http/Request), Object(Closure))
#20 C:/Users/ASUS/Downloads/ProjekS2P_DashboardBoiler-main/ProjekS2P_DashboardBoiler-main/vendor/laravel/framework/src/Illuminate/View/Middleware/ShareErrorsFromSession.php(48): Illuminate/Pipeline/Pipeline->{closure:{closure:Illuminate/Pipeline/Pipeline::carry():194}:195}(Object(Illuminate/Http/Request))
#21 C:/Users/ASUS/Downloads/ProjekS2P_DashboardBoiler-main/ProjekS2P_DashboardBoiler-main/vendor/laravel/framework/src/Illuminate/Pipeline/Pipeline.php(219): Illuminate/View/Middleware/ShareErrorsFromSession->handle(Object(Illuminate/Http/Request), Object(Closure))
#22 C:/Users/ASUS/Downloads/ProjekS2P_DashboardBoiler-main/ProjekS2P_DashboardBoiler-main/vendor/laravel/framework/src/Illuminate/Session/Middleware/StartSession.php(120): Illuminate/Pipeline/Pipeline->{closure:{closure:Illuminate/Pipeline/Pipeline::carry():194}:195}(Object(Illuminate/Http/Request))
#23 C:/Users/ASUS/Downloads/ProjekS2P_DashboardBoiler-main/ProjekS2P_DashboardBoiler-main/vendor/laravel/framework/src/Illuminate/Session/Middleware/StartSession.php(63): Illuminate/Session/Middleware/StartSession->handleStatefulRequest(Object(Illuminate/Http/Request), Object(Illuminate/Session/Store), Object(Closure))
#24 C:/Users/ASUS/Downloads/ProjekS2P_DashboardBoiler-main/ProjekS2P_DashboardBoiler-main/vendor/laravel/framework/src/Illuminate/Pipeline/Pipeline.php(219): Illuminate/Session/Middleware/StartSession->handle(Object(Illuminate/Http/Request), Object(Closure))
#25 C:/Users/ASUS/Downloads/ProjekS2P_DashboardBoiler-main/ProjekS2P_DashboardBoiler-main/vendor/laravel/framework/src/Illuminate/Cookie/Middleware/AddQueuedCookiesToResponse.php(36): Illuminate/Pipeline/Pipeline->{closure:{closure:Illuminate/Pipeline/Pipeline::carry():194}:195}(Object(Illuminate/Http/Request))
#26 C:/Users/ASUS/Downloads/ProjekS2P_DashboardBoiler-main/ProjekS2P_DashboardBoiler-main/vendor/laravel/framework/src/Illuminate/Pipeline/Pipeline.php(219): Illuminate/Cookie/Middleware/AddQueuedCookiesToResponse->handle(Object(Illuminate/Http/Request), Object(Closure))
#27 C:/Users/ASUS/Downloads/ProjekS2P_DashboardBoiler-main/ProjekS2P_DashboardBoiler-main/vendor/laravel/framework/src/Illuminate/Cookie/Middleware/EncryptCookies.php(74): Illuminate/Pipeline/Pipeline->{closure:{closure:Illuminate/Pipeline/Pipeline::carry():194}:195}(Object(Illuminate/Http/Request))
#28 C:/Users/ASUS/Downloads/ProjekS2P_DashboardBoiler-main/ProjekS2P_DashboardBoiler-main/vendor/laravel/framework/src/Illuminate/Pipeline/Pipeline.php(219): Illuminate/Cookie/Middleware/EncryptCookies->handle(Object(Illuminate/Http/Request), Object(Closure))
#29 C:/Users/ASUS/Downloads/ProjekS2P_DashboardBoiler-main/ProjekS2P_DashboardBoiler-main/vendor/laravel/framework/src/Illuminate/Pipeline/Pipeline.php(137): Illuminate/Pipeline/Pipeline->{closure:{closure:Illuminate/Pipeline/Pipeline::carry():194}:195}(Object(Illuminate/Http/Request))
#30 C:/Users/ASUS/Downloads/ProjekS2P_DashboardBoiler-main/ProjekS2P_DashboardBoiler-main/vendor/laravel/framework/src/Illuminate/Routing/Router.php(821): Illuminate/Pipeline/Pipeline->then(Object(Closure))
#31 C:/Users/ASUS/Downloads/ProjekS2P_DashboardBoiler-main/ProjekS2P_DashboardBoiler-main/vendor/laravel/framework/src/Illuminate/Routing/Router.php(800): Illuminate/Routing/Router->runRouteWithinStack(Object(Illuminate/Routing/Route), Object(Illuminate/Http/Request))
#32 C:/Users/ASUS/Downloads/ProjekS2P_DashboardBoiler-main/ProjekS2P_DashboardBoiler-main/vendor/laravel/framework/src/Illuminate/Routing/Router.php(764): Illuminate/Routing/Router->runRoute(Object(Illuminate/Http/Request), Object(Illuminate/Routing/Route))
#33 C:/Users/ASUS/Downloads/ProjekS2P_DashboardBoiler-main/ProjekS2P_DashboardBoiler-main/vendor/laravel/framework/src/Illuminate/Routing/Router.php(753): Illuminate/Routing/Router->dispatchToRoute(Object(Illuminate/Http/Request))
#34 C:/Users/ASUS/Downloads/ProjekS2P_DashboardBoiler-main/ProjekS2P_DashboardBoiler-main/vendor/laravel/framework/src/Illuminate/Foundation/Http/Kernel.php(200): Illuminate/Routing/Router->dispatch(Object(Illuminate/Http/Request))
#35 C:/Users/ASUS/Downloads/ProjekS2P_DashboardBoiler-main/ProjekS2P_DashboardBoiler-main/vendor/laravel/framework/src/Illuminate/Pipeline/Pipeline.php(180): Illuminate/Foundation/Http/Kernel->{closure:Illuminate/Foundation/Http/Kernel::dispatchToRouter():197}(Object(Illuminate/Http/Request))
#36 C:/Users/ASUS/Downloads/ProjekS2P_DashboardBoiler-main/ProjekS2P_DashboardBoiler-main/vendor/laravel/framework/src/Illuminate/Foundation/Http/Middleware/TransformsRequest.php(21): Illuminate/Pipeline/Pipeline->{closure:Illuminate/Pipeline/Pipeline::prepareDestination():178}(Object(Illuminate/Http/Request))
#37 C:/Users/ASUS/Downloads/ProjekS2P_DashboardBoiler-main/ProjekS2P_DashboardBoiler-main/vendor/laravel/framework/src/Illuminate/Foundation/Http/Middleware/ConvertEmptyStringsToNull.php(31): Illuminate/Foundation/Http/Middleware/TransformsRequest->handle(Object(Illuminate/Http/Request), Object(Closure))
#38 C:/Users/ASUS/Downloads/ProjekS2P_DashboardBoiler-main/ProjekS2P_DashboardBoiler-main/vendor/laravel/framework/src/Illuminate/Pipeline/Pipeline.php(219): Illuminate/Foundation/Http/Middleware/ConvertEmptyStringsToNull->handle(Object(Illuminate/Http/Request), Object(Closure))
#39 C:/Users/ASUS/Downloads/ProjekS2P_DashboardBoiler-main/ProjekS2P_DashboardBoiler-main/vendor/laravel/framework/src/Illuminate/Foundation/Http/Middleware/TransformsRequest.php(21): Illuminate/Pipeline/Pipeline->{closure:{closure:Illuminate/Pipeline/Pipeline::carry():194}:195}(Object(Illuminate/Http/Request))
#40 C:/Users/ASUS/Downloads/ProjekS2P_DashboardBoiler-main/ProjekS2P_DashboardBoiler-main/vendor/laravel/framework/src/Illuminate/Foundation/Http/Middleware/TrimStrings.php(51): Illuminate/Foundation/Http/Middleware/TransformsRequest->handle(Object(Illuminate/Http/Request), Object(Closure))
#41 C:/Users/ASUS/Downloads/ProjekS2P_DashboardBoiler-main/ProjekS2P_DashboardBoiler-main/vendor/laravel/framework/src/Illuminate/Pipeline/Pipeline.php(219): Illuminate/Foundation/Http/Middleware/TrimStrings->handle(Object(Illuminate/Http/Request), Object(Closure))
#42 C:/Users/ASUS/Downloads/ProjekS2P_DashboardBoiler-main/ProjekS2P_DashboardBoiler-main/vendor/laravel/framework/src/Illuminate/Http/Middleware/ValidatePostSize.php(27): Illuminate/Pipeline/Pipeline->{closure:{closure:Illuminate/Pipeline/Pipeline::carry():194}:195}(Object(Illuminate/Http/Request))
#43 C:/Users/ASUS/Downloads/ProjekS2P_DashboardBoiler-main/ProjekS2P_DashboardBoiler-main/vendor/laravel/framework/src/Illuminate/Pipeline/Pipeline.php(219): Illuminate/Http/Middleware/ValidatePostSize->handle(Object(Illuminate/Http/Request), Object(Closure))
#44 C:/Users/ASUS/Downloads/ProjekS2P_DashboardBoiler-main/ProjekS2P_DashboardBoiler-main/vendor/laravel/framework/src/Illuminate/Foundation/Http/Middleware/PreventRequestsDuringMaintenance.php(109): Illuminate/Pipeline/Pipeline->{closure:{closure:Illuminate/Pipeline/Pipeline::carry():194}:195}(Object(Illuminate/Http/Request))
#45 C:/Users/ASUS/Downloads/ProjekS2P_DashboardBoiler-main/ProjekS2P_DashboardBoiler-main/vendor/laravel/framework/src/Illuminate/Pipeline/Pipeline.php(219): Illuminate/Foundation/Http/Middleware/PreventRequestsDuringMaintenance->handle(Object(Illuminate/Http/Request), Object(Closure))
#46 C:/Users/ASUS/Downloads/ProjekS2P_DashboardBoiler-main/ProjekS2P_DashboardBoiler-main/vendor/laravel/framework/src/Illuminate/Http/Middleware/HandleCors.php(61): Illuminate/Pipeline/Pipeline->{closure:{closure:Illuminate/Pipeline/Pipeline::carry():194}:195}(Object(Illuminate/Http/Request))
#47 C:/Users/ASUS/Downloads/ProjekS2P_DashboardBoiler-main/ProjekS2P_DashboardBoiler-main/vendor/laravel/framework/src/Illuminate/Pipeline/Pipeline.php(219): Illuminate/Http/Middleware/HandleCors->handle(Object(Illuminate/Http/Request), Object(Closure))
#48 C:/Users/ASUS/Downloads/ProjekS2P_DashboardBoiler-main/ProjekS2P_DashboardBoiler-main/vendor/laravel/framework/src/Illuminate/Http/Middleware/TrustProxies.php(58): Illuminate/Pipeline/Pipeline->{closure:{closure:Illuminate/Pipeline/Pipeline::carry():194}:195}(Object(Illuminate/Http/Request))
#49 C:/Users/ASUS/Downloads/ProjekS2P_DashboardBoiler-main/ProjekS2P_DashboardBoiler-main/vendor/laravel/framework/src/Illuminate/Pipeline/Pipeline.php(219): Illuminate/Http/Middleware/TrustProxies->handle(Object(Illuminate/Http/Request), Object(Closure))
#50 C:/Users/ASUS/Downloads/ProjekS2P_DashboardBoiler-main/ProjekS2P_DashboardBoiler-main/vendor/laravel/framework/src/Illuminate/Foundation/Http/Middleware/InvokeDeferredCallbacks.php(22): Illuminate/Pipeline/Pipeline->{closure:{closure:Illuminate/Pipeline/Pipeline::carry():194}:195}(Object(Illuminate/Http/Request))
#51 C:/Users/ASUS/Downloads/ProjekS2P_DashboardBoiler-main/ProjekS2P_DashboardBoiler-main/vendor/laravel/framework/src/Illuminate/Pipeline/Pipeline.php(219): Illuminate/Foundation/Http/Middleware/InvokeDeferredCallbacks->handle(Object(Illuminate/Http/Request), Object(Closure))
#52 C:/Users/ASUS/Downloads/ProjekS2P_DashboardBoiler-main/ProjekS2P_DashboardBoiler-main/vendor/laravel/framework/src/Illuminate/Http/Middleware/ValidatePathEncoding.php(28): Illuminate/Pipeline/Pipeline->{closure:{closure:Illuminate/Pipeline/Pipeline::carry():194}:195}(Object(Illuminate/Http/Request))
#53 C:/Users/ASUS/Downloads/ProjekS2P_DashboardBoiler-main/ProjekS2P_DashboardBoiler-main/vendor/laravel/framework/src/Illuminate/Pipeline/Pipeline.php(219): Illuminate/Http/Middleware/ValidatePathEncoding->handle(Object(Illuminate/Http/Request), Object(Closure))
#54 C:/Users/ASUS/Downloads/ProjekS2P_DashboardBoiler-main/ProjekS2P_DashboardBoiler-main/vendor/laravel/framework/src/Illuminate/Pipeline/Pipeline.php(137): Illuminate/Pipeline/Pipeline->{closure:{closure:Illuminate/Pipeline/Pipeline::carry():194}:195}(Object(Illuminate/Http/Request))
#55 C:/Users/ASUS/Downloads/ProjekS2P_DashboardBoiler-main/ProjekS2P_DashboardBoiler-main/vendor/laravel/framework/src/Illuminate/Foundation/Http/Kernel.php(175): Illuminate/Pipeline/Pipeline->then(Object(Closure))
#56 C:/Users/ASUS/Downloads/ProjekS2P_DashboardBoiler-main/ProjekS2P_DashboardBoiler-main/vendor/laravel/framework/src/Illuminate/Foundation/Http/Kernel.php(144): Illuminate/Foundation/Http/Kernel->sendRequestThroughRouter(Object(Illuminate/Http/Request))
#57 C:/Users/ASUS/Downloads/ProjekS2P_DashboardBoiler-main/ProjekS2P_DashboardBoiler-main/vendor/laravel/framework/src/Illuminate/Foundation/Application.php(1220): Illuminate/Foundation/Http/Kernel->handle(Object(Illuminate/Http/Request))
#58 C:/Users/ASUS/Downloads/ProjekS2P_DashboardBoiler-main/ProjekS2P_DashboardBoiler-main/public/index.php(20): Illuminate/Foundation/Application->handleRequest(Object(Illuminate/Http/Request))
#59 C:/Users/ASUS/Downloads/ProjekS2P_DashboardBoiler-main/ProjekS2P_DashboardBoiler-main/vendor/laravel/framework/src/Illuminate/Foundation/resources/server.php(23): require_once('C://Users//ASUS//D...')
#60 {main}
"} 
[2026-07-24 08:33:47] local.ERROR: View [layouts.dashboard] not found. (View: C:\Users\ASUS\Downloads\ProjekS2P_DashboardBoiler-main\ProjekS2P_DashboardBoiler-main\resources\views\dashboard.blade.php) {"exception":"[object] (Illuminate\\View\\ViewException(code: 0): View [layouts.dashboard] not found. (View: C:\\Users\\ASUS\\Downloads\\ProjekS2P_DashboardBoiler-main\\ProjekS2P_DashboardBoiler-main\\resources\\views\\dashboard.blade.php) at C:/Users/ASUS/Downloads/ProjekS2P_DashboardBoiler-main/ProjekS2P_DashboardBoiler-main/vendor/laravel/framework/src/Illuminate/View/FileViewFinder.php:138)
[stacktrace]
#0 C:/Users/ASUS/Downloads/ProjekS2P_DashboardBoiler-main/ProjekS2P_DashboardBoiler-main/vendor/laravel/framework/src/Illuminate/View/Engines/PhpEngine.php(59): Illuminate/View/Engines/CompilerEngine->handleViewException(Object(InvalidArgumentException), 1)
#1 C:/Users/ASUS/Downloads/ProjekS2P_DashboardBoiler-main/ProjekS2P_DashboardBoiler-main/vendor/laravel/framework/src/Illuminate/View/Engines/CompilerEngine.php(76): Illuminate/View/Engines/PhpEngine->evaluatePath('C://Users//ASUS//D...', Array)
#2 C:/Users/ASUS/Downloads/ProjekS2P_DashboardBoiler-main/ProjekS2P_DashboardBoiler-main/vendor/laravel/framework/src/Illuminate/View/View.php(208): Illuminate/View/Engines/CompilerEngine->get('C://Users//ASUS//D...', Array)
#3 C:/Users/ASUS/Downloads/ProjekS2P_DashboardBoiler-main/ProjekS2P_DashboardBoiler-main/vendor/laravel/framework/src/Illuminate/View/View.php(191): Illuminate/View/View->getContents()
#4 C:/Users/ASUS/Downloads/ProjekS2P_DashboardBoiler-main/ProjekS2P_DashboardBoiler-main/vendor/laravel/framework/src/Illuminate/View/View.php(160): Illuminate/View/View->renderContents()
#5 C:/Users/ASUS/Downloads/ProjekS2P_DashboardBoiler-main/ProjekS2P_DashboardBoiler-main/vendor/laravel/framework/src/Illuminate/Http/Response.php(82): Illuminate/View/View->render()
#6 C:/Users/ASUS/Downloads/ProjekS2P_DashboardBoiler-main/ProjekS2P_DashboardBoiler-main/vendor/laravel/framework/src/Illuminate/Http/Response.php(40): Illuminate/Http/Response->setContent(Object(Illuminate/View/View))
#7 C:/Users/ASUS/Downloads/ProjekS2P_DashboardBoiler-main/ProjekS2P_DashboardBoiler-main/vendor/laravel/framework/src/Illuminate/Routing/Router.php(939): Illuminate/Http/Response->__construct(Object(Illuminate/View/View), 200, Array)
#8 C:/Users/ASUS/Downloads/ProjekS2P_DashboardBoiler-main/ProjekS2P_DashboardBoiler-main/vendor/laravel/framework/src/Illuminate/Routing/Router.php(906): Illuminate/Routing/Router::toResponse(Object(Illuminate/Http/Request), Object(Illuminate/View/View))
#9 C:/Users/ASUS/Downloads/ProjekS2P_DashboardBoiler-main/ProjekS2P_DashboardBoiler-main/vendor/laravel/framework/src/Illuminate/Routing/Router.php(821): Illuminate/Routing/Router->prepareResponse(Object(Illuminate/Http/Request), Object(Illuminate/View/View))
#10 C:/Users/ASUS/Downloads/ProjekS2P_DashboardBoiler-main/ProjekS2P_DashboardBoiler-main/vendor/laravel/framework/src/Illuminate/Pipeline/Pipeline.php(180): Illuminate/Routing/Router->{closure:Illuminate/Routing/Router::runRouteWithinStack():821}(Object(Illuminate/Http/Request))
#11 C:/Users/ASUS/Downloads/ProjekS2P_DashboardBoiler-main/ProjekS2P_DashboardBoiler-main/vendor/laravel/framework/src/Illuminate/Routing/Middleware/SubstituteBindings.php(52): Illuminate/Pipeline/Pipeline->{closure:Illuminate/Pipeline/Pipeline::prepareDestination():178}(Object(Illuminate/Http/Request))
#12 C:/Users/ASUS/Downloads/ProjekS2P_DashboardBoiler-main/ProjekS2P_DashboardBoiler-main/vendor/laravel/framework/src/Illuminate/Pipeline/Pipeline.php(219): Illuminate/Routing/Middleware/SubstituteBindings->handle(Object(Illuminate/Http/Request), Object(Closure))
#13 C:/Users/ASUS/Downloads/ProjekS2P_DashboardBoiler-main/ProjekS2P_DashboardBoiler-main/vendor/laravel/framework/src/Illuminate/Foundation/Http/Middleware/PreventRequestForgery.php(104): Illuminate/Pipeline/Pipeline->{closure:{closure:Illuminate/Pipeline/Pipeline::carry():194}:195}(Object(Illuminate/Http/Request))
#14 C:/Users/ASUS/Downloads/ProjekS2P_DashboardBoiler-main/ProjekS2P_DashboardBoiler-main/vendor/laravel/framework/src/Illuminate/Pipeline/Pipeline.php(219): Illuminate/Foundation/Http/Middleware/PreventRequestForgery->handle(Object(Illuminate/Http/Request), Object(Closure))
#15 C:/Users/ASUS/Downloads/ProjekS2P_DashboardBoiler-main/ProjekS2P_DashboardBoiler-main/vendor/laravel/framework/src/Illuminate/View/Middleware/ShareErrorsFromSession.php(48): Illuminate/Pipeline/Pipeline->{closure:{closure:Illuminate/Pipeline/Pipeline::carry():194}:195}(Object(Illuminate/Http/Request))
#16 C:/Users/ASUS/Downloads/ProjekS2P_DashboardBoiler-main/ProjekS2P_DashboardBoiler-main/vendor/laravel/framework/src/Illuminate/Pipeline/Pipeline.php(219): Illuminate/View/Middleware/ShareErrorsFromSession->handle(Object(Illuminate/Http/Request), Object(Closure))
#17 C:/Users/ASUS/Downloads/ProjekS2P_DashboardBoiler-main/ProjekS2P_DashboardBoiler-main/vendor/laravel/framework/src/Illuminate/Session/Middleware/StartSession.php(120): Illuminate/Pipeline/Pipeline->{closure:{closure:Illuminate/Pipeline/Pipeline::carry():194}:195}(Object(Illuminate/Http/Request))
#18 C:/Users/ASUS/Downloads/ProjekS2P_DashboardBoiler-main/ProjekS2P_DashboardBoiler-main/vendor/laravel/framework/src/Illuminate/Session/Middleware/StartSession.php(63): Illuminate/Session/Middleware/StartSession->handleStatefulRequest(Object(Illuminate/Http/Request), Object(Illuminate/Session/Store), Object(Closure))
#19 C:/Users/ASUS/Downloads/ProjekS2P_DashboardBoiler-main/ProjekS2P_DashboardBoiler-main/vendor/laravel/framework/src/Illuminate/Pipeline/Pipeline.php(219): Illuminate/Session/Middleware/StartSession->handle(Object(Illuminate/Http/Request), Object(Closure))
#20 C:/Users/ASUS/Downloads/ProjekS2P_DashboardBoiler-main/ProjekS2P_DashboardBoiler-main/vendor/laravel/framework/src/Illuminate/Cookie/Middleware/AddQueuedCookiesToResponse.php(36): Illuminate/Pipeline/Pipeline->{closure:{closure:Illuminate/Pipeline/Pipeline::carry():194}:195}(Object(Illuminate/Http/Request))
#21 C:/Users/ASUS/Downloads/ProjekS2P_DashboardBoiler-main/ProjekS2P_DashboardBoiler-main/vendor/laravel/framework/src/Illuminate/Pipeline/Pipeline.php(219): Illuminate/Cookie/Middleware/AddQueuedCookiesToResponse->handle(Object(Illuminate/Http/Request), Object(Closure))
#22 C:/Users/ASUS/Downloads/ProjekS2P_DashboardBoiler-main/ProjekS2P_DashboardBoiler-main/vendor/laravel/framework/src/Illuminate/Cookie/Middleware/EncryptCookies.php(74): Illuminate/Pipeline/Pipeline->{closure:{closure:Illuminate/Pipeline/Pipeline::carry():194}:195}(Object(Illuminate/Http/Request))
#23 C:/Users/ASUS/Downloads/ProjekS2P_DashboardBoiler-main/ProjekS2P_DashboardBoiler-main/vendor/laravel/framework/src/Illuminate/Pipeline/Pipeline.php(219): Illuminate/Cookie/Middleware/EncryptCookies->handle(Object(Illuminate/Http/Request), Object(Closure))
#24 C:/Users/ASUS/Downloads/ProjekS2P_DashboardBoiler-main/ProjekS2P_DashboardBoiler-main/vendor/laravel/framework/src/Illuminate/Pipeline/Pipeline.php(137): Illuminate/Pipeline/Pipeline->{closure:{closure:Illuminate/Pipeline/Pipeline::carry():194}:195}(Object(Illuminate/Http/Request))
#25 C:/Users/ASUS/Downloads/ProjekS2P_DashboardBoiler-main/ProjekS2P_DashboardBoiler-main/vendor/laravel/framework/src/Illuminate/Routing/Router.php(821): Illuminate/Pipeline/Pipeline->then(Object(Closure))
#26 C:/Users/ASUS/Downloads/ProjekS2P_DashboardBoiler-main/ProjekS2P_DashboardBoiler-main/vendor/laravel/framework/src/Illuminate/Routing/Router.php(800): Illuminate/Routing/Router->runRouteWithinStack(Object(Illuminate/Routing/Route), Object(Illuminate/Http/Request))
#27 C:/Users/ASUS/Downloads/ProjekS2P_DashboardBoiler-main/ProjekS2P_DashboardBoiler-main/vendor/laravel/framework/src/Illuminate/Routing/Router.php(764): Illuminate/Routing/Router->runRoute(Object(Illuminate/Http/Request), Object(Illuminate/Routing/Route))
#28 C:/Users/ASUS/Downloads/ProjekS2P_DashboardBoiler-main/ProjekS2P_DashboardBoiler-main/vendor/laravel/framework/src/Illuminate/Routing/Router.php(753): Illuminate/Routing/Router->dispatchToRoute(Object(Illuminate/Http/Request))
#29 C:/Users/ASUS/Downloads/ProjekS2P_DashboardBoiler-main/ProjekS2P_DashboardBoiler-main/vendor/laravel/framework/src/Illuminate/Foundation/Http/Kernel.php(200): Illuminate/Routing/Router->dispatch(Object(Illuminate/Http/Request))
#30 C:/Users/ASUS/Downloads/ProjekS2P_DashboardBoiler-main/ProjekS2P_DashboardBoiler-main/vendor/laravel/framework/src/Illuminate/Pipeline/Pipeline.php(180): Illuminate/Foundation/Http/Kernel->{closure:Illuminate/Foundation/Http/Kernel::dispatchToRouter():197}(Object(Illuminate/Http/Request))
#31 C:/Users/ASUS/Downloads/ProjekS2P_DashboardBoiler-main/ProjekS2P_DashboardBoiler-main/vendor/laravel/framework/src/Illuminate/Foundation/Http/Middleware/TransformsRequest.php(21): Illuminate/Pipeline/Pipeline->{closure:Illuminate/Pipeline/Pipeline::prepareDestination():178}(Object(Illuminate/Http/Request))
#32 C:/Users/ASUS/Downloads/ProjekS2P_DashboardBoiler-main/ProjekS2P_DashboardBoiler-main/vendor/laravel/framework/src/Illuminate/Foundation/Http/Middleware/ConvertEmptyStringsToNull.php(31): Illuminate/Foundation/Http/Middleware/TransformsRequest->handle(Object(Illuminate/Http/Request), Object(Closure))
#33 C:/Users/ASUS/Downloads/ProjekS2P_DashboardBoiler-main/ProjekS2P_DashboardBoiler-main/vendor/laravel/framework/src/Illuminate/Pipeline/Pipeline.php(219): Illuminate/Foundation/Http/Middleware/ConvertEmptyStringsToNull->handle(Object(Illuminate/Http/Request), Object(Closure))
#34 C:/Users/ASUS/Downloads/ProjekS2P_DashboardBoiler-main/ProjekS2P_DashboardBoiler-main/vendor/laravel/framework/src/Illuminate/Foundation/Http/Middleware/TransformsRequest.php(21): Illuminate/Pipeline/Pipeline->{closure:{closure:Illuminate/Pipeline/Pipeline::carry():194}:195}(Object(Illuminate/Http/Request))
#35 C:/Users/ASUS/Downloads/ProjekS2P_DashboardBoiler-main/ProjekS2P_DashboardBoiler-main/vendor/laravel/framework/src/Illuminate/Foundation/Http/Middleware/TrimStrings.php(51): Illuminate/Foundation/Http/Middleware/TransformsRequest->handle(Object(Illuminate/Http/Request), Object(Closure))
#36 C:/Users/ASUS/Downloads/ProjekS2P_DashboardBoiler-main/ProjekS2P_DashboardBoiler-main/vendor/laravel/framework/src/Illuminate/Pipeline/Pipeline.php(219): Illuminate/Foundation/Http/Middleware/TrimStrings->handle(Object(Illuminate/Http/Request), Object(Closure))
#37 C:/Users/ASUS/Downloads/ProjekS2P_DashboardBoiler-main/ProjekS2P_DashboardBoiler-main/vendor/laravel/framework/src/Illuminate/Http/Middleware/ValidatePostSize.php(27): Illuminate/Pipeline/Pipeline->{closure:{closure:Illuminate/Pipeline/Pipeline::carry():194}:195}(Object(Illuminate/Http/Request))
#38 C:/Users/ASUS/Downloads/ProjekS2P_DashboardBoiler-main/ProjekS2P_DashboardBoiler-main/vendor/laravel/framework/src/Illuminate/Pipeline/Pipeline.php(219): Illuminate/Http/Middleware/ValidatePostSize->handle(Object(Illuminate/Http/Request), Object(Closure))
#39 C:/Users/ASUS/Downloads/ProjekS2P_DashboardBoiler-main/ProjekS2P_DashboardBoiler-main/vendor/laravel/framework/src/Illuminate/Foundation/Http/Middleware/PreventRequestsDuringMaintenance.php(109): Illuminate/Pipeline/Pipeline->{closure:{closure:Illuminate/Pipeline/Pipeline::carry():194}:195}(Object(Illuminate/Http/Request))
#40 C:/Users/ASUS/Downloads/ProjekS2P_DashboardBoiler-main/ProjekS2P_DashboardBoiler-main/vendor/laravel/framework/src/Illuminate/Pipeline/Pipeline.php(219): Illuminate/Foundation/Http/Middleware/PreventRequestsDuringMaintenance->handle(Object(Illuminate/Http/Request), Object(Closure))
#41 C:/Users/ASUS/Downloads/ProjekS2P_DashboardBoiler-main/ProjekS2P_DashboardBoiler-main/vendor/laravel/framework/src/Illuminate/Http/Middleware/HandleCors.php(61): Illuminate/Pipeline/Pipeline->{closure:{closure:Illuminate/Pipeline/Pipeline::carry():194}:195}(Object(Illuminate/Http/Request))
#42 C:/Users/ASUS/Downloads/ProjekS2P_DashboardBoiler-main/ProjekS2P_DashboardBoiler-main/vendor/laravel/framework/src/Illuminate/Pipeline/Pipeline.php(219): Illuminate/Http/Middleware/HandleCors->handle(Object(Illuminate/Http/Request), Object(Closure))
#43 C:/Users/ASUS/Downloads/ProjekS2P_DashboardBoiler-main/ProjekS2P_DashboardBoiler-main/vendor/laravel/framework/src/Illuminate/Http/Middleware/TrustProxies.php(58): Illuminate/Pipeline/Pipeline->{closure:{closure:Illuminate/Pipeline/Pipeline::carry():194}:195}(Object(Illuminate/Http/Request))
#44 C:/Users/ASUS/Downloads/ProjekS2P_DashboardBoiler-main/ProjekS2P_DashboardBoiler-main/vendor/laravel/framework/src/Illuminate/Pipeline/Pipeline.php(219): Illuminate/Http/Middleware/TrustProxies->handle(Object(Illuminate/Http/Request), Object(Closure))
#45 C:/Users/ASUS/Downloads/ProjekS2P_DashboardBoiler-main/ProjekS2P_DashboardBoiler-main/vendor/laravel/framework/src/Illuminate/Foundation/Http/Middleware/InvokeDeferredCallbacks.php(22): Illuminate/Pipeline/Pipeline->{closure:{closure:Illuminate/Pipeline/Pipeline::carry():194}:195}(Object(Illuminate/Http/Request))
#46 C:/Users/ASUS/Downloads/ProjekS2P_DashboardBoiler-main/ProjekS2P_DashboardBoiler-main/vendor/laravel/framework/src/Illuminate/Pipeline/Pipeline.php(219): Illuminate/Foundation/Http/Middleware/InvokeDeferredCallbacks->handle(Object(Illuminate/Http/Request), Object(Closure))
#47 C:/Users/ASUS/Downloads/ProjekS2P_DashboardBoiler-main/ProjekS2P_DashboardBoiler-main/vendor/laravel/framework/src/Illuminate/Http/Middleware/ValidatePathEncoding.php(28): Illuminate/Pipeline/Pipeline->{closure:{closure:Illuminate/Pipeline/Pipeline::carry():194}:195}(Object(Illuminate/Http/Request))
#48 C:/Users/ASUS/Downloads/ProjekS2P_DashboardBoiler-main/ProjekS2P_DashboardBoiler-main/vendor/laravel/framework/src/Illuminate/Pipeline/Pipeline.php(219): Illuminate/Http/Middleware/ValidatePathEncoding->handle(Object(Illuminate/Http/Request), Object(Closure))
#49 C:/Users/ASUS/Downloads/ProjekS2P_DashboardBoiler-main/ProjekS2P_DashboardBoiler-main/vendor/laravel/framework/src/Illuminate/Pipeline/Pipeline.php(137): Illuminate/Pipeline/Pipeline->{closure:{closure:Illuminate/Pipeline/Pipeline::carry():194}:195}(Object(Illuminate/Http/Request))
#50 C:/Users/ASUS/Downloads/ProjekS2P_DashboardBoiler-main/ProjekS2P_DashboardBoiler-main/vendor/laravel/framework/src/Illuminate/Foundation/Http/Kernel.php(175): Illuminate/Pipeline/Pipeline->then(Object(Closure))
#51 C:/Users/ASUS/Downloads/ProjekS2P_DashboardBoiler-main/ProjekS2P_DashboardBoiler-main/vendor/laravel/framework/src/Illuminate/Foundation/Http/Kernel.php(144): Illuminate/Foundation/Http/Kernel->sendRequestThroughRouter(Object(Illuminate/Http/Request))
#52 C:/Users/ASUS/Downloads/ProjekS2P_DashboardBoiler-main/ProjekS2P_DashboardBoiler-main/vendor/laravel/framework/src/Illuminate/Foundation/Application.php(1220): Illuminate/Foundation/Http/Kernel->handle(Object(Illuminate/Http/Request))
#53 C:/Users/ASUS/Downloads/ProjekS2P_DashboardBoiler-main/ProjekS2P_DashboardBoiler-main/public/index.php(20): Illuminate/Foundation/Application->handleRequest(Object(Illuminate/Http/Request))
#54 C:/Users/ASUS/Downloads/ProjekS2P_DashboardBoiler-main/ProjekS2P_DashboardBoiler-main/vendor/laravel/framework/src/Illuminate/Foundation/resources/server.php(23): require_once('C://Users//ASUS//D...')
#55 {main}

[previous exception] [object] (InvalidArgumentException(code: 0): View [layouts.dashboard] not found. at C:/Users/ASUS/Downloads/ProjekS2P_DashboardBoiler-main/ProjekS2P_DashboardBoiler-main/vendor/laravel/framework/src/Illuminate/View/FileViewFinder.php:138)
[stacktrace]
#0 C:/Users/ASUS/Downloads/ProjekS2P_DashboardBoiler-main/ProjekS2P_DashboardBoiler-main/vendor/laravel/framework/src/Illuminate/View/FileViewFinder.php(78): Illuminate/View/FileViewFinder->findInPaths('layouts.dashboa...', Array)
#1 C:/Users/ASUS/Downloads/ProjekS2P_DashboardBoiler-main/ProjekS2P_DashboardBoiler-main/vendor/laravel/framework/src/Illuminate/View/Factory.php(150): Illuminate/View/FileViewFinder->find('layouts.dashboa...')
#2 C:/Users/ASUS/Downloads/ProjekS2P_DashboardBoiler-main/ProjekS2P_DashboardBoiler-main/storage/framework/views/ce45b96c059fbe3904f17d425f49272c.php(477): Illuminate/View/Factory->make('layouts.dashboa...', Array)
#3 C:/Users/ASUS/Downloads/ProjekS2P_DashboardBoiler-main/ProjekS2P_DashboardBoiler-main/vendor/laravel/framework/src/Illuminate/Filesystem/Filesystem.php(123): require('C://Users//ASUS//D...')
#4 C:/Users/ASUS/Downloads/ProjekS2P_DashboardBoiler-main/ProjekS2P_DashboardBoiler-main/vendor/laravel/framework/src/Illuminate/Filesystem/Filesystem.php(124): Illuminate/Filesystem/Filesystem::{closure:Illuminate/Filesystem/Filesystem::getRequire():120}()
#5 C:/Users/ASUS/Downloads/ProjekS2P_DashboardBoiler-main/ProjekS2P_DashboardBoiler-main/vendor/laravel/framework/src/Illuminate/View/Engines/PhpEngine.php(57): Illuminate/Filesystem/Filesystem->getRequire('C://Users//ASUS//D...', Array)
#6 C:/Users/ASUS/Downloads/ProjekS2P_DashboardBoiler-main/ProjekS2P_DashboardBoiler-main/vendor/laravel/framework/src/Illuminate/View/Engines/CompilerEngine.php(76): Illuminate/View/Engines/PhpEngine->evaluatePath('C://Users//ASUS//D...', Array)
#7 C:/Users/ASUS/Downloads/ProjekS2P_DashboardBoiler-main/ProjekS2P_DashboardBoiler-main/vendor/laravel/framework/src/Illuminate/View/View.php(208): Illuminate/View/Engines/CompilerEngine->get('C://Users//ASUS//D...', Array)
#8 C:/Users/ASUS/Downloads/ProjekS2P_DashboardBoiler-main/ProjekS2P_DashboardBoiler-main/vendor/laravel/framework/src/Illuminate/View/View.php(191): Illuminate/View/View->getContents()
#9 C:/Users/ASUS/Downloads/ProjekS2P_DashboardBoiler-main/ProjekS2P_DashboardBoiler-main/vendor/laravel/framework/src/Illuminate/View/View.php(160): Illuminate/View/View->renderContents()
#10 C:/Users/ASUS/Downloads/ProjekS2P_DashboardBoiler-main/ProjekS2P_DashboardBoiler-main/vendor/laravel/framework/src/Illuminate/Http/Response.php(82): Illuminate/View/View->render()
#11 C:/Users/ASUS/Downloads/ProjekS2P_DashboardBoiler-main/ProjekS2P_DashboardBoiler-main/vendor/laravel/framework/src/Illuminate/Http/Response.php(40): Illuminate/Http/Response->setContent(Object(Illuminate/View/View))
#12 C:/Users/ASUS/Downloads/ProjekS2P_DashboardBoiler-main/ProjekS2P_DashboardBoiler-main/vendor/laravel/framework/src/Illuminate/Routing/Router.php(939): Illuminate/Http/Response->__construct(Object(Illuminate/View/View), 200, Array)
#13 C:/Users/ASUS/Downloads/ProjekS2P_DashboardBoiler-main/ProjekS2P_DashboardBoiler-main/vendor/laravel/framework/src/Illuminate/Routing/Router.php(906): Illuminate/Routing/Router::toResponse(Object(Illuminate/Http/Request), Object(Illuminate/View/View))
#14 C:/Users/ASUS/Downloads/ProjekS2P_DashboardBoiler-main/ProjekS2P_DashboardBoiler-main/vendor/laravel/framework/src/Illuminate/Routing/Router.php(821): Illuminate/Routing/Router->prepareResponse(Object(Illuminate/Http/Request), Object(Illuminate/View/View))
#15 C:/Users/ASUS/Downloads/ProjekS2P_DashboardBoiler-main/ProjekS2P_DashboardBoiler-main/vendor/laravel/framework/src/Illuminate/Pipeline/Pipeline.php(180): Illuminate/Routing/Router->{closure:Illuminate/Routing/Router::runRouteWithinStack():821}(Object(Illuminate/Http/Request))
#16 C:/Users/ASUS/Downloads/ProjekS2P_DashboardBoiler-main/ProjekS2P_DashboardBoiler-main/vendor/laravel/framework/src/Illuminate/Routing/Middleware/SubstituteBindings.php(52): Illuminate/Pipeline/Pipeline->{closure:Illuminate/Pipeline/Pipeline::prepareDestination():178}(Object(Illuminate/Http/Request))
#17 C:/Users/ASUS/Downloads/ProjekS2P_DashboardBoiler-main/ProjekS2P_DashboardBoiler-main/vendor/laravel/framework/src/Illuminate/Pipeline/Pipeline.php(219): Illuminate/Routing/Middleware/SubstituteBindings->handle(Object(Illuminate/Http/Request), Object(Closure))
#18 C:/Users/ASUS/Downloads/ProjekS2P_DashboardBoiler-main/ProjekS2P_DashboardBoiler-main/vendor/laravel/framework/src/Illuminate/Foundation/Http/Middleware/PreventRequestForgery.php(104): Illuminate/Pipeline/Pipeline->{closure:{closure:Illuminate/Pipeline/Pipeline::carry():194}:195}(Object(Illuminate/Http/Request))
#19 C:/Users/ASUS/Downloads/ProjekS2P_DashboardBoiler-main/ProjekS2P_DashboardBoiler-main/vendor/laravel/framework/src/Illuminate/Pipeline/Pipeline.php(219): Illuminate/Foundation/Http/Middleware/PreventRequestForgery->handle(Object(Illuminate/Http/Request), Object(Closure))
#20 C:/Users/ASUS/Downloads/ProjekS2P_DashboardBoiler-main/ProjekS2P_DashboardBoiler-main/vendor/laravel/framework/src/Illuminate/View/Middleware/ShareErrorsFromSession.php(48): Illuminate/Pipeline/Pipeline->{closure:{closure:Illuminate/Pipeline/Pipeline::carry():194}:195}(Object(Illuminate/Http/Request))
#21 C:/Users/ASUS/Downloads/ProjekS2P_DashboardBoiler-main/ProjekS2P_DashboardBoiler-main/vendor/laravel/framework/src/Illuminate/Pipeline/Pipeline.php(219): Illuminate/View/Middleware/ShareErrorsFromSession->handle(Object(Illuminate/Http/Request), Object(Closure))
#22 C:/Users/ASUS/Downloads/ProjekS2P_DashboardBoiler-main/ProjekS2P_DashboardBoiler-main/vendor/laravel/framework/src/Illuminate/Session/Middleware/StartSession.php(120): Illuminate/Pipeline/Pipeline->{closure:{closure:Illuminate/Pipeline/Pipeline::carry():194}:195}(Object(Illuminate/Http/Request))
#23 C:/Users/ASUS/Downloads/ProjekS2P_DashboardBoiler-main/ProjekS2P_DashboardBoiler-main/vendor/laravel/framework/src/Illuminate/Session/Middleware/StartSession.php(63): Illuminate/Session/Middleware/StartSession->handleStatefulRequest(Object(Illuminate/Http/Request), Object(Illuminate/Session/Store), Object(Closure))
#24 C:/Users/ASUS/Downloads/ProjekS2P_DashboardBoiler-main/ProjekS2P_DashboardBoiler-main/vendor/laravel/framework/src/Illuminate/Pipeline/Pipeline.php(219): Illuminate/Session/Middleware/StartSession->handle(Object(Illuminate/Http/Request), Object(Closure))
#25 C:/Users/ASUS/Downloads/ProjekS2P_DashboardBoiler-main/ProjekS2P_DashboardBoiler-main/vendor/laravel/framework/src/Illuminate/Cookie/Middleware/AddQueuedCookiesToResponse.php(36): Illuminate/Pipeline/Pipeline->{closure:{closure:Illuminate/Pipeline/Pipeline::carry():194}:195}(Object(Illuminate/Http/Request))
#26 C:/Users/ASUS/Downloads/ProjekS2P_DashboardBoiler-main/ProjekS2P_DashboardBoiler-main/vendor/laravel/framework/src/Illuminate/Pipeline/Pipeline.php(219): Illuminate/Cookie/Middleware/AddQueuedCookiesToResponse->handle(Object(Illuminate/Http/Request), Object(Closure))
#27 C:/Users/ASUS/Downloads/ProjekS2P_DashboardBoiler-main/ProjekS2P_DashboardBoiler-main/vendor/laravel/framework/src/Illuminate/Cookie/Middleware/EncryptCookies.php(74): Illuminate/Pipeline/Pipeline->{closure:{closure:Illuminate/Pipeline/Pipeline::carry():194}:195}(Object(Illuminate/Http/Request))
#28 C:/Users/ASUS/Downloads/ProjekS2P_DashboardBoiler-main/ProjekS2P_DashboardBoiler-main/vendor/laravel/framework/src/Illuminate/Pipeline/Pipeline.php(219): Illuminate/Cookie/Middleware/EncryptCookies->handle(Object(Illuminate/Http/Request), Object(Closure))
#29 C:/Users/ASUS/Downloads/ProjekS2P_DashboardBoiler-main/ProjekS2P_DashboardBoiler-main/vendor/laravel/framework/src/Illuminate/Pipeline/Pipeline.php(137): Illuminate/Pipeline/Pipeline->{closure:{closure:Illuminate/Pipeline/Pipeline::carry():194}:195}(Object(Illuminate/Http/Request))
#30 C:/Users/ASUS/Downloads/ProjekS2P_DashboardBoiler-main/ProjekS2P_DashboardBoiler-main/vendor/laravel/framework/src/Illuminate/Routing/Router.php(821): Illuminate/Pipeline/Pipeline->then(Object(Closure))
#31 C:/Users/ASUS/Downloads/ProjekS2P_DashboardBoiler-main/ProjekS2P_DashboardBoiler-main/vendor/laravel/framework/src/Illuminate/Routing/Router.php(800): Illuminate/Routing/Router->runRouteWithinStack(Object(Illuminate/Routing/Route), Object(Illuminate/Http/Request))
#32 C:/Users/ASUS/Downloads/ProjekS2P_DashboardBoiler-main/ProjekS2P_DashboardBoiler-main/vendor/laravel/framework/src/Illuminate/Routing/Router.php(764): Illuminate/Routing/Router->runRoute(Object(Illuminate/Http/Request), Object(Illuminate/Routing/Route))
#33 C:/Users/ASUS/Downloads/ProjekS2P_DashboardBoiler-main/ProjekS2P_DashboardBoiler-main/vendor/laravel/framework/src/Illuminate/Routing/Router.php(753): Illuminate/Routing/Router->dispatchToRoute(Object(Illuminate/Http/Request))
#34 C:/Users/ASUS/Downloads/ProjekS2P_DashboardBoiler-main/ProjekS2P_DashboardBoiler-main/vendor/laravel/framework/src/Illuminate/Foundation/Http/Kernel.php(200): Illuminate/Routing/Router->dispatch(Object(Illuminate/Http/Request))
#35 C:/Users/ASUS/Downloads/ProjekS2P_DashboardBoiler-main/ProjekS2P_DashboardBoiler-main/vendor/laravel/framework/src/Illuminate/Pipeline/Pipeline.php(180): Illuminate/Foundation/Http/Kernel->{closure:Illuminate/Foundation/Http/Kernel::dispatchToRouter():197}(Object(Illuminate/Http/Request))
#36 C:/Users/ASUS/Downloads/ProjekS2P_DashboardBoiler-main/ProjekS2P_DashboardBoiler-main/vendor/laravel/framework/src/Illuminate/Foundation/Http/Middleware/TransformsRequest.php(21): Illuminate/Pipeline/Pipeline->{closure:Illuminate/Pipeline/Pipeline::prepareDestination():178}(Object(Illuminate/Http/Request))
#37 C:/Users/ASUS/Downloads/ProjekS2P_DashboardBoiler-main/ProjekS2P_DashboardBoiler-main/vendor/laravel/framework/src/Illuminate/Foundation/Http/Middleware/ConvertEmptyStringsToNull.php(31): Illuminate/Foundation/Http/Middleware/TransformsRequest->handle(Object(Illuminate/Http/Request), Object(Closure))
#38 C:/Users/ASUS/Downloads/ProjekS2P_DashboardBoiler-main/ProjekS2P_DashboardBoiler-main/vendor/laravel/framework/src/Illuminate/Pipeline/Pipeline.php(219): Illuminate/Foundation/Http/Middleware/ConvertEmptyStringsToNull->handle(Object(Illuminate/Http/Request), Object(Closure))
#39 C:/Users/ASUS/Downloads/ProjekS2P_DashboardBoiler-main/ProjekS2P_DashboardBoiler-main/vendor/laravel/framework/src/Illuminate/Foundation/Http/Middleware/TransformsRequest.php(21): Illuminate/Pipeline/Pipeline->{closure:{closure:Illuminate/Pipeline/Pipeline::carry():194}:195}(Object(Illuminate/Http/Request))
#40 C:/Users/ASUS/Downloads/ProjekS2P_DashboardBoiler-main/ProjekS2P_DashboardBoiler-main/vendor/laravel/framework/src/Illuminate/Foundation/Http/Middleware/TrimStrings.php(51): Illuminate/Foundation/Http/Middleware/TransformsRequest->handle(Object(Illuminate/Http/Request), Object(Closure))
#41 C:/Users/ASUS/Downloads/ProjekS2P_DashboardBoiler-main/ProjekS2P_DashboardBoiler-main/vendor/laravel/framework/src/Illuminate/Pipeline/Pipeline.php(219): Illuminate/Foundation/Http/Middleware/TrimStrings->handle(Object(Illuminate/Http/Request), Object(Closure))
#42 C:/Users/ASUS/Downloads/ProjekS2P_DashboardBoiler-main/ProjekS2P_DashboardBoiler-main/vendor/laravel/framework/src/Illuminate/Http/Middleware/ValidatePostSize.php(27): Illuminate/Pipeline/Pipeline->{closure:{closure:Illuminate/Pipeline/Pipeline::carry():194}:195}(Object(Illuminate/Http/Request))
#43 C:/Users/ASUS/Downloads/ProjekS2P_DashboardBoiler-main/ProjekS2P_DashboardBoiler-main/vendor/laravel/framework/src/Illuminate/Pipeline/Pipeline.php(219): Illuminate/Http/Middleware/ValidatePostSize->handle(Object(Illuminate/Http/Request), Object(Closure))
#44 C:/Users/ASUS/Downloads/ProjekS2P_DashboardBoiler-main/ProjekS2P_DashboardBoiler-main/vendor/laravel/framework/src/Illuminate/Foundation/Http/Middleware/PreventRequestsDuringMaintenance.php(109): Illuminate/Pipeline/Pipeline->{closure:{closure:Illuminate/Pipeline/Pipeline::carry():194}:195}(Object(Illuminate/Http/Request))
#45 C:/Users/ASUS/Downloads/ProjekS2P_DashboardBoiler-main/ProjekS2P_DashboardBoiler-main/vendor/laravel/framework/src/Illuminate/Pipeline/Pipeline.php(219): Illuminate/Foundation/Http/Middleware/PreventRequestsDuringMaintenance->handle(Object(Illuminate/Http/Request), Object(Closure))
#46 C:/Users/ASUS/Downloads/ProjekS2P_DashboardBoiler-main/ProjekS2P_DashboardBoiler-main/vendor/laravel/framework/src/Illuminate/Http/Middleware/HandleCors.php(61): Illuminate/Pipeline/Pipeline->{closure:{closure:Illuminate/Pipeline/Pipeline::carry():194}:195}(Object(Illuminate/Http/Request))
#47 C:/Users/ASUS/Downloads/ProjekS2P_DashboardBoiler-main/ProjekS2P_DashboardBoiler-main/vendor/laravel/framework/src/Illuminate/Pipeline/Pipeline.php(219): Illuminate/Http/Middleware/HandleCors->handle(Object(Illuminate/Http/Request), Object(Closure))
#48 C:/Users/ASUS/Downloads/ProjekS2P_DashboardBoiler-main/ProjekS2P_DashboardBoiler-main/vendor/laravel/framework/src/Illuminate/Http/Middleware/TrustProxies.php(58): Illuminate/Pipeline/Pipeline->{closure:{closure:Illuminate/Pipeline/Pipeline::carry():194}:195}(Object(Illuminate/Http/Request))
#49 C:/Users/ASUS/Downloads/ProjekS2P_DashboardBoiler-main/ProjekS2P_DashboardBoiler-main/vendor/laravel/framework/src/Illuminate/Pipeline/Pipeline.php(219): Illuminate/Http/Middleware/TrustProxies->handle(Object(Illuminate/Http/Request), Object(Closure))
#50 C:/Users/ASUS/Downloads/ProjekS2P_DashboardBoiler-main/ProjekS2P_DashboardBoiler-main/vendor/laravel/framework/src/Illuminate/Foundation/Http/Middleware/InvokeDeferredCallbacks.php(22): Illuminate/Pipeline/Pipeline->{closure:{closure:Illuminate/Pipeline/Pipeline::carry():194}:195}(Object(Illuminate/Http/Request))
#51 C:/Users/ASUS/Downloads/ProjekS2P_DashboardBoiler-main/ProjekS2P_DashboardBoiler-main/vendor/laravel/framework/src/Illuminate/Pipeline/Pipeline.php(219): Illuminate/Foundation/Http/Middleware/InvokeDeferredCallbacks->handle(Object(Illuminate/Http/Request), Object(Closure))
#52 C:/Users/ASUS/Downloads/ProjekS2P_DashboardBoiler-main/ProjekS2P_DashboardBoiler-main/vendor/laravel/framework/src/Illuminate/Http/Middleware/ValidatePathEncoding.php(28): Illuminate/Pipeline/Pipeline->{closure:{closure:Illuminate/Pipeline/Pipeline::carry():194}:195}(Object(Illuminate/Http/Request))
#53 C:/Users/ASUS/Downloads/ProjekS2P_DashboardBoiler-main/ProjekS2P_DashboardBoiler-main/vendor/laravel/framework/src/Illuminate/Pipeline/Pipeline.php(219): Illuminate/Http/Middleware/ValidatePathEncoding->handle(Object(Illuminate/Http/Request), Object(Closure))
#54 C:/Users/ASUS/Downloads/ProjekS2P_DashboardBoiler-main/ProjekS2P_DashboardBoiler-main/vendor/laravel/framework/src/Illuminate/Pipeline/Pipeline.php(137): Illuminate/Pipeline/Pipeline->{closure:{closure:Illuminate/Pipeline/Pipeline::carry():194}:195}(Object(Illuminate/Http/Request))
#55 C:/Users/ASUS/Downloads/ProjekS2P_DashboardBoiler-main/ProjekS2P_DashboardBoiler-main/vendor/laravel/framework/src/Illuminate/Foundation/Http/Kernel.php(175): Illuminate/Pipeline/Pipeline->then(Object(Closure))
#56 C:/Users/ASUS/Downloads/ProjekS2P_DashboardBoiler-main/ProjekS2P_DashboardBoiler-main/vendor/laravel/framework/src/Illuminate/Foundation/Http/Kernel.php(144): Illuminate/Foundation/Http/Kernel->sendRequestThroughRouter(Object(Illuminate/Http/Request))
#57 C:/Users/ASUS/Downloads/ProjekS2P_DashboardBoiler-main/ProjekS2P_DashboardBoiler-main/vendor/laravel/framework/src/Illuminate/Foundation/Application.php(1220): Illuminate/Foundation/Http/Kernel->handle(Object(Illuminate/Http/Request))
#58 C:/Users/ASUS/Downloads/ProjekS2P_DashboardBoiler-main/ProjekS2P_DashboardBoiler-main/public/index.php(20): Illuminate/Foundation/Application->handleRequest(Object(Illuminate/Http/Request))
#59 C:/Users/ASUS/Downloads/ProjekS2P_DashboardBoiler-main/ProjekS2P_DashboardBoiler-main/vendor/laravel/framework/src/Illuminate/Foundation/resources/server.php(23): require_once('C://Users//ASUS//D...')
#60 {main}
"} 
