unit,section,tube_number,year,inspected_at,initial_thickness,measured_thickness,min_allowable,operating_temp,operating_pressure,creep_pct,status
UNIT 3A,Furnace Bottom Slope,1,2021,2021-06-15,7.6,7.48,4.6,388,164.6,5.58,Safe
UNIT 3A,Furnace Bottom Slope,1,2022,2022-06-15,7.6,7.45,4.6,388,164.6,8.5,Safe
UNIT 3A,Furnace Bottom Slope,1,2023,2023-06-15,7.6,7.39,4.6,388,164.6,11.15,Safe
UNIT 3A,Furnace Bottom Slope,1,2024,2024-06-15,7.6,7.31,4.6,388,164.6,14.18,Safe
UNIT 3A,Furnace Bottom Slope,1,2025,2025-06-15,7.6,7.27,4.6,388,164.6,17.13,Safe
UNIT 3A,Furnace Bottom Slope,2,2021,2021-06-15,7.6,6.93,4.6,383,162.4,33.02,Safe
UNIT 3A,Furnace Bottom Slope,2,2022,2022-06-15,7.6,6.73,4.6,383,162.4,46.9,Watch
UNIT 3A,Furnace Bottom Slope,2,2023,2023-06-15,7.6,6.25,4.6,383,162.4,61.6,Watch
UNIT 3A,Furnace Bottom Slope,2,2024,2024-06-15,7.6,6.27,4.6,383,162.4,75.56,Watch
UNIT 3A,Furnace Bottom Slope,2,2025,2025-06-15,7.6,6.12,4.6,383,162.4,88.31,Critical
UNIT 3A,Furnace Bottom Slope,3,2021,2021-06-15,7.6,6.78,4.6,395,154.9,43.92,Watch
UNIT 3A,Furnace Bottom Slope,3,2022,2022-06-15,7.6,6.58,4.6,395,154.9,57.57,Watch
UNIT 3A,Furnace Bottom Slope,3,2023,2023-06-15,7.6,6.25,4.6,395,154.9,69.82,Watch
UNIT 3A,Furnace Bottom Slope,3,2024,2024-06-15,7.6,5.91,4.6,395,154.9,82.48,Critical
UNIT 3A,Furnace Bottom Slope,3,2025,2025-06-15,7.6,5.54,4.6,395,154.9,96,Critical
UNIT 3A,Furnace Bottom Slope,4,2021,2021-06-15,7.6,7.06,4.6,419,155.8,29.66,Safe
UNIT 3A,Furnace Bottom Slope,4,2022,2022-06-15,7.6,6.91,4.6,419,155.8,40.02,Watch
UNIT 3A,Furnace Bottom Slope,4,2023,2023-06-15,7.6,6.79,4.6,419,155.8,48.97,Watch
UNIT 3A,Furnace Bottom Slope,4,2024,2024-06-15,7.6,6.38,4.6,419,155.8,59.64,Watch
UNIT 3A,Furnace Bottom Slope,4,2025,2025-06-15,7.6,6.12,4.6,419,155.8,70.08,Watch
UNIT 3A,Furnace Bottom Slope,5,2021,2021-06-15,7.6,7.58,4.6,398,157.1,0.92,Safe
UNIT 3A,Furnace Bottom Slope,5,2022,2022-06-15,7.6,7.56,4.6,398,157.1,2.11,Safe
UNIT 3A,Furnace Bottom Slope,5,2023,2023-06-15,7.6,7.54,4.6,398,157.1,3.24,Safe
UNIT 3A,Furnace Bottom Slope,5,2024,2024-06-15,7.6,7.53,4.6,398,157.1,4.28,Safe
UNIT 3A,Furnace Bottom Slope,5,2025,2025-06-15,7.6,7.5,4.6,398,157.1,5.37,Safe
UNIT 3A,Furnace Bottom Slope,6,2021,2021-06-15,7.6,7.59,4.6,407,154.2,0.47,Safe
UNIT 3A,Furnace Bottom Slope,6,2022,2022-06-15,7.6,7.56,4.6,407,154.2,1.84,Safe
UNIT 3A,Furnace Bottom Slope,6,2023,2023-06-15,7.6,7.53,4.6,407,154.2,3.27,Safe
UNIT 3A,Furnace Bottom Slope,6,2024,2024-06-15,7.6,7.5,4.6,407,154.2,4.55,Safe
UNIT 3A,Furnace Bottom Slope,6,2025,2025-06-15,7.6,7.5,4.6,407,154.2,5.73,Safe
UNIT 3A,Furnace Bottom Slope,7,2021,2021-06-15,7.6,6.91,4.6,409,157.5,39.39,Safe
UNIT 3A,Furnace Bottom Slope,7,2022,2022-06-15,7.6,6.56,4.6,409,157.5,54.27,Watch
UNIT 3A,Furnace Bottom Slope,7,2023,2023-06-15,7.6,6.36,4.6,409,157.5,67.83,Watch
UNIT 3A,Furnace Bottom Slope,7,2024,2024-06-15,7.6,6.06,4.6,409,157.5,82.44,Critical
UNIT 3A,Furnace Bottom Slope,7,2025,2025-06-15,7.6,5.97,4.6,409,157.5,94.75,Critical
UNIT 3A,Furnace Bottom Slope,8,2021,2021-06-15,7.6,7.55,4.6,386,164.5,2.13,Safe
UNIT 3A,Furnace Bottom Slope,8,2022,2022-06-15,7.6,7.51,4.6,386,164.5,4.62,Safe
UNIT 3A,Furnace Bottom Slope,8,2023,2023-06-15,7.6,7.48,4.6,386,164.5,6.8,Safe
UNIT 3A,Furnace Bottom Slope,8,2024,2024-06-15,7.6,7.42,4.6,386,164.5,9.42,Safe
UNIT 3A,Furnace Bottom Slope,8,2025,2025-06-15,7.6,7.39,4.6,386,164.5,11.55,Safe
UNIT 3A,Furnace Bottom Slope,9,2021,2021-06-15,7.6,7.01,4.6,400,156.5,29.1,Safe
UNIT 3A,Furnace Bottom Slope,9,2022,2022-06-15,7.6,6.8,4.6,400,156.5,39.28,Safe
UNIT 3A,Furnace Bottom Slope,9,2023,2023-06-15,7.6,6.69,4.6,400,156.5,47.97,Watch
UNIT 3A,Furnace Bottom Slope,9,2024,2024-06-15,7.6,6.5,4.6,400,156.5,56.53,Watch
UNIT 3A,Furnace Bottom Slope,9,2025,2025-06-15,7.6,6.45,4.6,400,156.5,65.95,Watch
UNIT 3A,Furnace Bottom Slope,10,2021,2021-06-15,7.6,6.91,4.6,409,163.9,34.73,Safe
UNIT 3A,Furnace Bottom Slope,10,2022,2022-06-15,7.6,6.65,4.6,409,163.9,47.24,Watch
UNIT 3A,Furnace Bottom Slope,10,2023,2023-06-15,7.6,6.3,4.6,409,163.9,58.48,Watch
UNIT 3A,Furnace Bottom Slope,10,2024,2024-06-15,7.6,6.08,4.6,409,163.9,71.52,Watch
UNIT 3A,Furnace Bottom Slope,10,2025,2025-06-15,7.6,5.99,4.6,409,163.9,82.99,Critical
UNIT 3A,Furnace Bottom Slope,11,2021,2021-06-15,7.6,7.53,4.6,413,155,3.79,Safe
UNIT 3A,Furnace Bottom Slope,11,2022,2022-06-15,7.6,7.5,4.6,413,155,5.81,Safe
UNIT 3A,Furnace Bottom Slope,11,2023,2023-06-15,7.6,7.42,4.6,413,155,8.07,Safe
UNIT 3A,Furnace Bottom Slope,11,2024,2024-06-15,7.6,7.4,4.6,413,155,9.9,Safe
UNIT 3A,Furnace Bottom Slope,11,2025,2025-06-15,7.6,7.36,4.6,413,155,11.72,Safe
UNIT 3A,Furnace Bottom Slope,12,2021,2021-06-15,7.6,7.46,4.6,390,151.6,6.15,Safe
UNIT 3A,Furnace Bottom Slope,12,2022,2022-06-15,7.6,7.46,4.6,390,151.6,8.35,Safe
UNIT 3A,Furnace Bottom Slope,12,2023,2023-06-15,7.6,7.4,4.6,390,151.6,10.79,Safe
UNIT 3A,Furnace Bottom Slope,12,2024,2024-06-15,7.6,7.31,4.6,390,151.6,13.43,Safe
UNIT 3A,Furnace Bottom Slope,12,2025,2025-06-15,7.6,7.25,4.6,390,151.6,15.7,Safe
UNIT 3A,Furnace Bottom Slope,13,2021,2021-06-15,7.6,7.46,4.6,387,150.7,7.49,Safe
UNIT 3A,Furnace Bottom Slope,13,2022,2022-06-15,7.6,7.4,4.6,387,150.7,9.05,Safe
UNIT 3A,Furnace Bottom Slope,13,2023,2023-06-15,7.6,7.37,4.6,387,150.7,10.52,Safe
UNIT 3A,Furnace Bottom Slope,13,2024,2024-06-15,7.6,7.36,4.6,387,150.7,12.04,Safe
UNIT 3A,Furnace Bottom Slope,13,2025,2025-06-15,7.6,7.32,4.6,387,150.7,13.33,Safe
UNIT 3A,Furnace Bottom Slope,14,2021,2021-06-15,7.6,6.96,4.6,386,153.9,28.96,Safe
UNIT 3A,Furnace Bottom Slope,14,2022,2022-06-15,7.6,6.99,4.6,386,153.9,35.3,Safe
UNIT 3A,Furnace Bottom Slope,14,2023,2023-06-15,7.6,6.85,4.6,386,153.9,42.87,Watch
UNIT 3A,Furnace Bottom Slope,14,2024,2024-06-15,7.6,6.61,4.6,386,153.9,49.08,Watch
UNIT 3A,Furnace Bottom Slope,14,2025,2025-06-15,7.6,6.6,4.6,386,153.9,56.73,Watch
UNIT 3A,Furnace Bottom Slope,15,2021,2021-06-15,7.6,7.53,4.6,397,150.2,4.01,Safe
UNIT 3A,Furnace Bottom Slope,15,2022,2022-06-15,7.6,7.46,4.6,397,150.2,6.62,Safe
UNIT 3A,Furnace Bottom Slope,15,2023,2023-06-15,7.6,7.42,4.6,397,150.2,9.22,Safe
UNIT 3A,Furnace Bottom Slope,15,2024,2024-06-15,7.6,7.35,4.6,397,150.2,12.33,Safe
UNIT 3A,Furnace Bottom Slope,15,2025,2025-06-15,7.6,7.28,4.6,397,150.2,15.01,Safe
UNIT 3A,Furnace Bottom Slope,16,2021,2021-06-15,7.6,7.58,4.6,385,163.9,0.99,Safe
UNIT 3A,Furnace Bottom Slope,16,2022,2022-06-15,7.6,7.56,4.6,385,163.9,2.01,Safe
UNIT 3A,Furnace Bottom Slope,16,2023,2023-06-15,7.6,7.53,4.6,385,163.9,3.15,Safe
UNIT 3A,Furnace Bottom Slope,16,2024,2024-06-15,7.6,7.51,4.6,385,163.9,4.17,Safe
UNIT 3A,Furnace Bottom Slope,16,2025,2025-06-15,7.6,7.5,4.6,385,163.9,5.11,Safe
UNIT 3A,Furnace Bottom Slope,17,2021,2021-06-15,7.6,7.05,4.6,380,158.9,25.03,Safe
UNIT 3A,Furnace Bottom Slope,17,2022,2022-06-15,7.6,6.97,4.6,380,158.9,32.74,Safe
UNIT 3A,Furnace Bottom Slope,17,2023,2023-06-15,7.6,6.93,4.6,380,158.9,40.4,Watch
UNIT 3A,Furnace Bottom Slope,17,2024,2024-06-15,7.6,6.6,4.6,380,158.9,46.63,Watch
UNIT 3A,Furnace Bottom Slope,17,2025,2025-06-15,7.6,6.63,4.6,380,158.9,54.32,Watch
UNIT 3A,Furnace Bottom Slope,18,2021,2021-06-15,7.6,7.51,4.6,419,156.2,4.82,Safe
UNIT 3A,Furnace Bottom Slope,18,2022,2022-06-15,7.6,7.45,4.6,419,156.2,7.47,Safe
UNIT 3A,Furnace Bottom Slope,18,2023,2023-06-15,7.6,7.4,4.6,419,156.2,10.48,Safe
UNIT 3A,Furnace Bottom Slope,18,2024,2024-06-15,7.6,7.37,4.6,419,156.2,12.99,Safe
UNIT 3A,Furnace Bottom Slope,18,2025,2025-06-15,7.6,7.26,4.6,419,156.2,15.89,Safe
UNIT 3A,Furnace Bottom Slope,19,2021,2021-06-15,7.6,6.84,4.6,394,162.4,41.51,Watch
UNIT 3A,Furnace Bottom Slope,19,2022,2022-06-15,7.6,6.5,4.6,394,162.4,49.97,Watch
UNIT 3A,Furnace Bottom Slope,19,2023,2023-06-15,7.6,6.54,4.6,394,162.4,58.48,Watch
UNIT 3A,Furnace Bottom Slope,19,2024,2024-06-15,7.6,6.45,4.6,394,162.4,66.96,Watch
UNIT 3A,Furnace Bottom Slope,19,2025,2025-06-15,7.6,6.34,4.6,394,162.4,75.07,Watch
UNIT 3A,Furnace Bottom Slope,20,2021,2021-06-15,7.6,6.82,4.6,385,160.2,41.46,Watch
UNIT 3A,Furnace Bottom Slope,20,2022,2022-06-15,7.6,6.62,4.6,385,160.2,50.32,Watch
UNIT 3A,Furnace Bottom Slope,20,2023,2023-06-15,7.6,6.29,4.6,385,160.2,60.75,Watch
UNIT 3A,Furnace Bottom Slope,20,2024,2024-06-15,7.6,6.39,4.6,385,160.2,68.84,Watch
UNIT 3A,Furnace Bottom Slope,20,2025,2025-06-15,7.6,6.21,4.6,385,160.2,77.47,Watch
UNIT 3A,Furnace Bottom Slope,21,2021,2021-06-15,7.6,7.07,4.6,417,151.5,24.48,Safe
UNIT 3A,Furnace Bottom Slope,21,2022,2022-06-15,7.6,6.93,4.6,417,151.5,30.28,Safe
UNIT 3A,Furnace Bottom Slope,21,2023,2023-06-15,7.6,6.82,4.6,417,151.5,36.17,Safe
UNIT 3A,Furnace Bottom Slope,21,2024,2024-06-15,7.6,6.62,4.6,417,151.5,43.68,Watch
UNIT 3A,Furnace Bottom Slope,21,2025,2025-06-15,7.6,6.52,4.6,417,151.5,50.98,Watch
UNIT 3A,Furnace Bottom Slope,22,2021,2021-06-15,7.6,7.51,4.6,401,157.7,4.29,Safe
UNIT 3A,Furnace Bottom Slope,22,2022,2022-06-15,7.6,7.5,4.6,401,157.7,5.37,Safe
UNIT 3A,Furnace Bottom Slope,22,2023,2023-06-15,7.6,7.48,4.6,401,157.7,6.51,Safe
UNIT 3A,Furnace Bottom Slope,22,2024,2024-06-15,7.6,7.45,4.6,401,157.7,7.49,Safe
UNIT 3A,Furnace Bottom Slope,22,2025,2025-06-15,7.6,7.45,4.6,401,157.7,8.56,Safe
UNIT 3A,Furnace Bottom Slope,23,2021,2021-06-15,7.6,7.06,4.6,387,154.5,24.55,Safe
UNIT 3A,Furnace Bottom Slope,23,2022,2022-06-15,7.6,6.95,4.6,387,154.5,33.34,Safe
UNIT 3A,Furnace Bottom Slope,23,2023,2023-06-15,7.6,6.8,4.6,387,154.5,40.75,Watch
UNIT 3A,Furnace Bottom Slope,23,2024,2024-06-15,7.6,6.59,4.6,387,154.5,49.37,Watch
UNIT 3A,Furnace Bottom Slope,23,2025,2025-06-15,7.6,6.46,4.6,387,154.5,57.9,Watch
UNIT 3A,Furnace Bottom Slope,24,2021,2021-06-15,7.6,7.11,4.6,408,160.4,22.43,Safe
UNIT 3A,Furnace Bottom Slope,24,2022,2022-06-15,7.6,6.98,4.6,408,160.4,30.83,Safe
UNIT 3A,Furnace Bottom Slope,24,2023,2023-06-15,7.6,6.78,4.6,408,160.4,39.12,Safe
UNIT 3A,Furnace Bottom Slope,24,2024,2024-06-15,7.6,6.55,4.6,408,160.4,47.38,Watch
UNIT 3A,Furnace Bottom Slope,24,2025,2025-06-15,7.6,6.36,4.6,408,160.4,55.8,Watch
UNIT 3A,Furnace Bottom Slope,25,2021,2021-06-15,7.6,7.47,4.6,418,153.8,6.36,Safe
UNIT 3A,Furnace Bottom Slope,25,2022,2022-06-15,7.6,7.43,4.6,418,153.8,8.58,Safe
UNIT 3A,Furnace Bottom Slope,25,2023,2023-06-15,7.6,7.38,4.6,418,153.8,10.85,Safe
UNIT 3A,Furnace Bottom Slope,25,2024,2024-06-15,7.6,7.34,4.6,418,153.8,13.43,Safe
UNIT 3A,Furnace Bottom Slope,25,2025,2025-06-15,7.6,7.26,4.6,418,153.8,15.96,Safe
UNIT 3A,Furnace Bottom Slope,26,2021,2021-06-15,7.6,7.47,4.6,418,151.8,7.45,Safe
UNIT 3A,Furnace Bottom Slope,26,2022,2022-06-15,7.6,7.41,4.6,418,151.8,9.31,Safe
UNIT 3A,Furnace Bottom Slope,26,2023,2023-06-15,7.6,7.36,4.6,418,151.8,11.37,Safe
UNIT 3A,Furnace Bottom Slope,26,2024,2024-06-15,7.6,7.35,4.6,418,151.8,13.6,Safe
UNIT 3A,Furnace Bottom Slope,26,2025,2025-06-15,7.6,7.26,4.6,418,151.8,15.97,Safe
UNIT 3A,Furnace Bottom Slope,27,2021,2021-06-15,7.6,7.18,4.6,419,164,21.89,Safe
UNIT 3A,Furnace Bottom Slope,27,2022,2022-06-15,7.6,6.99,4.6,419,164,29.38,Safe
UNIT 3A,Furnace Bottom Slope,27,2023,2023-06-15,7.6,6.78,4.6,419,164,37.26,Safe
UNIT 3A,Furnace Bottom Slope,27,2024,2024-06-15,7.6,6.72,4.6,419,164,45.67,Watch
UNIT 3A,Furnace Bottom Slope,27,2025,2025-06-15,7.6,6.41,4.6,419,164,53.14,Watch
UNIT 3A,Furnace Bottom Slope,28,2021,2021-06-15,7.6,7.48,4.6,386,159.6,6.8,Safe
UNIT 3A,Furnace Bottom Slope,28,2022,2022-06-15,7.6,7.44,4.6,386,159.6,7.89,Safe
UNIT 3A,Furnace Bottom Slope,28,2023,2023-06-15,7.6,7.43,4.6,386,159.6,8.8,Safe
UNIT 3A,Furnace Bottom Slope,28,2024,2024-06-15,7.6,7.42,4.6,386,159.6,9.96,Safe
UNIT 3A,Furnace Bottom Slope,28,2025,2025-06-15,7.6,7.39,4.6,386,159.6,11.01,Safe
UNIT 3A,Furnace Bottom Slope,29,2021,2021-06-15,7.6,7.58,4.6,396,163.2,0.88,Safe
UNIT 3A,Furnace Bottom Slope,29,2022,2022-06-15,7.6,7.54,4.6,396,163.2,3.66,Safe
UNIT 3A,Furnace Bottom Slope,29,2023,2023-06-15,7.6,7.47,4.6,396,163.2,6.55,Safe
UNIT 3A,Furnace Bottom Slope,29,2024,2024-06-15,7.6,7.44,4.6,396,163.2,9.19,Safe
UNIT 3A,Furnace Bottom Slope,29,2025,2025-06-15,7.6,7.4,4.6,396,163.2,12.01,Safe
UNIT 3A,Furnace Bottom Slope,30,2021,2021-06-15,7.6,7.14,4.6,420,163.7,22.38,Safe
UNIT 3A,Furnace Bottom Slope,30,2022,2022-06-15,7.6,7.09,4.6,420,163.7,30.65,Safe
UNIT 3A,Furnace Bottom Slope,30,2023,2023-06-15,7.6,6.82,4.6,420,163.7,38.96,Safe
UNIT 3A,Furnace Bottom Slope,30,2024,2024-06-15,7.6,6.71,4.6,420,163.7,49.44,Watch
UNIT 3A,Furnace Bottom Slope,30,2025,2025-06-15,7.6,6.59,4.6,420,163.7,60.05,Watch
UNIT 3A,Furnace Bottom Slope,31,2021,2021-06-15,7.6,7.5,4.6,413,150.6,5.58,Safe
UNIT 3A,Furnace Bottom Slope,31,2022,2022-06-15,7.6,7.45,4.6,413,150.6,7.8,Safe
UNIT 3A,Furnace Bottom Slope,31,2023,2023-06-15,7.6,7.39,4.6,413,150.6,10.48,Safe
UNIT 3A,Furnace Bottom Slope,31,2024,2024-06-15,7.6,7.37,4.6,413,150.6,13.25,Safe
UNIT 3A,Furnace Bottom Slope,31,2025,2025-06-15,7.6,7.32,4.6,413,150.6,15.92,Safe
UNIT 3A,Furnace Bottom Slope,32,2021,2021-06-15,7.6,7.5,4.6,414,150.8,4.89,Safe
UNIT 3A,Furnace Bottom Slope,32,2022,2022-06-15,7.6,7.44,4.6,414,150.8,7.44,Safe
UNIT 3A,Furnace Bottom Slope,32,2023,2023-06-15,7.6,7.41,4.6,414,150.8,10.59,Safe
UNIT 3A,Furnace Bottom Slope,32,2024,2024-06-15,7.6,7.37,4.6,414,150.8,13.18,Safe
UNIT 3A,Furnace Bottom Slope,32,2025,2025-06-15,7.6,7.28,4.6,414,150.8,16.56,Safe
UNIT 3A,Furnace Bottom Slope,33,2021,2021-06-15,7.6,7.58,4.6,390,154.5,1.16,Safe
UNIT 3A,Furnace Bottom Slope,33,2022,2022-06-15,7.6,7.53,4.6,390,154.5,3.34,Safe
UNIT 3A,Furnace Bottom Slope,33,2023,2023-06-15,7.6,7.5,4.6,390,154.5,5.68,Safe
UNIT 3A,Furnace Bottom Slope,33,2024,2024-06-15,7.6,7.45,4.6,390,154.5,7.74,Safe
UNIT 3A,Furnace Bottom Slope,33,2025,2025-06-15,7.6,7.43,4.6,390,154.5,9.78,Safe
UNIT 3A,Furnace Bottom Slope,34,2021,2021-06-15,7.6,6.86,4.6,418,156.4,36.88,Safe
UNIT 3A,Furnace Bottom Slope,34,2022,2022-06-15,7.6,6.68,4.6,418,156.4,48.26,Watch
UNIT 3A,Furnace Bottom Slope,34,2023,2023-06-15,7.6,6.55,4.6,418,156.4,58.91,Watch
UNIT 3A,Furnace Bottom Slope,34,2024,2024-06-15,7.6,6.31,4.6,418,156.4,70.15,Watch
UNIT 3A,Furnace Bottom Slope,34,2025,2025-06-15,7.6,6.09,4.6,418,156.4,79.57,Watch
UNIT 3A,Furnace Bottom Slope,35,2021,2021-06-15,7.6,7.05,4.6,404,159.7,26.79,Safe
UNIT 3A,Furnace Bottom Slope,35,2022,2022-06-15,7.6,6.86,4.6,404,159.7,35.09,Safe
UNIT 3A,Furnace Bottom Slope,35,2023,2023-06-15,7.6,6.76,4.6,404,159.7,44.01,Watch
UNIT 3A,Furnace Bottom Slope,35,2024,2024-06-15,7.6,6.61,4.6,404,159.7,53.14,Watch
UNIT 3A,Furnace Bottom Slope,35,2025,2025-06-15,7.6,6.3,4.6,404,159.7,61.96,Watch
UNIT 3A,Furnace Bottom Slope,36,2021,2021-06-15,7.6,7.52,4.6,408,162,4.16,Safe
UNIT 3A,Furnace Bottom Slope,36,2022,2022-06-15,7.6,7.48,4.6,408,162,6.26,Safe
UNIT 3A,Furnace Bottom Slope,36,2023,2023-06-15,7.6,7.47,4.6,408,162,7.95,Safe
UNIT 3A,Furnace Bottom Slope,36,2024,2024-06-15,7.6,7.43,4.6,408,162,10.06,Safe
UNIT 3A,Furnace Bottom Slope,36,2025,2025-06-15,7.6,7.38,4.6,408,162,11.84,Safe
UNIT 3A,Furnace Bottom Slope,37,2021,2021-06-15,7.6,6.65,4.6,417,162.4,43.88,Watch
UNIT 3A,Furnace Bottom Slope,37,2022,2022-06-15,7.6,6.65,4.6,417,162.4,54.65,Watch
UNIT 3A,Furnace Bottom Slope,37,2023,2023-06-15,7.6,6.46,4.6,417,162.4,66.19,Watch
UNIT 3A,Furnace Bottom Slope,37,2024,2024-06-15,7.6,5.89,4.6,417,162.4,76.93,Watch
UNIT 3A,Furnace Bottom Slope,37,2025,2025-06-15,7.6,5.7,4.6,417,162.4,89.79,Critical
UNIT 3A,Furnace Bottom Slope,38,2021,2021-06-15,7.6,7.55,4.6,380,159.6,3.1,Safe
UNIT 3A,Furnace Bottom Slope,38,2022,2022-06-15,7.6,7.5,4.6,380,159.6,5.25,Safe
UNIT 3A,Furnace Bottom Slope,38,2023,2023-06-15,7.6,7.47,4.6,380,159.6,7.36,Safe
UNIT 3A,Furnace Bottom Slope,38,2024,2024-06-15,7.6,7.38,4.6,380,159.6,9.95,Safe
UNIT 3A,Furnace Bottom Slope,38,2025,2025-06-15,7.6,7.33,4.6,380,159.6,12.34,Safe
UNIT 3A,Furnace Bottom Slope,39,2021,2021-06-15,7.6,7.13,4.6,393,161.3,24.71,Safe
UNIT 3A,Furnace Bottom Slope,39,2022,2022-06-15,7.6,7.03,4.6,393,161.3,32.93,Safe
UNIT 3A,Furnace Bottom Slope,39,2023,2023-06-15,7.6,6.71,4.6,393,161.3,40.43,Watch
UNIT 3A,Furnace Bottom Slope,39,2024,2024-06-15,7.6,6.75,4.6,393,161.3,47.59,Watch
UNIT 3A,Furnace Bottom Slope,39,2025,2025-06-15,7.6,6.52,4.6,393,161.3,55.36,Watch
UNIT 3A,Furnace Bottom Slope,40,2021,2021-06-15,7.6,7.56,4.6,383,162.7,1.95,Safe
UNIT 3A,Furnace Bottom Slope,40,2022,2022-06-15,7.6,7.54,4.6,383,162.7,2.98,Safe
UNIT 3A,Furnace Bottom Slope,40,2023,2023-06-15,7.6,7.53,4.6,383,162.7,4.04,Safe
UNIT 3A,Furnace Bottom Slope,40,2024,2024-06-15,7.6,7.5,4.6,383,162.7,4.99,Safe
UNIT 3A,Furnace Bottom Slope,40,2025,2025-06-15,7.6,7.47,4.6,383,162.7,5.92,Safe
UNIT 3A,Furnace Bottom Slope,41,2021,2021-06-15,7.6,7.51,4.6,397,158.8,4.04,Safe
UNIT 3A,Furnace Bottom Slope,41,2022,2022-06-15,7.6,7.47,4.6,397,158.8,6.58,Safe
UNIT 3A,Furnace Bottom Slope,41,2023,2023-06-15,7.6,7.44,4.6,397,158.8,9.28,Safe
UNIT 3A,Furnace Bottom Slope,41,2024,2024-06-15,7.6,7.34,4.6,397,158.8,11.88,Safe
UNIT 3A,Furnace Bottom Slope,41,2025,2025-06-15,7.6,7.34,4.6,397,158.8,14.66,Safe
UNIT 3A,Furnace Bottom Slope,42,2021,2021-06-15,7.6,7.03,4.6,417,156.7,31.13,Safe
UNIT 3A,Furnace Bottom Slope,42,2022,2022-06-15,7.6,6.97,4.6,417,156.7,37.92,Safe
UNIT 3A,Furnace Bottom Slope,42,2023,2023-06-15,7.6,6.69,4.6,417,156.7,44.08,Watch
UNIT 3A,Furnace Bottom Slope,42,2024,2024-06-15,7.6,6.46,4.6,417,156.7,50.95,Watch
UNIT 3A,Furnace Bottom Slope,42,2025,2025-06-15,7.6,6.48,4.6,417,156.7,57.79,Watch
UNIT 3A,Furnace Bottom Slope,43,2021,2021-06-15,7.6,7.47,4.6,405,163,7.71,Safe
UNIT 3A,Furnace Bottom Slope,43,2022,2022-06-15,7.6,7.4,4.6,405,163,10.26,Safe
UNIT 3A,Furnace Bottom Slope,43,2023,2023-06-15,7.6,7.34,4.6,405,163,12.68,Safe
UNIT 3A,Furnace Bottom Slope,43,2024,2024-06-15,7.6,7.25,4.6,405,163,15.4,Safe
UNIT 3A,Furnace Bottom Slope,43,2025,2025-06-15,7.6,7.23,4.6,405,163,17.64,Safe
UNIT 3A,Furnace Bottom Slope,44,2021,2021-06-15,7.6,7.2,4.6,412,161.7,20.49,Safe
UNIT 3A,Furnace Bottom Slope,44,2022,2022-06-15,7.6,7.05,4.6,412,161.7,28.51,Safe
UNIT 3A,Furnace Bottom Slope,44,2023,2023-06-15,7.6,6.91,4.6,412,161.7,36.5,Safe
UNIT 3A,Furnace Bottom Slope,44,2024,2024-06-15,7.6,6.85,4.6,412,161.7,44.12,Watch
UNIT 3A,Furnace Bottom Slope,44,2025,2025-06-15,7.6,6.51,4.6,412,161.7,51.23,Watch
UNIT 3A,Furnace Bottom Slope,45,2021,2021-06-15,7.6,7.54,4.6,419,151.6,2.98,Safe
UNIT 3A,Furnace Bottom Slope,45,2022,2022-06-15,7.6,7.52,4.6,419,151.6,3.92,Safe
UNIT 3A,Furnace Bottom Slope,45,2023,2023-06-15,7.6,7.5,4.6,419,151.6,4.9,Safe
UNIT 3A,Furnace Bottom Slope,45,2024,2024-06-15,7.6,7.5,4.6,419,151.6,5.86,Safe
UNIT 3A,Furnace Bottom Slope,45,2025,2025-06-15,7.6,7.47,4.6,419,151.6,6.67,Safe
UNIT 3A,Furnace Bottom Slope,46,2021,2021-06-15,7.6,7.07,4.6,381,150.4,28.13,Safe
UNIT 3A,Furnace Bottom Slope,46,2022,2022-06-15,7.6,6.83,4.6,381,150.4,37.7,Safe
UNIT 3A,Furnace Bottom Slope,46,2023,2023-06-15,7.6,6.61,4.6,381,150.4,45.59,Watch
UNIT 3A,Furnace Bottom Slope,46,2024,2024-06-15,7.6,6.44,4.6,381,150.4,53.76,Watch
UNIT 3A,Furnace Bottom Slope,46,2025,2025-06-15,7.6,6.36,4.6,381,150.4,61.8,Watch
UNIT 3A,Furnace Bottom Slope,47,2021,2021-06-15,7.6,7.14,4.6,407,155.1,22.25,Safe
UNIT 3A,Furnace Bottom Slope,47,2022,2022-06-15,7.6,6.85,4.6,407,155.1,33.22,Safe
UNIT 3A,Furnace Bottom Slope,47,2023,2023-06-15,7.6,6.79,4.6,407,155.1,42.66,Watch
UNIT 3A,Furnace Bottom Slope,47,2024,2024-06-15,7.6,6.57,4.6,407,155.1,51.61,Watch
UNIT 3A,Furnace Bottom Slope,47,2025,2025-06-15,7.6,6.29,4.6,407,155.1,63.15,Watch
UNIT 3A,Furnace Bottom Slope,48,2021,2021-06-15,7.6,7.11,4.6,383,152,25.96,Safe
UNIT 3A,Furnace Bottom Slope,48,2022,2022-06-15,7.6,6.98,4.6,383,152,34.8,Safe
UNIT 3A,Furnace Bottom Slope,48,2023,2023-06-15,7.6,6.76,4.6,383,152,43.5,Watch
UNIT 3A,Furnace Bottom Slope,48,2024,2024-06-15,7.6,6.6,4.6,383,152,54.07,Watch
UNIT 3A,Furnace Bottom Slope,48,2025,2025-06-15,7.6,6.18,4.6,383,152,63.99,Watch
UNIT 3A,Furnace Bottom Slope,49,2021,2021-06-15,7.6,7.44,4.6,395,154.9,7.18,Safe
UNIT 3A,Furnace Bottom Slope,49,2022,2022-06-15,7.6,7.42,4.6,395,154.9,8.61,Safe
UNIT 3A,Furnace Bottom Slope,49,2023,2023-06-15,7.6,7.39,4.6,395,154.9,10.08,Safe
UNIT 3A,Furnace Bottom Slope,49,2024,2024-06-15,7.6,7.4,4.6,395,154.9,11.42,Safe
UNIT 3A,Furnace Bottom Slope,49,2025,2025-06-15,7.6,7.38,4.6,395,154.9,12.77,Safe
UNIT 3A,Furnace Bottom Slope,50,2021,2021-06-15,7.6,7.04,4.6,389,161.8,29.5,Safe
UNIT 3A,Furnace Bottom Slope,50,2022,2022-06-15,7.6,6.74,4.6,389,161.8,38.19,Safe
UNIT 3A,Furnace Bottom Slope,50,2023,2023-06-15,7.6,6.59,4.6,389,161.8,47.39,Watch
UNIT 3A,Furnace Bottom Slope,50,2024,2024-06-15,7.6,6.39,4.6,389,161.8,57.19,Watch
UNIT 3A,Furnace Bottom Slope,50,2025,2025-06-15,7.6,6.31,4.6,389,161.8,65.11,Watch
UNIT 3A,Furnace Bottom Slope,51,2021,2021-06-15,7.6,6.81,4.6,411,156.5,47.29,Watch
UNIT 3A,Furnace Bottom Slope,51,2022,2022-06-15,7.6,6.53,4.6,411,156.5,62.73,Watch
UNIT 3A,Furnace Bottom Slope,51,2023,2023-06-15,7.6,6.26,4.6,411,156.5,74.43,Watch
UNIT 3A,Furnace Bottom Slope,51,2024,2024-06-15,7.6,5.94,4.6,411,156.5,86.23,Critical
UNIT 3A,Furnace Bottom Slope,51,2025,2025-06-15,7.6,5.77,4.6,411,156.5,99.5,Critical
UNIT 3A,Furnace Bottom Slope,52,2021,2021-06-15,7.6,6.81,4.6,401,150.9,38.15,Safe
UNIT 3A,Furnace Bottom Slope,52,2022,2022-06-15,7.6,6.74,4.6,401,150.9,47.07,Watch
UNIT 3A,Furnace Bottom Slope,52,2023,2023-06-15,7.6,6.53,4.6,401,150.9,56.54,Watch
UNIT 3A,Furnace Bottom Slope,52,2024,2024-06-15,7.6,6.49,4.6,401,150.9,64.86,Watch
UNIT 3A,Furnace Bottom Slope,52,2025,2025-06-15,7.6,6.35,4.6,401,150.9,75.71,Watch
UNIT 3A,Furnace Bottom Slope,53,2021,2021-06-15,7.6,7.54,4.6,402,162.6,3.45,Safe
UNIT 3A,Furnace Bottom Slope,53,2022,2022-06-15,7.6,7.51,4.6,402,162.6,4.9,Safe
UNIT 3A,Furnace Bottom Slope,53,2023,2023-06-15,7.6,7.47,4.6,402,162.6,6.43,Safe
UNIT 3A,Furnace Bottom Slope,53,2024,2024-06-15,7.6,7.46,4.6,402,162.6,7.83,Safe
UNIT 3A,Furnace Bottom Slope,53,2025,2025-06-15,7.6,7.44,4.6,402,162.6,9.56,Safe
UNIT 3A,Furnace Bottom Slope,54,2021,2021-06-15,7.6,7.59,4.6,412,152.1,0.38,Safe
UNIT 3A,Furnace Bottom Slope,54,2022,2022-06-15,7.6,7.58,4.6,412,152.1,1.34,Safe
UNIT 3A,Furnace Bottom Slope,54,2023,2023-06-15,7.6,7.56,4.6,412,152.1,2.32,Safe
UNIT 3A,Furnace Bottom Slope,54,2024,2024-06-15,7.6,7.54,4.6,412,152.1,3.49,Safe
UNIT 3A,Furnace Bottom Slope,54,2025,2025-06-15,7.6,7.51,4.6,412,152.1,4.64,Safe
UNIT 3A,Furnace Bottom Slope,55,2021,2021-06-15,7.6,7.01,4.6,398,161.6,27.43,Safe
UNIT 3A,Furnace Bottom Slope,55,2022,2022-06-15,7.6,6.79,4.6,398,161.6,36.61,Safe
UNIT 3A,Furnace Bottom Slope,55,2023,2023-06-15,7.6,6.67,4.6,398,161.6,46.39,Watch
UNIT 3A,Furnace Bottom Slope,55,2024,2024-06-15,7.6,6.52,4.6,398,161.6,57.74,Watch
UNIT 3A,Furnace Bottom Slope,55,2025,2025-06-15,7.6,6.34,4.6,398,161.6,68.59,Watch
UNIT 3A,Furnace Bottom Slope,56,2021,2021-06-15,7.6,7.54,4.6,386,154.8,3.31,Safe
UNIT 3A,Furnace Bottom Slope,56,2022,2022-06-15,7.6,7.52,4.6,386,154.8,4.41,Safe
UNIT 3A,Furnace Bottom Slope,56,2023,2023-06-15,7.6,7.5,4.6,386,154.8,5.5,Safe
UNIT 3A,Furnace Bottom Slope,56,2024,2024-06-15,7.6,7.46,4.6,386,154.8,6.86,Safe
UNIT 3A,Furnace Bottom Slope,56,2025,2025-06-15,7.6,7.45,4.6,386,154.8,8.23,Safe
UNIT 3A,Furnace Bottom Slope,57,2021,2021-06-15,7.6,7.58,4.6,407,152.6,1.15,Safe
UNIT 3A,Furnace Bottom Slope,57,2022,2022-06-15,7.6,7.56,4.6,407,152.6,2.39,Safe
UNIT 3A,Furnace Bottom Slope,57,2023,2023-06-15,7.6,7.53,4.6,407,152.6,3.31,Safe
UNIT 3A,Furnace Bottom Slope,57,2024,2024-06-15,7.6,7.52,4.6,407,152.6,4.41,Safe
UNIT 3A,Furnace Bottom Slope,57,2025,2025-06-15,7.6,7.48,4.6,407,152.6,5.62,Safe
UNIT 3A,Furnace Bottom Slope,58,2021,2021-06-15,7.6,7.59,4.6,408,158.9,0.4,Safe
UNIT 3A,Furnace Bottom Slope,58,2022,2022-06-15,7.6,7.56,4.6,408,158.9,1.87,Safe
UNIT 3A,Furnace Bottom Slope,58,2023,2023-06-15,7.6,7.54,4.6,408,158.9,3.07,Safe
UNIT 3A,Furnace Bottom Slope,58,2024,2024-06-15,7.6,7.51,4.6,408,158.9,4.36,Safe
UNIT 3A,Furnace Bottom Slope,58,2025,2025-06-15,7.6,7.49,4.6,408,158.9,5.66,Safe
UNIT 3A,Furnace Bottom Slope,59,2021,2021-06-15,7.6,6.96,4.6,411,161.4,28.71,Safe
UNIT 3A,Furnace Bottom Slope,59,2022,2022-06-15,7.6,6.86,4.6,411,161.4,37.7,Safe
UNIT 3A,Furnace Bottom Slope,59,2023,2023-06-15,7.6,6.63,4.6,411,161.4,45.56,Watch
UNIT 3A,Furnace Bottom Slope,59,2024,2024-06-15,7.6,6.56,4.6,411,161.4,54.83,Watch
UNIT 3A,Furnace Bottom Slope,59,2025,2025-06-15,7.6,6.23,4.6,411,161.4,62.92,Watch
UNIT 3A,Furnace Bottom Slope,60,2021,2021-06-15,7.6,7.46,4.6,403,152.7,7.69,Safe
UNIT 3A,Furnace Bottom Slope,60,2022,2022-06-15,7.6,7.4,4.6,403,152.7,8.94,Safe
UNIT 3A,Furnace Bottom Slope,60,2023,2023-06-15,7.6,7.41,4.6,403,152.7,9.97,Safe
UNIT 3A,Furnace Bottom Slope,60,2024,2024-06-15,7.6,7.36,4.6,403,152.7,11.18,Safe
UNIT 3A,Furnace Bottom Slope,60,2025,2025-06-15,7.6,7.36,4.6,403,152.7,12.27,Safe
UNIT 3A,Furnace Bottom Slope,61,2021,2021-06-15,7.6,7.5,4.6,398,163.6,4.56,Safe
UNIT 3A,Furnace Bottom Slope,61,2022,2022-06-15,7.6,7.48,4.6,398,163.6,7.31,Safe
UNIT 3A,Furnace Bottom Slope,61,2023,2023-06-15,7.6,7.4,4.6,398,163.6,9.61,Safe
UNIT 3A,Furnace Bottom Slope,61,2024,2024-06-15,7.6,7.34,4.6,398,163.6,11.77,Safe
UNIT 3A,Furnace Bottom Slope,61,2025,2025-06-15,7.6,7.3,4.6,398,163.6,14.2,Safe
UNIT 3A,Furnace Bottom Slope,62,2021,2021-06-15,7.6,7.08,4.6,384,158.7,27.3,Safe
UNIT 3A,Furnace Bottom Slope,62,2022,2022-06-15,7.6,6.82,4.6,384,158.7,35.32,Safe
UNIT 3A,Furnace Bottom Slope,62,2023,2023-06-15,7.6,6.84,4.6,384,158.7,43.02,Watch
UNIT 3A,Furnace Bottom Slope,62,2024,2024-06-15,7.6,6.65,4.6,384,158.7,50.51,Watch
UNIT 3A,Furnace Bottom Slope,62,2025,2025-06-15,7.6,6.6,4.6,384,158.7,57.43,Watch
UNIT 3A,Furnace Bottom Slope,63,2021,2021-06-15,7.6,7.1,4.6,388,161.3,22.92,Safe
UNIT 3A,Furnace Bottom Slope,63,2022,2022-06-15,7.6,7.02,4.6,388,161.3,32.56,Safe
UNIT 3A,Furnace Bottom Slope,63,2023,2023-06-15,7.6,6.78,4.6,388,161.3,41.9,Watch
UNIT 3A,Furnace Bottom Slope,63,2024,2024-06-15,7.6,6.66,4.6,388,161.3,52.12,Watch
UNIT 3A,Furnace Bottom Slope,63,2025,2025-06-15,7.6,6.42,4.6,388,161.3,61.04,Watch
UNIT 3A,Furnace Bottom Slope,64,2021,2021-06-15,7.6,7.58,4.6,384,153.8,0.89,Safe
UNIT 3A,Furnace Bottom Slope,64,2022,2022-06-15,7.6,7.54,4.6,384,153.8,2.93,Safe
UNIT 3A,Furnace Bottom Slope,64,2023,2023-06-15,7.6,7.49,4.6,384,153.8,5.04,Safe
UNIT 3A,Furnace Bottom Slope,64,2024,2024-06-15,7.6,7.44,4.6,384,153.8,7.21,Safe
UNIT 3A,Furnace Bottom Slope,64,2025,2025-06-15,7.6,7.45,4.6,384,153.8,8.85,Safe
UNIT 3A,Furnace Bottom Slope,65,2021,2021-06-15,7.6,7.48,4.6,410,158.1,6.77,Safe
UNIT 3A,Furnace Bottom Slope,65,2022,2022-06-15,7.6,7.47,4.6,410,158.1,7.7,Safe
UNIT 3A,Furnace Bottom Slope,65,2023,2023-06-15,7.6,7.42,4.6,410,158.1,8.83,Safe
UNIT 3A,Furnace Bottom Slope,65,2024,2024-06-15,7.6,7.42,4.6,410,158.1,9.91,Safe
UNIT 3A,Furnace Bottom Slope,65,2025,2025-06-15,7.6,7.39,4.6,410,158.1,10.88,Safe
UNIT 3A,Furnace Bottom Slope,66,2021,2021-06-15,7.6,7.44,4.6,405,151.8,7.53,Safe
UNIT 3A,Furnace Bottom Slope,66,2022,2022-06-15,7.6,7.44,4.6,405,151.8,8.64,Safe
UNIT 3A,Furnace Bottom Slope,66,2023,2023-06-15,7.6,7.42,4.6,405,151.8,10.02,Safe
UNIT 3A,Furnace Bottom Slope,66,2024,2024-06-15,7.6,7.38,4.6,405,151.8,11.24,Safe
UNIT 3A,Furnace Bottom Slope,66,2025,2025-06-15,7.6,7.34,4.6,405,151.8,12.4,Safe
UNIT 3A,Furnace Bottom Slope,67,2021,2021-06-15,7.6,7.53,4.6,409,153.7,4.25,Safe
UNIT 3A,Furnace Bottom Slope,67,2022,2022-06-15,7.6,7.47,4.6,409,153.7,6,Safe
UNIT 3A,Furnace Bottom Slope,67,2023,2023-06-15,7.6,7.45,4.6,409,153.7,7.67,Safe
UNIT 3A,Furnace Bottom Slope,67,2024,2024-06-15,7.6,7.42,4.6,409,153.7,9.21,Safe
UNIT 3A,Furnace Bottom Slope,67,2025,2025-06-15,7.6,7.39,4.6,409,153.7,10.78,Safe
UNIT 3A,Furnace Bottom Slope,68,2021,2021-06-15,7.6,6.55,4.6,390,157.2,47.24,Watch
UNIT 3A,Furnace Bottom Slope,68,2022,2022-06-15,7.6,6.49,4.6,390,157.2,56.12,Watch
UNIT 3A,Furnace Bottom Slope,68,2023,2023-06-15,7.6,6.43,4.6,390,157.2,65.13,Watch
UNIT 3A,Furnace Bottom Slope,68,2024,2024-06-15,7.6,6.33,4.6,390,157.2,73.62,Watch
UNIT 3A,Furnace Bottom Slope,68,2025,2025-06-15,7.6,6.04,4.6,390,157.2,84.73,Critical
UNIT 3A,Furnace Bottom Slope,69,2021,2021-06-15,7.6,7.51,4.6,407,164.8,4.26,Safe
UNIT 3A,Furnace Bottom Slope,69,2022,2022-06-15,7.6,7.48,4.6,407,164.8,6.06,Safe
UNIT 3A,Furnace Bottom Slope,69,2023,2023-06-15,7.6,7.43,4.6,407,164.8,7.56,Safe
UNIT 3A,Furnace Bottom Slope,69,2024,2024-06-15,7.6,7.45,4.6,407,164.8,9.16,Safe
UNIT 3A,Furnace Bottom Slope,69,2025,2025-06-15,7.6,7.37,4.6,407,164.8,10.77,Safe
UNIT 3A,Furnace Bottom Slope,70,2021,2021-06-15,7.6,7.57,4.6,387,163.9,1.7,Safe
UNIT 3A,Furnace Bottom Slope,70,2022,2022-06-15,7.6,7.53,4.6,387,163.9,4.35,Safe
UNIT 3A,Furnace Bottom Slope,70,2023,2023-06-15,7.6,7.47,4.6,387,163.9,7.27,Safe
UNIT 3A,Furnace Bottom Slope,70,2024,2024-06-15,7.6,7.42,4.6,387,163.9,9.48,Safe
UNIT 3A,Furnace Bottom Slope,70,2025,2025-06-15,7.6,7.4,4.6,387,163.9,11.74,Safe
UNIT 3A,Furnace Bottom Slope,71,2021,2021-06-15,7.6,7.11,4.6,396,156.9,23.83,Safe
UNIT 3A,Furnace Bottom Slope,71,2022,2022-06-15,7.6,6.94,4.6,396,156.9,34.32,Safe
UNIT 3A,Furnace Bottom Slope,71,2023,2023-06-15,7.6,6.75,4.6,396,156.9,45.88,Watch
UNIT 3A,Furnace Bottom Slope,71,2024,2024-06-15,7.6,6.47,4.6,396,156.9,55.09,Watch
UNIT 3A,Furnace Bottom Slope,71,2025,2025-06-15,7.6,6.49,4.6,396,156.9,66.33,Watch
UNIT 3A,Furnace Bottom Slope,72,2021,2021-06-15,7.6,7.44,4.6,409,158,7.93,Safe
UNIT 3A,Furnace Bottom Slope,72,2022,2022-06-15,7.6,7.37,4.6,409,158,10.24,Safe
UNIT 3A,Furnace Bottom Slope,72,2023,2023-06-15,7.6,7.34,4.6,409,158,12.59,Safe
UNIT 3A,Furnace Bottom Slope,72,2024,2024-06-15,7.6,7.3,4.6,409,158,14.97,Safe
UNIT 3A,Furnace Bottom Slope,72,2025,2025-06-15,7.6,7.26,4.6,409,158,17.58,Safe
UNIT 3A,Furnace Bottom Slope,73,2021,2021-06-15,7.6,7.18,4.6,408,156.6,24.11,Safe
UNIT 3A,Furnace Bottom Slope,73,2022,2022-06-15,7.6,6.94,4.6,408,156.6,32.08,Safe
UNIT 3A,Furnace Bottom Slope,73,2023,2023-06-15,7.6,6.75,4.6,408,156.6,41.6,Watch
UNIT 3A,Furnace Bottom Slope,73,2024,2024-06-15,7.6,6.69,4.6,408,156.6,49.37,Watch
UNIT 3A,Furnace Bottom Slope,73,2025,2025-06-15,7.6,6.38,4.6,408,156.6,57.64,Watch
UNIT 3A,Furnace Bottom Slope,74,2021,2021-06-15,7.6,7.23,4.6,396,154.1,21.55,Safe
UNIT 3A,Furnace Bottom Slope,74,2022,2022-06-15,7.6,6.98,4.6,396,154.1,30.13,Safe
UNIT 3A,Furnace Bottom Slope,74,2023,2023-06-15,7.6,6.88,4.6,396,154.1,40.43,Watch
UNIT 3A,Furnace Bottom Slope,74,2024,2024-06-15,7.6,6.57,4.6,396,154.1,49.72,Watch
UNIT 3A,Furnace Bottom Slope,74,2025,2025-06-15,7.6,6.39,4.6,396,154.1,60.13,Watch
UNIT 3A,Furnace Bottom Slope,75,2021,2021-06-15,7.6,7.47,4.6,401,160.3,7.81,Safe
UNIT 3A,Furnace Bottom Slope,75,2022,2022-06-15,7.6,7.4,4.6,401,160.3,9.27,Safe
UNIT 3A,Furnace Bottom Slope,75,2023,2023-06-15,7.6,7.39,4.6,401,160.3,10.82,Safe
UNIT 3A,Furnace Bottom Slope,75,2024,2024-06-15,7.6,7.33,4.6,401,160.3,12.53,Safe
UNIT 3A,Furnace Bottom Slope,75,2025,2025-06-15,7.6,7.32,4.6,401,160.3,13.95,Safe
UNIT 3A,Furnace Bottom Slope,76,2021,2021-06-15,7.6,7.56,4.6,396,163.7,1.95,Safe
UNIT 3A,Furnace Bottom Slope,76,2022,2022-06-15,7.6,7.52,4.6,396,163.7,3.65,Safe
UNIT 3A,Furnace Bottom Slope,76,2023,2023-06-15,7.6,7.49,4.6,396,163.7,5.29,Safe
UNIT 3A,Furnace Bottom Slope,76,2024,2024-06-15,7.6,7.47,4.6,396,163.7,6.95,Safe
UNIT 3A,Furnace Bottom Slope,76,2025,2025-06-15,7.6,7.45,4.6,396,163.7,8.47,Safe
UNIT 3A,Furnace Bottom Slope,77,2021,2021-06-15,7.6,7.02,4.6,394,153.3,27.03,Safe
UNIT 3A,Furnace Bottom Slope,77,2022,2022-06-15,7.6,6.98,4.6,394,153.3,35.38,Safe
UNIT 3A,Furnace Bottom Slope,77,2023,2023-06-15,7.6,6.83,4.6,394,153.3,41.8,Watch
UNIT 3A,Furnace Bottom Slope,77,2024,2024-06-15,7.6,6.52,4.6,394,153.3,50,Watch
UNIT 3A,Furnace Bottom Slope,77,2025,2025-06-15,7.6,6.4,4.6,394,153.3,56.71,Watch
UNIT 3A,Furnace Bottom Slope,78,2021,2021-06-15,7.6,6.76,4.6,396,152.9,47.98,Watch
UNIT 3A,Furnace Bottom Slope,78,2022,2022-06-15,7.6,6.4,4.6,396,152.9,59.44,Watch
UNIT 3A,Furnace Bottom Slope,78,2023,2023-06-15,7.6,5.97,4.6,396,152.9,72.69,Watch
UNIT 3A,Furnace Bottom Slope,78,2024,2024-06-15,7.6,6.16,4.6,396,152.9,82.91,Critical
UNIT 3A,Furnace Bottom Slope,78,2025,2025-06-15,7.6,5.87,4.6,396,152.9,95.66,Critical
UNIT 3A,Furnace Bottom Slope,79,2021,2021-06-15,7.6,7.47,4.6,403,156.4,6.66,Safe
UNIT 3A,Furnace Bottom Slope,79,2022,2022-06-15,7.6,7.44,4.6,403,156.4,7.71,Safe
UNIT 3A,Furnace Bottom Slope,79,2023,2023-06-15,7.6,7.4,4.6,403,156.4,8.8,Safe
UNIT 3A,Furnace Bottom Slope,79,2024,2024-06-15,7.6,7.4,4.6,403,156.4,10,Safe
UNIT 3A,Furnace Bottom Slope,79,2025,2025-06-15,7.6,7.37,4.6,403,156.4,10.92,Safe
UNIT 3A,Furnace Bottom Slope,80,2021,2021-06-15,7.6,7.08,4.6,387,150.8,25.1,Safe
UNIT 3A,Furnace Bottom Slope,80,2022,2022-06-15,7.6,6.9,4.6,387,150.8,33.07,Safe
UNIT 3A,Furnace Bottom Slope,80,2023,2023-06-15,7.6,6.69,4.6,387,150.8,42.25,Watch
UNIT 3A,Furnace Bottom Slope,80,2024,2024-06-15,7.6,6.67,4.6,387,150.8,50.39,Watch
UNIT 3A,Furnace Bottom Slope,80,2025,2025-06-15,7.6,6.34,4.6,387,150.8,59.36,Watch
UNIT 3A,Furnace Bottom Slope,81,2021,2021-06-15,7.6,7.46,4.6,417,152.3,7.03,Safe
UNIT 3A,Furnace Bottom Slope,81,2022,2022-06-15,7.6,7.47,4.6,417,152.3,8,Safe
UNIT 3A,Furnace Bottom Slope,81,2023,2023-06-15,7.6,7.43,4.6,417,152.3,8.95,Safe
UNIT 3A,Furnace Bottom Slope,81,2024,2024-06-15,7.6,7.43,4.6,417,152.3,10.16,Safe
UNIT 3A,Furnace Bottom Slope,81,2025,2025-06-15,7.6,7.36,4.6,417,152.3,11.33,Safe
UNIT 3A,Furnace Bottom Slope,82,2021,2021-06-15,7.6,6.7,4.6,383,162.3,45.77,Watch
UNIT 3A,Furnace Bottom Slope,82,2022,2022-06-15,7.6,6.63,4.6,383,162.3,56.76,Watch
UNIT 3A,Furnace Bottom Slope,82,2023,2023-06-15,7.6,6.21,4.6,383,162.3,66.47,Watch
UNIT 3A,Furnace Bottom Slope,82,2024,2024-06-15,7.6,6.01,4.6,383,162.3,75.77,Watch
UNIT 3A,Furnace Bottom Slope,82,2025,2025-06-15,7.6,5.8,4.6,383,162.3,85.81,Critical
UNIT 3A,Furnace Bottom Slope,83,2021,2021-06-15,7.6,7.22,4.6,406,151.8,22.5,Safe
UNIT 3A,Furnace Bottom Slope,83,2022,2022-06-15,7.6,7.09,4.6,406,151.8,29.16,Safe
UNIT 3A,Furnace Bottom Slope,83,2023,2023-06-15,7.6,6.9,4.6,406,151.8,37.25,Safe
UNIT 3A,Furnace Bottom Slope,83,2024,2024-06-15,7.6,6.81,4.6,406,151.8,45.71,Watch
UNIT 3A,Furnace Bottom Slope,83,2025,2025-06-15,7.6,6.57,4.6,406,151.8,53.43,Watch
UNIT 3A,Furnace Bottom Slope,84,2021,2021-06-15,7.6,7.48,4.6,410,152.9,6.98,Safe
UNIT 3A,Furnace Bottom Slope,84,2022,2022-06-15,7.6,7.42,4.6,410,152.9,10.07,Safe
UNIT 3A,Furnace Bottom Slope,84,2023,2023-06-15,7.6,7.34,4.6,410,152.9,13.22,Safe
UNIT 3A,Furnace Bottom Slope,84,2024,2024-06-15,7.6,7.25,4.6,410,152.9,16.21,Safe
UNIT 3A,Furnace Bottom Slope,84,2025,2025-06-15,7.6,7.28,4.6,410,152.9,19.34,Safe
UNIT 3A,Furnace Bottom Slope,85,2021,2021-06-15,7.6,6.76,4.6,405,156.3,39.78,Safe
UNIT 3A,Furnace Bottom Slope,85,2022,2022-06-15,7.6,6.52,4.6,405,156.3,54.28,Watch
UNIT 3A,Furnace Bottom Slope,85,2023,2023-06-15,7.6,6.38,4.6,405,156.3,67.04,Watch
UNIT 3A,Furnace Bottom Slope,85,2024,2024-06-15,7.6,6.12,4.6,405,156.3,80.34,Critical
UNIT 3A,Furnace Bottom Slope,85,2025,2025-06-15,7.6,5.67,4.6,405,156.3,93.8,Critical
UNIT 3A,Furnace Bottom Slope,86,2021,2021-06-15,7.6,6.88,4.6,390,163.4,35.4,Safe
UNIT 3A,Furnace Bottom Slope,86,2022,2022-06-15,7.6,6.65,4.6,390,163.4,43.52,Watch
UNIT 3A,Furnace Bottom Slope,86,2023,2023-06-15,7.6,6.58,4.6,390,163.4,52.44,Watch
UNIT 3A,Furnace Bottom Slope,86,2024,2024-06-15,7.6,6.54,4.6,390,163.4,62.63,Watch
UNIT 3A,Furnace Bottom Slope,86,2025,2025-06-15,7.6,6.18,4.6,390,163.4,70.87,Watch
UNIT 3A,Furnace Bottom Slope,87,2021,2021-06-15,7.6,6.93,4.6,416,153.1,35.43,Safe
UNIT 3A,Furnace Bottom Slope,87,2022,2022-06-15,7.6,6.77,4.6,416,153.1,47.85,Watch
UNIT 3A,Furnace Bottom Slope,87,2023,2023-06-15,7.6,6.44,4.6,416,153.1,63.09,Watch
UNIT 3A,Furnace Bottom Slope,87,2024,2024-06-15,7.6,6.32,4.6,416,153.1,76.27,Watch
UNIT 3A,Furnace Bottom Slope,87,2025,2025-06-15,7.6,5.98,4.6,416,153.1,89.44,Critical
UNIT 3A,Furnace Bottom Slope,88,2021,2021-06-15,7.6,7.07,4.6,384,151.5,31.16,Safe
UNIT 3A,Furnace Bottom Slope,88,2022,2022-06-15,7.6,6.79,4.6,384,151.5,40.05,Watch
UNIT 3A,Furnace Bottom Slope,88,2023,2023-06-15,7.6,6.54,4.6,384,151.5,48.96,Watch
UNIT 3A,Furnace Bottom Slope,88,2024,2024-06-15,7.6,6.32,4.6,384,151.5,59.78,Watch
UNIT 3A,Furnace Bottom Slope,88,2025,2025-06-15,7.6,6.03,4.6,384,151.5,69.91,Watch
UNIT 3A,Furnace Bottom Slope,89,2021,2021-06-15,7.6,6.81,4.6,399,158.7,37.18,Safe
UNIT 3A,Furnace Bottom Slope,89,2022,2022-06-15,7.6,6.53,4.6,399,158.7,47.82,Watch
UNIT 3A,Furnace Bottom Slope,89,2023,2023-06-15,7.6,6.44,4.6,399,158.7,59.63,Watch
UNIT 3A,Furnace Bottom Slope,89,2024,2024-06-15,7.6,6.23,4.6,399,158.7,73.11,Watch
UNIT 3A,Furnace Bottom Slope,89,2025,2025-06-15,7.6,5.91,4.6,399,158.7,84.55,Critical
UNIT 3A,Furnace Bottom Slope,90,2021,2021-06-15,7.6,6.84,4.6,418,151.5,35.09,Safe
UNIT 3A,Furnace Bottom Slope,90,2022,2022-06-15,7.6,6.73,4.6,418,151.5,46.64,Watch
UNIT 3A,Furnace Bottom Slope,90,2023,2023-06-15,7.6,6.5,4.6,418,151.5,57.58,Watch
UNIT 3A,Furnace Bottom Slope,90,2024,2024-06-15,7.6,6.07,4.6,418,151.5,69.28,Watch
UNIT 3A,Furnace Bottom Slope,90,2025,2025-06-15,7.6,6.05,4.6,418,151.5,81.98,Critical
UNIT 3A,Furnace Bottom Slope,91,2021,2021-06-15,7.6,7.53,4.6,391,158.3,3.69,Safe
UNIT 3A,Furnace Bottom Slope,91,2022,2022-06-15,7.6,7.49,4.6,391,158.3,5.65,Safe
UNIT 3A,Furnace Bottom Slope,91,2023,2023-06-15,7.6,7.47,4.6,391,158.3,7.45,Safe
UNIT 3A,Furnace Bottom Slope,91,2024,2024-06-15,7.6,7.42,4.6,391,158.3,9.64,Safe
UNIT 3A,Furnace Bottom Slope,91,2025,2025-06-15,7.6,7.37,4.6,391,158.3,11.51,Safe
UNIT 3A,Furnace Bottom Slope,92,2021,2021-06-15,7.6,6.96,4.6,407,159,31.13,Safe
UNIT 3A,Furnace Bottom Slope,92,2022,2022-06-15,7.6,6.72,4.6,407,159,39.62,Safe
UNIT 3A,Furnace Bottom Slope,92,2023,2023-06-15,7.6,6.52,4.6,407,159,49.11,Watch
UNIT 3A,Furnace Bottom Slope,92,2024,2024-06-15,7.6,6.62,4.6,407,159,59.15,Watch
UNIT 3A,Furnace Bottom Slope,92,2025,2025-06-15,7.6,6.21,4.6,407,159,67.6,Watch
UNIT 3A,Furnace Bottom Slope,93,2021,2021-06-15,7.6,7.1,4.6,389,157,30.23,Safe
UNIT 3A,Furnace Bottom Slope,93,2022,2022-06-15,7.6,6.85,4.6,389,157,40.51,Watch
UNIT 3A,Furnace Bottom Slope,93,2023,2023-06-15,7.6,6.64,4.6,389,157,51.06,Watch
UNIT 3A,Furnace Bottom Slope,93,2024,2024-06-15,7.6,6.5,4.6,389,157,60.72,Watch
UNIT 3A,Furnace Bottom Slope,93,2025,2025-06-15,7.6,6.14,4.6,389,157,69.23,Watch
UNIT 3A,Furnace Bottom Slope,94,2021,2021-06-15,7.6,7.46,4.6,400,162.8,7.71,Safe
UNIT 3A,Furnace Bottom Slope,94,2022,2022-06-15,7.6,7.37,4.6,400,162.8,10.72,Safe
UNIT 3A,Furnace Bottom Slope,94,2023,2023-06-15,7.6,7.37,4.6,400,162.8,13.53,Safe
UNIT 3A,Furnace Bottom Slope,94,2024,2024-06-15,7.6,7.28,4.6,400,162.8,16.73,Safe
UNIT 3A,Furnace Bottom Slope,94,2025,2025-06-15,7.6,7.16,4.6,400,162.8,19.71,Safe
UNIT 3A,Furnace Bottom Slope,95,2021,2021-06-15,7.6,7.53,4.6,385,161.9,3.34,Safe
UNIT 3A,Furnace Bottom Slope,95,2022,2022-06-15,7.6,7.51,4.6,385,161.9,4.85,Safe
UNIT 3A,Furnace Bottom Slope,95,2023,2023-06-15,7.6,7.49,4.6,385,161.9,6.65,Safe
UNIT 3A,Furnace Bottom Slope,95,2024,2024-06-15,7.6,7.44,4.6,385,161.9,8.27,Safe
UNIT 3A,Furnace Bottom Slope,95,2025,2025-06-15,7.6,7.43,4.6,385,161.9,9.98,Safe
UNIT 3A,Furnace Bottom Slope,96,2021,2021-06-15,7.6,7.2,4.6,384,156.9,20.48,Safe
UNIT 3A,Furnace Bottom Slope,96,2022,2022-06-15,7.6,7.1,4.6,384,156.9,28.69,Safe
UNIT 3A,Furnace Bottom Slope,96,2023,2023-06-15,7.6,6.92,4.6,384,156.9,36.82,Safe
UNIT 3A,Furnace Bottom Slope,96,2024,2024-06-15,7.6,6.61,4.6,384,156.9,44.71,Watch
UNIT 3A,Furnace Bottom Slope,96,2025,2025-06-15,7.6,6.46,4.6,384,156.9,53.43,Watch
UNIT 3A,Furnace Bottom Slope,97,2021,2021-06-15,7.6,7.02,4.6,416,156.4,30.46,Safe
UNIT 3A,Furnace Bottom Slope,97,2022,2022-06-15,7.6,6.85,4.6,416,156.4,38.3,Safe
UNIT 3A,Furnace Bottom Slope,97,2023,2023-06-15,7.6,6.52,4.6,416,156.4,48.75,Watch
UNIT 3A,Furnace Bottom Slope,97,2024,2024-06-15,7.6,6.43,4.6,416,156.4,56.6,Watch
UNIT 3A,Furnace Bottom Slope,97,2025,2025-06-15,7.6,6.17,4.6,416,156.4,65.17,Watch
UNIT 3A,Furnace Bottom Slope,98,2021,2021-06-15,7.6,6.83,4.6,406,151.8,45.4,Watch
UNIT 3A,Furnace Bottom Slope,98,2022,2022-06-15,7.6,6.51,4.6,406,151.8,62.51,Watch
UNIT 3A,Furnace Bottom Slope,98,2023,2023-06-15,7.6,5.88,4.6,406,151.8,78.23,Watch
UNIT 3A,Furnace Bottom Slope,98,2024,2024-06-15,7.6,5.82,4.6,406,151.8,94.09,Critical
UNIT 3A,Furnace Bottom Slope,98,2025,2025-06-15,7.6,5.92,4.6,406,151.8,99.5,Critical
UNIT 3A,Furnace Bottom Slope,99,2021,2021-06-15,7.6,7.09,4.6,388,151.4,23.43,Safe
UNIT 3A,Furnace Bottom Slope,99,2022,2022-06-15,7.6,6.93,4.6,388,151.4,31.14,Safe
UNIT 3A,Furnace Bottom Slope,99,2023,2023-06-15,7.6,6.75,4.6,388,151.4,39.44,Safe
UNIT 3A,Furnace Bottom Slope,99,2024,2024-06-15,7.6,6.78,4.6,388,151.4,47.66,Watch
UNIT 3A,Furnace Bottom Slope,99,2025,2025-06-15,7.6,6.5,4.6,388,151.4,55.56,Watch
UNIT 3A,Furnace Bottom Slope,100,2021,2021-06-15,7.6,7.49,4.6,419,157.2,5.64,Safe
UNIT 3A,Furnace Bottom Slope,100,2022,2022-06-15,7.6,7.44,4.6,419,157.2,8.48,Safe
UNIT 3A,Furnace Bottom Slope,100,2023,2023-06-15,7.6,7.41,4.6,419,157.2,11.32,Safe
UNIT 3A,Furnace Bottom Slope,100,2024,2024-06-15,7.6,7.31,4.6,419,157.2,13.88,Safe
UNIT 3A,Furnace Bottom Slope,100,2025,2025-06-15,7.6,7.23,4.6,419,157.2,16.77,Safe
UNIT 3A,Furnace Bottom Slope,101,2021,2021-06-15,7.6,7.16,4.6,391,153.3,22.47,Safe
UNIT 3A,Furnace Bottom Slope,101,2022,2022-06-15,7.6,6.92,4.6,391,153.3,30.53,Safe
UNIT 3A,Furnace Bottom Slope,101,2023,2023-06-15,7.6,6.98,4.6,391,153.3,37.1,Safe
UNIT 3A,Furnace Bottom Slope,101,2024,2024-06-15,7.6,6.87,4.6,391,153.3,43.49,Watch
UNIT 3A,Furnace Bottom Slope,101,2025,2025-06-15,7.6,6.61,4.6,391,153.3,49.97,Watch
UNIT 3A,Furnace Bottom Slope,102,2021,2021-06-15,7.6,7.57,4.6,420,162,1.61,Safe
UNIT 3A,Furnace Bottom Slope,102,2022,2022-06-15,7.6,7.51,4.6,420,162,4.03,Safe
UNIT 3A,Furnace Bottom Slope,102,2023,2023-06-15,7.6,7.5,4.6,420,162,6.11,Safe
UNIT 3A,Furnace Bottom Slope,102,2024,2024-06-15,7.6,7.44,4.6,420,162,8.11,Safe
UNIT 3A,Furnace Bottom Slope,102,2025,2025-06-15,7.6,7.4,4.6,420,162,10.57,Safe
UNIT 3A,Furnace Bottom Slope,103,2021,2021-06-15,7.6,7.55,4.6,387,160.1,2.57,Safe
UNIT 3A,Furnace Bottom Slope,103,2022,2022-06-15,7.6,7.52,4.6,387,160.1,3.67,Safe
UNIT 3A,Furnace Bottom Slope,103,2023,2023-06-15,7.6,7.49,4.6,387,160.1,4.75,Safe
UNIT 3A,Furnace Bottom Slope,103,2024,2024-06-15,7.6,7.5,4.6,387,160.1,5.84,Safe
UNIT 3A,Furnace Bottom Slope,103,2025,2025-06-15,7.6,7.46,4.6,387,160.1,7.04,Safe
UNIT 3A,Furnace Bottom Slope,104,2021,2021-06-15,7.6,7.53,4.6,406,157.2,3.89,Safe
UNIT 3A,Furnace Bottom Slope,104,2022,2022-06-15,7.6,7.47,4.6,406,157.2,6.49,Safe
UNIT 3A,Furnace Bottom Slope,104,2023,2023-06-15,7.6,7.41,4.6,406,157.2,9.24,Safe
UNIT 3A,Furnace Bottom Slope,104,2024,2024-06-15,7.6,7.34,4.6,406,157.2,11.82,Safe
UNIT 3A,Furnace Bottom Slope,104,2025,2025-06-15,7.6,7.28,4.6,406,157.2,14.78,Safe
UNIT 3A,Furnace Bottom Slope,105,2021,2021-06-15,7.6,7.04,4.6,410,156.4,27.78,Safe
UNIT 3A,Furnace Bottom Slope,105,2022,2022-06-15,7.6,6.82,4.6,410,156.4,38.61,Safe
UNIT 3A,Furnace Bottom Slope,105,2023,2023-06-15,7.6,6.62,4.6,410,156.4,47.95,Watch
UNIT 3A,Furnace Bottom Slope,105,2024,2024-06-15,7.6,6.3,4.6,410,156.4,58.25,Watch
UNIT 3A,Furnace Bottom Slope,105,2025,2025-06-15,7.6,6.31,4.6,410,156.4,67.66,Watch
UNIT 3A,Furnace Bottom Slope,106,2021,2021-06-15,7.6,7.52,4.6,412,153.2,3.68,Safe
UNIT 3A,Furnace Bottom Slope,106,2022,2022-06-15,7.6,7.5,4.6,412,153.2,5.83,Safe
UNIT 3A,Furnace Bottom Slope,106,2023,2023-06-15,7.6,7.42,4.6,412,153.2,8.34,Safe
UNIT 3A,Furnace Bottom Slope,106,2024,2024-06-15,7.6,7.4,4.6,412,153.2,11.05,Safe
UNIT 3A,Furnace Bottom Slope,106,2025,2025-06-15,7.6,7.31,4.6,412,153.2,13.19,Safe
UNIT 3A,Furnace Bottom Slope,107,2021,2021-06-15,7.6,6.83,4.6,393,163.2,36.66,Safe
UNIT 3A,Furnace Bottom Slope,107,2022,2022-06-15,7.6,6.76,4.6,393,163.2,47.69,Watch
UNIT 3A,Furnace Bottom Slope,107,2023,2023-06-15,7.6,6.48,4.6,393,163.2,57.63,Watch
UNIT 3A,Furnace Bottom Slope,107,2024,2024-06-15,7.6,6.39,4.6,393,163.2,66.92,Watch
UNIT 3A,Furnace Bottom Slope,107,2025,2025-06-15,7.6,6.28,4.6,393,163.2,76.71,Watch
UNIT 3A,Furnace Bottom Slope,108,2021,2021-06-15,7.6,7.52,4.6,401,161.7,3.85,Safe
UNIT 3A,Furnace Bottom Slope,108,2022,2022-06-15,7.6,7.51,4.6,401,161.7,4.89,Safe
UNIT 3A,Furnace Bottom Slope,108,2023,2023-06-15,7.6,7.49,4.6,401,161.7,5.94,Safe
UNIT 3A,Furnace Bottom Slope,108,2024,2024-06-15,7.6,7.48,4.6,401,161.7,6.85,Safe
UNIT 3A,Furnace Bottom Slope,108,2025,2025-06-15,7.6,7.45,4.6,401,161.7,7.8,Safe
UNIT 3A,Furnace Bottom Slope,109,2021,2021-06-15,7.6,7.56,4.6,394,156.6,2.18,Safe
UNIT 3A,Furnace Bottom Slope,109,2022,2022-06-15,7.6,7.54,4.6,394,156.6,3.61,Safe
UNIT 3A,Furnace Bottom Slope,109,2023,2023-06-15,7.6,7.48,4.6,394,156.6,5.22,Safe
UNIT 3A,Furnace Bottom Slope,109,2024,2024-06-15,7.6,7.46,4.6,394,156.6,6.71,Safe
UNIT 3A,Furnace Bottom Slope,109,2025,2025-06-15,7.6,7.41,4.6,394,156.6,8.37,Safe
UNIT 3A,Furnace Bottom Slope,110,2021,2021-06-15,7.6,7.49,4.6,385,156.9,6.33,Safe
UNIT 3A,Furnace Bottom Slope,110,2022,2022-06-15,7.6,7.43,4.6,385,156.9,8.72,Safe
UNIT 3A,Furnace Bottom Slope,110,2023,2023-06-15,7.6,7.38,4.6,385,156.9,11.52,Safe
UNIT 3A,Furnace Bottom Slope,110,2024,2024-06-15,7.6,7.32,4.6,385,156.9,14.37,Safe
UNIT 3A,Furnace Bottom Slope,110,2025,2025-06-15,7.6,7.3,4.6,385,156.9,17.46,Safe
UNIT 3A,Furnace Bottom Slope,111,2021,2021-06-15,7.6,6.6,4.6,411,163.1,45.57,Watch
UNIT 3A,Furnace Bottom Slope,111,2022,2022-06-15,7.6,6.48,4.6,411,163.1,59.31,Watch
UNIT 3A,Furnace Bottom Slope,111,2023,2023-06-15,7.6,6.13,4.6,411,163.1,72.84,Watch
UNIT 3A,Furnace Bottom Slope,111,2024,2024-06-15,7.6,5.94,4.6,411,163.1,89.31,Critical
UNIT 3A,Furnace Bottom Slope,111,2025,2025-06-15,7.6,5.78,4.6,411,163.1,99.5,Critical
UNIT 3A,Furnace Bottom Slope,112,2021,2021-06-15,7.6,6.98,4.6,420,164.2,32.93,Safe
UNIT 3A,Furnace Bottom Slope,112,2022,2022-06-15,7.6,6.69,4.6,420,164.2,44.33,Watch
UNIT 3A,Furnace Bottom Slope,112,2023,2023-06-15,7.6,6.66,4.6,420,164.2,53.74,Watch
UNIT 3A,Furnace Bottom Slope,112,2024,2024-06-15,7.6,6.42,4.6,420,164.2,65.08,Watch
UNIT 3A,Furnace Bottom Slope,112,2025,2025-06-15,7.6,6.27,4.6,420,164.2,76.73,Watch
UNIT 3A,Furnace Bottom Slope,113,2021,2021-06-15,7.6,7.56,4.6,394,154,2.21,Safe
UNIT 3A,Furnace Bottom Slope,113,2022,2022-06-15,7.6,7.54,4.6,394,154,3.5,Safe
UNIT 3A,Furnace Bottom Slope,113,2023,2023-06-15,7.6,7.5,4.6,394,154,4.93,Safe
UNIT 3A,Furnace Bottom Slope,113,2024,2024-06-15,7.6,7.47,4.6,394,154,6.2,Safe
UNIT 3A,Furnace Bottom Slope,113,2025,2025-06-15,7.6,7.48,4.6,394,154,7.4,Safe
UNIT 3A,Furnace Bottom Slope,114,2021,2021-06-15,7.6,7.56,4.6,419,157.8,1.66,Safe
UNIT 3A,Furnace Bottom Slope,114,2022,2022-06-15,7.6,7.55,4.6,419,157.8,2.44,Safe
UNIT 3A,Furnace Bottom Slope,114,2023,2023-06-15,7.6,7.54,4.6,419,157.8,3.39,Safe
UNIT 3A,Furnace Bottom Slope,114,2024,2024-06-15,7.6,7.53,4.6,419,157.8,4.19,Safe
UNIT 3A,Furnace Bottom Slope,114,2025,2025-06-15,7.6,7.5,4.6,419,157.8,5.05,Safe
UNIT 3A,Furnace Bottom Slope,115,2021,2021-06-15,7.6,7.43,4.6,386,156.1,7.86,Safe
UNIT 3A,Furnace Bottom Slope,115,2022,2022-06-15,7.6,7.39,4.6,386,156.1,10.01,Safe
UNIT 3A,Furnace Bottom Slope,115,2023,2023-06-15,7.6,7.39,4.6,386,156.1,12.5,Safe
UNIT 3A,Furnace Bottom Slope,115,2024,2024-06-15,7.6,7.34,4.6,386,156.1,14.8,Safe
UNIT 3A,Furnace Bottom Slope,115,2025,2025-06-15,7.6,7.27,4.6,386,156.1,16.9,Safe
UNIT 3A,Furnace Bottom Slope,116,2021,2021-06-15,7.6,7.48,4.6,396,154,6.42,Safe
UNIT 3A,Furnace Bottom Slope,116,2022,2022-06-15,7.6,7.44,4.6,396,154,9.01,Safe
UNIT 3A,Furnace Bottom Slope,116,2023,2023-06-15,7.6,7.37,4.6,396,154,12.18,Safe
UNIT 3A,Furnace Bottom Slope,116,2024,2024-06-15,7.6,7.28,4.6,396,154,14.75,Safe
UNIT 3A,Furnace Bottom Slope,116,2025,2025-06-15,7.6,7.31,4.6,396,154,17.46,Safe
UNIT 3A,Furnace Bottom Slope,117,2021,2021-06-15,7.6,6.64,4.6,386,163.8,44.53,Watch
UNIT 3A,Furnace Bottom Slope,117,2022,2022-06-15,7.6,6.54,4.6,386,163.8,59.41,Watch
UNIT 3A,Furnace Bottom Slope,117,2023,2023-06-15,7.6,6.06,4.6,386,163.8,71.07,Watch
UNIT 3A,Furnace Bottom Slope,117,2024,2024-06-15,7.6,5.91,4.6,386,163.8,83.76,Critical
UNIT 3A,Furnace Bottom Slope,117,2025,2025-06-15,7.6,5.9,4.6,386,163.8,98.28,Critical
UNIT 3A,Furnace Bottom Slope,118,2021,2021-06-15,7.6,7.53,4.6,388,163.2,3.53,Safe
UNIT 3A,Furnace Bottom Slope,118,2022,2022-06-15,7.6,7.47,4.6,388,163.2,6.11,Safe
UNIT 3A,Furnace Bottom Slope,118,2023,2023-06-15,7.6,7.44,4.6,388,163.2,8.69,Safe
UNIT 3A,Furnace Bottom Slope,118,2024,2024-06-15,7.6,7.41,4.6,388,163.2,10.82,Safe
UNIT 3A,Furnace Bottom Slope,118,2025,2025-06-15,7.6,7.34,4.6,388,163.2,13.22,Safe
UNIT 3A,Furnace Bottom Slope,119,2021,2021-06-15,7.6,6.96,4.6,412,161,30.96,Safe
UNIT 3A,Furnace Bottom Slope,119,2022,2022-06-15,7.6,6.88,4.6,412,161,40.67,Watch
UNIT 3A,Furnace Bottom Slope,119,2023,2023-06-15,7.6,6.46,4.6,412,161,51.17,Watch
UNIT 3A,Furnace Bottom Slope,119,2024,2024-06-15,7.6,6.25,4.6,412,161,61.46,Watch
UNIT 3A,Furnace Bottom Slope,119,2025,2025-06-15,7.6,6.25,4.6,412,161,72.51,Watch
UNIT 3A,Furnace Bottom Slope,120,2021,2021-06-15,7.6,7.58,4.6,390,156.2,0.75,Safe
UNIT 3A,Furnace Bottom Slope,120,2022,2022-06-15,7.6,7.53,4.6,390,156.2,3.53,Safe
UNIT 3A,Furnace Bottom Slope,120,2023,2023-06-15,7.6,7.46,4.6,390,156.2,6.39,Safe
UNIT 3A,Furnace Bottom Slope,120,2024,2024-06-15,7.6,7.42,4.6,390,156.2,9.71,Safe
UNIT 3A,Furnace Bottom Slope,120,2025,2025-06-15,7.6,7.36,4.6,390,156.2,12.92,Safe
UNIT 3A,Furnace Bottom Slope,121,2021,2021-06-15,7.6,7.6,4.6,398,160.7,0.2,Safe
UNIT 3A,Furnace Bottom Slope,121,2022,2022-06-15,7.6,7.55,4.6,398,160.7,2.82,Safe
UNIT 3A,Furnace Bottom Slope,121,2023,2023-06-15,7.6,7.48,4.6,398,160.7,5.32,Safe
UNIT 3A,Furnace Bottom Slope,121,2024,2024-06-15,7.6,7.46,4.6,398,160.7,7.58,Safe
UNIT 3A,Furnace Bottom Slope,121,2025,2025-06-15,7.6,7.42,4.6,398,160.7,10.55,Safe
UNIT 3A,Furnace Bottom Slope,122,2021,2021-06-15,7.6,7.08,4.6,389,163.3,28.95,Safe
UNIT 3A,Furnace Bottom Slope,122,2022,2022-06-15,7.6,6.77,4.6,389,163.3,39.01,Safe
UNIT 3A,Furnace Bottom Slope,122,2023,2023-06-15,7.6,6.74,4.6,389,163.3,48.22,Watch
UNIT 3A,Furnace Bottom Slope,122,2024,2024-06-15,7.6,6.34,4.6,389,163.3,56.77,Watch
UNIT 3A,Furnace Bottom Slope,122,2025,2025-06-15,7.6,6.23,4.6,389,163.3,67.37,Watch
UNIT 3A,Furnace Bottom Slope,123,2021,2021-06-15,7.6,7.52,4.6,382,153,3.6,Safe
UNIT 3A,Furnace Bottom Slope,123,2022,2022-06-15,7.6,7.5,4.6,382,153,5.62,Safe
UNIT 3A,Furnace Bottom Slope,123,2023,2023-06-15,7.6,7.47,4.6,382,153,7.51,Safe
UNIT 3A,Furnace Bottom Slope,123,2024,2024-06-15,7.6,7.39,4.6,382,153,9.62,Safe
UNIT 3A,Furnace Bottom Slope,123,2025,2025-06-15,7.6,7.38,4.6,382,153,11.7,Safe
UNIT 3A,Furnace Bottom Slope,124,2021,2021-06-15,7.6,7.03,4.6,406,151.8,33.44,Safe
UNIT 3A,Furnace Bottom Slope,124,2022,2022-06-15,7.6,6.83,4.6,406,151.8,45.46,Watch
UNIT 3A,Furnace Bottom Slope,124,2023,2023-06-15,7.6,6.42,4.6,406,151.8,54.79,Watch
UNIT 3A,Furnace Bottom Slope,124,2024,2024-06-15,7.6,6.21,4.6,406,151.8,65.52,Watch
UNIT 3A,Furnace Bottom Slope,124,2025,2025-06-15,7.6,5.93,4.6,406,151.8,76.42,Watch
UNIT 3A,Furnace Bottom Slope,125,2021,2021-06-15,7.6,7.54,4.6,408,157,3.58,Safe
UNIT 3A,Furnace Bottom Slope,125,2022,2022-06-15,7.6,7.49,4.6,408,157,6.16,Safe
UNIT 3A,Furnace Bottom Slope,125,2023,2023-06-15,7.6,7.45,4.6,408,157,8.28,Safe
UNIT 3A,Furnace Bottom Slope,125,2024,2024-06-15,7.6,7.4,4.6,408,157,10.89,Safe
UNIT 3A,Furnace Bottom Slope,125,2025,2025-06-15,7.6,7.31,4.6,408,157,13.39,Safe
UNIT 3A,Furnace Bottom Slope,126,2021,2021-06-15,7.6,6.84,4.6,394,153.2,36.92,Safe
UNIT 3A,Furnace Bottom Slope,126,2022,2022-06-15,7.6,6.63,4.6,394,153.2,53.04,Watch
UNIT 3A,Furnace Bottom Slope,126,2023,2023-06-15,7.6,6.37,4.6,394,153.2,67.69,Watch
UNIT 3A,Furnace Bottom Slope,126,2024,2024-06-15,7.6,5.94,4.6,394,153.2,82.28,Critical
UNIT 3A,Furnace Bottom Slope,126,2025,2025-06-15,7.6,5.63,4.6,394,153.2,97.11,Critical
UNIT 3A,Furnace Bottom Slope,127,2021,2021-06-15,7.6,6.78,4.6,402,151.1,42.8,Watch
UNIT 3A,Furnace Bottom Slope,127,2022,2022-06-15,7.6,6.64,4.6,402,151.1,56.27,Watch
UNIT 3A,Furnace Bottom Slope,127,2023,2023-06-15,7.6,6.28,4.6,402,151.1,68.97,Watch
UNIT 3A,Furnace Bottom Slope,127,2024,2024-06-15,7.6,6.1,4.6,402,151.1,83.84,Critical
UNIT 3A,Furnace Bottom Slope,127,2025,2025-06-15,7.6,5.64,4.6,402,151.1,99.06,Critical
UNIT 3A,Furnace Bottom Slope,128,2021,2021-06-15,7.6,7.5,4.6,407,163.9,4.96,Safe
UNIT 3A,Furnace Bottom Slope,128,2022,2022-06-15,7.6,7.46,4.6,407,163.9,6.87,Safe
UNIT 3A,Furnace Bottom Slope,128,2023,2023-06-15,7.6,7.45,4.6,407,163.9,8.91,Safe
UNIT 3A,Furnace Bottom Slope,128,2024,2024-06-15,7.6,7.39,4.6,407,163.9,10.81,Safe
UNIT 3A,Furnace Bottom Slope,128,2025,2025-06-15,7.6,7.35,4.6,407,163.9,12.95,Safe
UNIT 3A,Furnace Bottom Slope,129,2021,2021-06-15,7.6,7.58,4.6,397,151.4,1.45,Safe
UNIT 3A,Furnace Bottom Slope,129,2022,2022-06-15,7.6,7.53,4.6,397,151.4,3.2,Safe
UNIT 3A,Furnace Bottom Slope,129,2023,2023-06-15,7.6,7.51,4.6,397,151.4,5.12,Safe
UNIT 3A,Furnace Bottom Slope,129,2024,2024-06-15,7.6,7.48,4.6,397,151.4,6.95,Safe
UNIT 3A,Furnace Bottom Slope,129,2025,2025-06-15,7.6,7.44,4.6,397,151.4,8.98,Safe
UNIT 3A,Furnace Bottom Slope,130,2021,2021-06-15,7.6,7.15,4.6,388,161.4,24.95,Safe
UNIT 3A,Furnace Bottom Slope,130,2022,2022-06-15,7.6,6.92,4.6,388,161.4,35.12,Safe
UNIT 3A,Furnace Bottom Slope,130,2023,2023-06-15,7.6,6.63,4.6,388,161.4,44.88,Watch
UNIT 3A,Furnace Bottom Slope,130,2024,2024-06-15,7.6,6.61,4.6,388,161.4,55.3,Watch
UNIT 3A,Furnace Bottom Slope,130,2025,2025-06-15,7.6,6.45,4.6,388,161.4,63.79,Watch
UNIT 3A,Furnace Bottom Slope,131,2021,2021-06-15,7.6,7.43,4.6,384,159.6,7.92,Safe
UNIT 3A,Furnace Bottom Slope,131,2022,2022-06-15,7.6,7.4,4.6,384,159.6,11.3,Safe
UNIT 3A,Furnace Bottom Slope,131,2023,2023-06-15,7.6,7.29,4.6,384,159.6,14.31,Safe
UNIT 3A,Furnace Bottom Slope,131,2024,2024-06-15,7.6,7.27,4.6,384,159.6,17.12,Safe
UNIT 3A,Furnace Bottom Slope,131,2025,2025-06-15,7.6,7.14,4.6,384,159.6,20.54,Safe
UNIT 3A,Furnace Bottom Slope,132,2021,2021-06-15,7.6,7.55,4.6,401,158.2,2.57,Safe
UNIT 3A,Furnace Bottom Slope,132,2022,2022-06-15,7.6,7.52,4.6,401,158.2,3.96,Safe
UNIT 3A,Furnace Bottom Slope,132,2023,2023-06-15,7.6,7.49,4.6,401,158.2,5.31,Safe
UNIT 3A,Furnace Bottom Slope,132,2024,2024-06-15,7.6,7.48,4.6,401,158.2,6.64,Safe
UNIT 3A,Furnace Bottom Slope,132,2025,2025-06-15,7.6,7.46,4.6,401,158.2,7.87,Safe
UNIT 3A,Furnace Bottom Slope,133,2021,2021-06-15,7.6,7.49,4.6,420,150.3,6.07,Safe
UNIT 3A,Furnace Bottom Slope,133,2022,2022-06-15,7.6,7.45,4.6,420,150.3,7.25,Safe
UNIT 3A,Furnace Bottom Slope,133,2023,2023-06-15,7.6,7.46,4.6,420,150.3,8.46,Safe
UNIT 3A,Furnace Bottom Slope,133,2024,2024-06-15,7.6,7.41,4.6,420,150.3,9.59,Safe
UNIT 3A,Furnace Bottom Slope,133,2025,2025-06-15,7.6,7.37,4.6,420,150.3,10.71,Safe
UNIT 3A,Furnace Bottom Slope,134,2021,2021-06-15,7.6,6.94,4.6,402,156.6,39.12,Safe
UNIT 3A,Furnace Bottom Slope,134,2022,2022-06-15,7.6,6.43,4.6,402,156.6,53.56,Watch
UNIT 3A,Furnace Bottom Slope,134,2023,2023-06-15,7.6,6.46,4.6,402,156.6,64.87,Watch
UNIT 3A,Furnace Bottom Slope,134,2024,2024-06-15,7.6,6.02,4.6,402,156.6,79.72,Watch
UNIT 3A,Furnace Bottom Slope,134,2025,2025-06-15,7.6,5.98,4.6,402,156.6,91.57,Critical
UNIT 3A,Furnace Bottom Slope,135,2021,2021-06-15,7.6,7.45,4.6,415,154.5,7.63,Safe
UNIT 3A,Furnace Bottom Slope,135,2022,2022-06-15,7.6,7.43,4.6,415,154.5,9.65,Safe
UNIT 3A,Furnace Bottom Slope,135,2023,2023-06-15,7.6,7.39,4.6,415,154.5,11.48,Safe
UNIT 3A,Furnace Bottom Slope,135,2024,2024-06-15,7.6,7.37,4.6,415,154.5,13.74,Safe
UNIT 3A,Furnace Bottom Slope,135,2025,2025-06-15,7.6,7.28,4.6,415,154.5,15.82,Safe
UNIT 3A,Furnace Bottom Slope,136,2021,2021-06-15,7.6,7.49,4.6,400,151.5,5.69,Safe
UNIT 3A,Furnace Bottom Slope,136,2022,2022-06-15,7.6,7.45,4.6,400,151.5,8.36,Safe
UNIT 3A,Furnace Bottom Slope,136,2023,2023-06-15,7.6,7.41,4.6,400,151.5,10.59,Safe
UNIT 3A,Furnace Bottom Slope,136,2024,2024-06-15,7.6,7.35,4.6,400,151.5,13.13,Safe
UNIT 3A,Furnace Bottom Slope,136,2025,2025-06-15,7.6,7.27,4.6,400,151.5,15.47,Safe
UNIT 3A,Furnace Bottom Slope,137,2021,2021-06-15,7.6,7.27,4.6,392,164.3,20.21,Safe
UNIT 3A,Furnace Bottom Slope,137,2022,2022-06-15,7.6,6.9,4.6,392,164.3,31.24,Safe
UNIT 3A,Furnace Bottom Slope,137,2023,2023-06-15,7.6,6.65,4.6,392,164.3,42.7,Watch
UNIT 3A,Furnace Bottom Slope,137,2024,2024-06-15,7.6,6.7,4.6,392,164.3,53.07,Watch
UNIT 3A,Furnace Bottom Slope,137,2025,2025-06-15,7.6,6.3,4.6,392,164.3,64.36,Watch
UNIT 3A,Furnace Bottom Slope,138,2021,2021-06-15,7.6,7.23,4.6,417,161.1,21.84,Safe
UNIT 3A,Furnace Bottom Slope,138,2022,2022-06-15,7.6,6.93,4.6,417,161.1,31.24,Safe
UNIT 3A,Furnace Bottom Slope,138,2023,2023-06-15,7.6,6.82,4.6,417,161.1,39.95,Safe
UNIT 3A,Furnace Bottom Slope,138,2024,2024-06-15,7.6,6.52,4.6,417,161.1,48.24,Watch
UNIT 3A,Furnace Bottom Slope,138,2025,2025-06-15,7.6,6.52,4.6,417,161.1,57.65,Watch
UNIT 3A,Furnace Bottom Slope,139,2021,2021-06-15,7.6,6.9,4.6,404,161,39.42,Safe
UNIT 3A,Furnace Bottom Slope,139,2022,2022-06-15,7.6,6.64,4.6,404,161,51.1,Watch
UNIT 3A,Furnace Bottom Slope,139,2023,2023-06-15,7.6,6.47,4.6,404,161,62.75,Watch
UNIT 3A,Furnace Bottom Slope,139,2024,2024-06-15,7.6,5.98,4.6,404,161,73.66,Watch
UNIT 3A,Furnace Bottom Slope,139,2025,2025-06-15,7.6,5.88,4.6,404,161,83.43,Critical
UNIT 3A,Furnace Bottom Slope,140,2021,2021-06-15,7.6,7.12,4.6,418,155.1,28.09,Safe
UNIT 3A,Furnace Bottom Slope,140,2022,2022-06-15,7.6,6.87,4.6,418,155.1,34.89,Safe
UNIT 3A,Furnace Bottom Slope,140,2023,2023-06-15,7.6,6.84,4.6,418,155.1,41.3,Watch
UNIT 3A,Furnace Bottom Slope,140,2024,2024-06-15,7.6,6.64,4.6,418,155.1,48.87,Watch
UNIT 3A,Furnace Bottom Slope,140,2025,2025-06-15,7.6,6.52,4.6,418,155.1,56.43,Watch
UNIT 3A,Furnace Bottom Slope,141,2021,2021-06-15,7.6,7.48,4.6,408,152.1,7.08,Safe
UNIT 3A,Furnace Bottom Slope,141,2022,2022-06-15,7.6,7.46,4.6,408,152.1,8.2,Safe
UNIT 3A,Furnace Bottom Slope,141,2023,2023-06-15,7.6,7.44,4.6,408,152.1,9.18,Safe
UNIT 3A,Furnace Bottom Slope,141,2024,2024-06-15,7.6,7.41,4.6,408,152.1,10.22,Safe
UNIT 3A,Furnace Bottom Slope,141,2025,2025-06-15,7.6,7.39,4.6,408,152.1,11.28,Safe
UNIT 3A,Furnace Bottom Slope,142,2021,2021-06-15,7.6,6.95,4.6,400,159.8,37.98,Safe
UNIT 3A,Furnace Bottom Slope,142,2022,2022-06-15,7.6,6.71,4.6,400,159.8,49.34,Watch
UNIT 3A,Furnace Bottom Slope,142,2023,2023-06-15,7.6,6.42,4.6,400,159.8,62.47,Watch
UNIT 3A,Furnace Bottom Slope,142,2024,2024-06-15,7.6,6.15,4.6,400,159.8,77.01,Watch
UNIT 3A,Furnace Bottom Slope,142,2025,2025-06-15,7.6,5.79,4.6,400,159.8,90.43,Critical
UNIT 3A,Furnace Bottom Slope,143,2021,2021-06-15,7.6,6.8,4.6,415,151.5,37.52,Safe
UNIT 3A,Furnace Bottom Slope,143,2022,2022-06-15,7.6,6.74,4.6,415,151.5,51.8,Watch
UNIT 3A,Furnace Bottom Slope,143,2023,2023-06-15,7.6,6.23,4.6,415,151.5,64.79,Watch
UNIT 3A,Furnace Bottom Slope,143,2024,2024-06-15,7.6,5.97,4.6,415,151.5,76.58,Watch
UNIT 3A,Furnace Bottom Slope,143,2025,2025-06-15,7.6,5.62,4.6,415,151.5,89.68,Critical
UNIT 3A,Furnace Bottom Slope,144,2021,2021-06-15,7.6,7.11,4.6,397,152.2,26.56,Safe
UNIT 3A,Furnace Bottom Slope,144,2022,2022-06-15,7.6,7,4.6,397,152.2,36.05,Safe
UNIT 3A,Furnace Bottom Slope,144,2023,2023-06-15,7.6,6.65,4.6,397,152.2,44.22,Watch
UNIT 3A,Furnace Bottom Slope,144,2024,2024-06-15,7.6,6.59,4.6,397,152.2,52.06,Watch
UNIT 3A,Furnace Bottom Slope,144,2025,2025-06-15,7.6,6.41,4.6,397,152.2,61.53,Watch
UNIT 3A,Furnace Bottom Slope,145,2021,2021-06-15,7.6,6.8,4.6,420,157.6,47.13,Watch
UNIT 3A,Furnace Bottom Slope,145,2022,2022-06-15,7.6,6.36,4.6,420,157.6,56.27,Watch
UNIT 3A,Furnace Bottom Slope,145,2023,2023-06-15,7.6,6.13,4.6,420,157.6,65.64,Watch
UNIT 3A,Furnace Bottom Slope,145,2024,2024-06-15,7.6,6.15,4.6,420,157.6,74.33,Watch
UNIT 3A,Furnace Bottom Slope,145,2025,2025-06-15,7.6,5.97,4.6,420,157.6,84.7,Critical
UNIT 3A,Furnace Bottom Slope,146,2021,2021-06-15,7.6,7.53,4.6,390,164.6,4.25,Safe
UNIT 3A,Furnace Bottom Slope,146,2022,2022-06-15,7.6,7.5,4.6,390,164.6,5.8,Safe
UNIT 3A,Furnace Bottom Slope,146,2023,2023-06-15,7.6,7.47,4.6,390,164.6,7.41,Safe
UNIT 3A,Furnace Bottom Slope,146,2024,2024-06-15,7.6,7.44,4.6,390,164.6,9.16,Safe
UNIT 3A,Furnace Bottom Slope,146,2025,2025-06-15,7.6,7.4,4.6,390,164.6,10.9,Safe
UNIT 3A,Furnace Bottom Slope,147,2021,2021-06-15,7.6,7.09,4.6,406,162.8,25.6,Safe
UNIT 3A,Furnace Bottom Slope,147,2022,2022-06-15,7.6,6.85,4.6,406,162.8,34.16,Safe
UNIT 3A,Furnace Bottom Slope,147,2023,2023-06-15,7.6,6.88,4.6,406,162.8,43.09,Watch
UNIT 3A,Furnace Bottom Slope,147,2024,2024-06-15,7.6,6.7,4.6,406,162.8,52.44,Watch
UNIT 3A,Furnace Bottom Slope,147,2025,2025-06-15,7.6,6.32,4.6,406,162.8,61.07,Watch
UNIT 3A,Furnace Bottom Slope,148,2021,2021-06-15,7.6,6.62,4.6,394,159.1,46.99,Watch
UNIT 3A,Furnace Bottom Slope,148,2022,2022-06-15,7.6,6.19,4.6,394,159.1,62.58,Watch
UNIT 3A,Furnace Bottom Slope,148,2023,2023-06-15,7.6,6.26,4.6,394,159.1,76.53,Watch
UNIT 3A,Furnace Bottom Slope,148,2024,2024-06-15,7.6,5.8,4.6,394,159.1,91.26,Critical
UNIT 3A,Furnace Bottom Slope,148,2025,2025-06-15,7.6,5.59,4.6,394,159.1,99.5,Critical
UNIT 3A,Furnace Bottom Slope,149,2021,2021-06-15,7.6,6.95,4.6,390,151.6,36.23,Safe
UNIT 3A,Furnace Bottom Slope,149,2022,2022-06-15,7.6,6.75,4.6,390,151.6,50.68,Watch
UNIT 3A,Furnace Bottom Slope,149,2023,2023-06-15,7.6,6.45,4.6,390,151.6,65.14,Watch
UNIT 3A,Furnace Bottom Slope,149,2024,2024-06-15,7.6,6.09,4.6,390,151.6,80.07,Critical
UNIT 3A,Furnace Bottom Slope,149,2025,2025-06-15,7.6,5.85,4.6,390,151.6,94.82,Critical
UNIT 3A,Furnace Bottom Slope,150,2021,2021-06-15,7.6,6.81,4.6,381,161.3,35.23,Safe
UNIT 3A,Furnace Bottom Slope,150,2022,2022-06-15,7.6,6.71,4.6,381,161.3,45.59,Watch
UNIT 3A,Furnace Bottom Slope,150,2023,2023-06-15,7.6,6.59,4.6,381,161.3,54.85,Watch
UNIT 3A,Furnace Bottom Slope,150,2024,2024-06-15,7.6,6.23,4.6,381,161.3,64.78,Watch
UNIT 3A,Furnace Bottom Slope,150,2025,2025-06-15,7.6,5.96,4.6,381,161.3,74.91,Watch
UNIT 3A,Furnace Bottom Slope,151,2021,2021-06-15,7.6,7.54,4.6,382,151.4,2.47,Safe
UNIT 3A,Furnace Bottom Slope,151,2022,2022-06-15,7.6,7.51,4.6,382,151.4,5.25,Safe
UNIT 3A,Furnace Bottom Slope,151,2023,2023-06-15,7.6,7.47,4.6,382,151.4,7.95,Safe
UNIT 3A,Furnace Bottom Slope,151,2024,2024-06-15,7.6,7.37,4.6,382,151.4,10.73,Safe
UNIT 3A,Furnace Bottom Slope,151,2025,2025-06-15,7.6,7.31,4.6,382,151.4,13.38,Safe
UNIT 3A,Furnace Bottom Slope,152,2021,2021-06-15,7.6,6.86,4.6,418,150.6,38.63,Safe
UNIT 3A,Furnace Bottom Slope,152,2022,2022-06-15,7.6,6.68,4.6,418,150.6,48.79,Watch
UNIT 3A,Furnace Bottom Slope,152,2023,2023-06-15,7.6,6.3,4.6,418,150.6,59.47,Watch
UNIT 3A,Furnace Bottom Slope,152,2024,2024-06-15,7.6,6.08,4.6,418,150.6,69.65,Watch
UNIT 3A,Furnace Bottom Slope,152,2025,2025-06-15,7.6,6.12,4.6,418,150.6,80.34,Critical
UNIT 3A,Furnace Bottom Slope,153,2021,2021-06-15,7.6,7.08,4.6,382,155.3,26.03,Safe
UNIT 3A,Furnace Bottom Slope,153,2022,2022-06-15,7.6,6.88,4.6,382,155.3,33.37,Safe
UNIT 3A,Furnace Bottom Slope,153,2023,2023-06-15,7.6,6.7,4.6,382,155.3,40.35,Watch
UNIT 3A,Furnace Bottom Slope,153,2024,2024-06-15,7.6,6.52,4.6,382,155.3,48.52,Watch
UNIT 3A,Furnace Bottom Slope,153,2025,2025-06-15,7.6,6.61,4.6,382,155.3,56.81,Watch
UNIT 3A,Furnace Bottom Slope,154,2021,2021-06-15,7.6,7,4.6,386,154,27.01,Safe
UNIT 3A,Furnace Bottom Slope,154,2022,2022-06-15,7.6,6.89,4.6,386,154,35.65,Safe
UNIT 3A,Furnace Bottom Slope,154,2023,2023-06-15,7.6,6.82,4.6,386,154,46.08,Watch
UNIT 3A,Furnace Bottom Slope,154,2024,2024-06-15,7.6,6.4,4.6,386,154,56.14,Watch
UNIT 3A,Furnace Bottom Slope,154,2025,2025-06-15,7.6,6.33,4.6,386,154,64.64,Watch
UNIT 3A,Furnace Bottom Slope,155,2021,2021-06-15,7.6,7.46,4.6,390,152.8,7.5,Safe
UNIT 3A,Furnace Bottom Slope,155,2022,2022-06-15,7.6,7.42,4.6,390,152.8,8.59,Safe
UNIT 3A,Furnace Bottom Slope,155,2023,2023-06-15,7.6,7.43,4.6,390,152.8,9.63,Safe
UNIT 3A,Furnace Bottom Slope,155,2024,2024-06-15,7.6,7.36,4.6,390,152.8,10.56,Safe
UNIT 3A,Furnace Bottom Slope,155,2025,2025-06-15,7.6,7.35,4.6,390,152.8,11.61,Safe
UNIT 3A,Furnace Bottom Slope,156,2021,2021-06-15,7.6,7.58,4.6,416,163.9,0.91,Safe
UNIT 3A,Furnace Bottom Slope,156,2022,2022-06-15,7.6,7.57,4.6,416,163.9,1.85,Safe
UNIT 3A,Furnace Bottom Slope,156,2023,2023-06-15,7.6,7.55,4.6,416,163.9,2.83,Safe
UNIT 3A,Furnace Bottom Slope,156,2024,2024-06-15,7.6,7.52,4.6,416,163.9,3.73,Safe
UNIT 3A,Furnace Bottom Slope,156,2025,2025-06-15,7.6,7.5,4.6,416,163.9,4.65,Safe
UNIT 3A,Furnace Bottom Slope,157,2021,2021-06-15,7.6,6.88,4.6,384,159.8,42.46,Watch
UNIT 3A,Furnace Bottom Slope,157,2022,2022-06-15,7.6,6.49,4.6,384,159.8,52.98,Watch
UNIT 3A,Furnace Bottom Slope,157,2023,2023-06-15,7.6,6.5,4.6,384,159.8,63.3,Watch
UNIT 3A,Furnace Bottom Slope,157,2024,2024-06-15,7.6,6.25,4.6,384,159.8,72.07,Watch
UNIT 3A,Furnace Bottom Slope,157,2025,2025-06-15,7.6,6.11,4.6,384,159.8,81.45,Critical
UNIT 3A,Furnace Bottom Slope,158,2021,2021-06-15,7.6,6.96,4.6,393,155.8,36.07,Safe
UNIT 3A,Furnace Bottom Slope,158,2022,2022-06-15,7.6,6.65,4.6,393,155.8,46.83,Watch
UNIT 3A,Furnace Bottom Slope,158,2023,2023-06-15,7.6,6.52,4.6,393,155.8,58.02,Watch
UNIT 3A,Furnace Bottom Slope,158,2024,2024-06-15,7.6,6.13,4.6,393,155.8,69.72,Watch
UNIT 3A,Furnace Bottom Slope,158,2025,2025-06-15,7.6,5.98,4.6,393,155.8,80.88,Critical
UNIT 3A,Furnace Bottom Slope,159,2021,2021-06-15,7.6,7.47,4.6,394,156.4,6.35,Safe
UNIT 3A,Furnace Bottom Slope,159,2022,2022-06-15,7.6,7.42,4.6,394,156.4,9.56,Safe
UNIT 3A,Furnace Bottom Slope,159,2023,2023-06-15,7.6,7.36,4.6,394,156.4,12.02,Safe
UNIT 3A,Furnace Bottom Slope,159,2024,2024-06-15,7.6,7.3,4.6,394,156.4,14.51,Safe
UNIT 3A,Furnace Bottom Slope,159,2025,2025-06-15,7.6,7.24,4.6,394,156.4,17.32,Safe
UNIT 3A,Furnace Bottom Slope,160,2021,2021-06-15,7.6,7.47,4.6,382,162.6,6.04,Safe
UNIT 3A,Furnace Bottom Slope,160,2022,2022-06-15,7.6,7.44,4.6,382,162.6,7.89,Safe
UNIT 3A,Furnace Bottom Slope,160,2023,2023-06-15,7.6,7.39,4.6,382,162.6,9.85,Safe
UNIT 3A,Furnace Bottom Slope,160,2024,2024-06-15,7.6,7.37,4.6,382,162.6,12.09,Safe
UNIT 3A,Furnace Bottom Slope,160,2025,2025-06-15,7.6,7.34,4.6,382,162.6,14.04,Safe
UNIT 3A,Furnace Bottom Slope,161,2021,2021-06-15,7.6,7.04,4.6,409,153,30.66,Safe
UNIT 3A,Furnace Bottom Slope,161,2022,2022-06-15,7.6,6.8,4.6,409,153,38.5,Safe
UNIT 3A,Furnace Bottom Slope,161,2023,2023-06-15,7.6,6.76,4.6,409,153,45.61,Watch
UNIT 3A,Furnace Bottom Slope,161,2024,2024-06-15,7.6,6.73,4.6,409,153,52.07,Watch
UNIT 3A,Furnace Bottom Slope,161,2025,2025-06-15,7.6,6.6,4.6,409,153,59.41,Watch
UNIT 3A,Furnace Bottom Slope,162,2021,2021-06-15,7.6,6.69,4.6,411,161.3,47.18,Watch
UNIT 3A,Furnace Bottom Slope,162,2022,2022-06-15,7.6,6.43,4.6,411,161.3,61.23,Watch
UNIT 3A,Furnace Bottom Slope,162,2023,2023-06-15,7.6,6.14,4.6,411,161.3,74.59,Watch
UNIT 3A,Furnace Bottom Slope,162,2024,2024-06-15,7.6,5.82,4.6,411,161.3,88.41,Critical
UNIT 3A,Furnace Bottom Slope,162,2025,2025-06-15,7.6,5.36,4.6,411,161.3,99.5,Critical
UNIT 3A,Furnace Bottom Slope,163,2021,2021-06-15,7.6,6.99,4.6,411,154.3,34.89,Safe
UNIT 3A,Furnace Bottom Slope,163,2022,2022-06-15,7.6,6.67,4.6,411,154.3,47.51,Watch
UNIT 3A,Furnace Bottom Slope,163,2023,2023-06-15,7.6,6.59,4.6,411,154.3,60.67,Watch
UNIT 3A,Furnace Bottom Slope,163,2024,2024-06-15,7.6,6.26,4.6,411,154.3,70.85,Watch
UNIT 3A,Furnace Bottom Slope,163,2025,2025-06-15,7.6,6.13,4.6,411,154.3,81.07,Critical
UNIT 3A,Furnace Bottom Slope,164,2021,2021-06-15,7.6,7.06,4.6,394,157.5,26.88,Safe
UNIT 3A,Furnace Bottom Slope,164,2022,2022-06-15,7.6,6.87,4.6,394,157.5,33.91,Safe
UNIT 3A,Furnace Bottom Slope,164,2023,2023-06-15,7.6,6.83,4.6,394,157.5,40.41,Watch
UNIT 3A,Furnace Bottom Slope,164,2024,2024-06-15,7.6,6.56,4.6,394,157.5,48.12,Watch
UNIT 3A,Furnace Bottom Slope,164,2025,2025-06-15,7.6,6.5,4.6,394,157.5,55.12,Watch
UNIT 3A,Furnace Bottom Slope,165,2021,2021-06-15,7.6,6.91,4.6,401,154.3,33.11,Safe
UNIT 3A,Furnace Bottom Slope,165,2022,2022-06-15,7.6,6.69,4.6,401,154.3,41.97,Watch
UNIT 3A,Furnace Bottom Slope,165,2023,2023-06-15,7.6,6.69,4.6,401,154.3,53.19,Watch
UNIT 3A,Furnace Bottom Slope,165,2024,2024-06-15,7.6,6.56,4.6,401,154.3,61.93,Watch
UNIT 3A,Furnace Bottom Slope,165,2025,2025-06-15,7.6,6.29,4.6,401,154.3,73.2,Watch
UNIT 3A,Furnace Bottom Slope,166,2021,2021-06-15,7.6,7.51,4.6,409,157.5,3.91,Safe
UNIT 3A,Furnace Bottom Slope,166,2022,2022-06-15,7.6,7.47,4.6,409,157.5,6.19,Safe
UNIT 3A,Furnace Bottom Slope,166,2023,2023-06-15,7.6,7.44,4.6,409,157.5,8.4,Safe
UNIT 3A,Furnace Bottom Slope,166,2024,2024-06-15,7.6,7.37,4.6,409,157.5,11.25,Safe
UNIT 3A,Furnace Bottom Slope,166,2025,2025-06-15,7.6,7.35,4.6,409,157.5,13.94,Safe
UNIT 3A,Furnace Bottom Slope,167,2021,2021-06-15,7.6,7.14,4.6,397,154.6,25.55,Safe
UNIT 3A,Furnace Bottom Slope,167,2022,2022-06-15,7.6,7.01,4.6,397,154.6,33.78,Safe
UNIT 3A,Furnace Bottom Slope,167,2023,2023-06-15,7.6,6.73,4.6,397,154.6,43.33,Watch
UNIT 3A,Furnace Bottom Slope,167,2024,2024-06-15,7.6,6.55,4.6,397,154.6,50.97,Watch
UNIT 3A,Furnace Bottom Slope,167,2025,2025-06-15,7.6,6.52,4.6,397,154.6,60.45,Watch
UNIT 3A,Furnace Bottom Slope,168,2021,2021-06-15,7.6,6.87,4.6,393,161.4,32.76,Safe
UNIT 3A,Furnace Bottom Slope,168,2022,2022-06-15,7.6,6.75,4.6,393,161.4,40.58,Watch
UNIT 3A,Furnace Bottom Slope,168,2023,2023-06-15,7.6,6.63,4.6,393,161.4,48.48,Watch
UNIT 3A,Furnace Bottom Slope,168,2024,2024-06-15,7.6,6.51,4.6,393,161.4,58.23,Watch
UNIT 3A,Furnace Bottom Slope,168,2025,2025-06-15,7.6,6.28,4.6,393,161.4,65.96,Watch
UNIT 3A,Furnace Bottom Slope,169,2021,2021-06-15,7.6,7.14,4.6,396,158.9,21.49,Safe
UNIT 3A,Furnace Bottom Slope,169,2022,2022-06-15,7.6,6.96,4.6,396,158.9,29.3,Safe
UNIT 3A,Furnace Bottom Slope,169,2023,2023-06-15,7.6,6.93,4.6,396,158.9,37.22,Safe
UNIT 3A,Furnace Bottom Slope,169,2024,2024-06-15,7.6,6.78,4.6,396,158.9,44.6,Watch
UNIT 3A,Furnace Bottom Slope,169,2025,2025-06-15,7.6,6.46,4.6,396,158.9,51.49,Watch
UNIT 3A,Furnace Bottom Slope,170,2021,2021-06-15,7.6,7.53,4.6,402,157.3,4.3,Safe
UNIT 3A,Furnace Bottom Slope,170,2022,2022-06-15,7.6,7.48,4.6,402,157.3,5.88,Safe
UNIT 3A,Furnace Bottom Slope,170,2023,2023-06-15,7.6,7.44,4.6,402,157.3,7.38,Safe
UNIT 3A,Furnace Bottom Slope,170,2024,2024-06-15,7.6,7.44,4.6,402,157.3,8.9,Safe
UNIT 3A,Furnace Bottom Slope,170,2025,2025-06-15,7.6,7.42,4.6,402,157.3,10.75,Safe
UNIT 3A,Furnace Bottom Slope,171,2021,2021-06-15,7.6,7.48,4.6,414,161.4,5.53,Safe
UNIT 3A,Furnace Bottom Slope,171,2022,2022-06-15,7.6,7.47,4.6,414,161.4,6.55,Safe
UNIT 3A,Furnace Bottom Slope,171,2023,2023-06-15,7.6,7.45,4.6,414,161.4,7.45,Safe
UNIT 3A,Furnace Bottom Slope,171,2024,2024-06-15,7.6,7.43,4.6,414,161.4,8.53,Safe
UNIT 3A,Furnace Bottom Slope,171,2025,2025-06-15,7.6,7.42,4.6,414,161.4,9.53,Safe
UNIT 3A,Furnace Bottom Slope,172,2021,2021-06-15,7.6,7.57,4.6,405,158.1,1.62,Safe
UNIT 3A,Furnace Bottom Slope,172,2022,2022-06-15,7.6,7.55,4.6,405,158.1,2.8,Safe
UNIT 3A,Furnace Bottom Slope,172,2023,2023-06-15,7.6,7.52,4.6,405,158.1,3.92,Safe
UNIT 3A,Furnace Bottom Slope,172,2024,2024-06-15,7.6,7.5,4.6,405,158.1,5.1,Safe
UNIT 3A,Furnace Bottom Slope,172,2025,2025-06-15,7.6,7.47,4.6,405,158.1,6.33,Safe
UNIT 3A,Furnace Bottom Slope,173,2021,2021-06-15,7.6,7.5,4.6,411,154.1,4.85,Safe
UNIT 3A,Furnace Bottom Slope,173,2022,2022-06-15,7.6,7.45,4.6,411,154.1,7.05,Safe
UNIT 3A,Furnace Bottom Slope,173,2023,2023-06-15,7.6,7.42,4.6,411,154.1,8.79,Safe
UNIT 3A,Furnace Bottom Slope,173,2024,2024-06-15,7.6,7.38,4.6,411,154.1,10.61,Safe
UNIT 3A,Furnace Bottom Slope,173,2025,2025-06-15,7.6,7.34,4.6,411,154.1,12.79,Safe
UNIT 3A,Furnace Bottom Slope,174,2021,2021-06-15,7.6,7,4.6,384,160.8,30.37,Safe
UNIT 3A,Furnace Bottom Slope,174,2022,2022-06-15,7.6,6.96,4.6,384,160.8,38.33,Safe
UNIT 3A,Furnace Bottom Slope,174,2023,2023-06-15,7.6,6.79,4.6,384,160.8,45.72,Watch
UNIT 3A,Furnace Bottom Slope,174,2024,2024-06-15,7.6,6.41,4.6,384,160.8,53.69,Watch
UNIT 3A,Furnace Bottom Slope,174,2025,2025-06-15,7.6,6.49,4.6,384,160.8,61.99,Watch
UNIT 3A,Furnace Bottom Slope,175,2021,2021-06-15,7.6,6.64,4.6,415,161.6,45.05,Watch
UNIT 3A,Furnace Bottom Slope,175,2022,2022-06-15,7.6,6.49,4.6,415,161.6,55.09,Watch
UNIT 3A,Furnace Bottom Slope,175,2023,2023-06-15,7.6,6.31,4.6,415,161.6,68.03,Watch
UNIT 3A,Furnace Bottom Slope,175,2024,2024-06-15,7.6,5.88,4.6,415,161.6,77.86,Watch
UNIT 3A,Furnace Bottom Slope,175,2025,2025-06-15,7.6,5.82,4.6,415,161.6,90.54,Critical
UNIT 3A,Furnace Bottom Slope,176,2021,2021-06-15,7.6,7.06,4.6,395,150.5,25.98,Safe
UNIT 3A,Furnace Bottom Slope,176,2022,2022-06-15,7.6,6.8,4.6,395,150.5,37.08,Safe
UNIT 3A,Furnace Bottom Slope,176,2023,2023-06-15,7.6,6.82,4.6,395,150.5,46.21,Watch
UNIT 3A,Furnace Bottom Slope,176,2024,2024-06-15,7.6,6.33,4.6,395,150.5,57.28,Watch
UNIT 3A,Furnace Bottom Slope,176,2025,2025-06-15,7.6,6.23,4.6,395,150.5,67.15,Watch
UNIT 3A,Furnace Bottom Slope,177,2021,2021-06-15,7.6,7.23,4.6,408,162.5,21.16,Safe
UNIT 3A,Furnace Bottom Slope,177,2022,2022-06-15,7.6,7.05,4.6,408,162.5,27.57,Safe
UNIT 3A,Furnace Bottom Slope,177,2023,2023-06-15,7.6,7.01,4.6,408,162.5,33.95,Safe
UNIT 3A,Furnace Bottom Slope,177,2024,2024-06-15,7.6,6.83,4.6,408,162.5,41.06,Watch
UNIT 3A,Furnace Bottom Slope,177,2025,2025-06-15,7.6,6.54,4.6,408,162.5,48.3,Watch
UNIT 3A,Furnace Bottom Slope,178,2021,2021-06-15,7.6,6.66,4.6,389,162.4,46.44,Watch
UNIT 3A,Furnace Bottom Slope,178,2022,2022-06-15,7.6,6.33,4.6,389,162.4,62.39,Watch
UNIT 3A,Furnace Bottom Slope,178,2023,2023-06-15,7.6,6.29,4.6,389,162.4,78.66,Watch
UNIT 3A,Furnace Bottom Slope,178,2024,2024-06-15,7.6,5.68,4.6,389,162.4,96.17,Critical
UNIT 3A,Furnace Bottom Slope,178,2025,2025-06-15,7.6,5.73,4.6,389,162.4,99.5,Critical
UNIT 3A,Furnace Bottom Slope,179,2021,2021-06-15,7.6,6.88,4.6,380,155.1,40.12,Watch
UNIT 3A,Furnace Bottom Slope,179,2022,2022-06-15,7.6,6.61,4.6,380,155.1,52.79,Watch
UNIT 3A,Furnace Bottom Slope,179,2023,2023-06-15,7.6,6.42,4.6,380,155.1,67.13,Watch
UNIT 3A,Furnace Bottom Slope,179,2024,2024-06-15,7.6,6.16,4.6,380,155.1,79.02,Watch
UNIT 3A,Furnace Bottom Slope,179,2025,2025-06-15,7.6,5.81,4.6,380,155.1,91.75,Critical
UNIT 3A,Furnace Bottom Slope,180,2021,2021-06-15,7.6,7.5,4.6,397,150.4,5.54,Safe
UNIT 3A,Furnace Bottom Slope,180,2022,2022-06-15,7.6,7.48,4.6,397,150.4,6.95,Safe
UNIT 3A,Furnace Bottom Slope,180,2023,2023-06-15,7.6,7.43,4.6,397,150.4,8.43,Safe
UNIT 3A,Furnace Bottom Slope,180,2024,2024-06-15,7.6,7.4,4.6,397,150.4,9.97,Safe
UNIT 3A,Furnace Bottom Slope,180,2025,2025-06-15,7.6,7.38,4.6,397,150.4,11.44,Safe
UNIT 3A,Furnace Bottom Slope,181,2021,2021-06-15,7.6,6.76,4.6,383,150.2,42.48,Watch
UNIT 3A,Furnace Bottom Slope,181,2022,2022-06-15,7.6,6.46,4.6,383,150.2,52.91,Watch
UNIT 3A,Furnace Bottom Slope,181,2023,2023-06-15,7.6,6.33,4.6,383,150.2,62.74,Watch
UNIT 3A,Furnace Bottom Slope,181,2024,2024-06-15,7.6,6.02,4.6,383,150.2,73.01,Watch
UNIT 3A,Furnace Bottom Slope,181,2025,2025-06-15,7.6,5.8,4.6,383,150.2,81.61,Critical
UNIT 3A,Furnace Bottom Slope,182,2021,2021-06-15,7.6,7.05,4.6,420,152.9,33.23,Safe
UNIT 3A,Furnace Bottom Slope,182,2022,2022-06-15,7.6,6.71,4.6,420,152.9,47.84,Watch
UNIT 3A,Furnace Bottom Slope,182,2023,2023-06-15,7.6,6.42,4.6,420,152.9,61.2,Watch
UNIT 3A,Furnace Bottom Slope,182,2024,2024-06-15,7.6,6,4.6,420,152.9,75.62,Watch
UNIT 3A,Furnace Bottom Slope,182,2025,2025-06-15,7.6,5.72,4.6,420,152.9,92.23,Critical
UNIT 3A,Furnace Bottom Slope,183,2021,2021-06-15,7.6,6.57,4.6,400,156.1,46.61,Watch
UNIT 3A,Furnace Bottom Slope,183,2022,2022-06-15,7.6,6.48,4.6,400,156.1,59.18,Watch
UNIT 3A,Furnace Bottom Slope,183,2023,2023-06-15,7.6,6.24,4.6,400,156.1,70.8,Watch
UNIT 3A,Furnace Bottom Slope,183,2024,2024-06-15,7.6,6.22,4.6,400,156.1,82.71,Critical
UNIT 3A,Furnace Bottom Slope,183,2025,2025-06-15,7.6,5.73,4.6,400,156.1,92.6,Critical
UNIT 3A,Furnace Bottom Slope,184,2021,2021-06-15,7.6,6.79,4.6,383,163.3,37.62,Safe
UNIT 3A,Furnace Bottom Slope,184,2022,2022-06-15,7.6,6.52,4.6,383,163.3,51.25,Watch
UNIT 3A,Furnace Bottom Slope,184,2023,2023-06-15,7.6,6.35,4.6,383,163.3,63.98,Watch
UNIT 3A,Furnace Bottom Slope,184,2024,2024-06-15,7.6,5.94,4.6,383,163.3,76.4,Watch
UNIT 3A,Furnace Bottom Slope,184,2025,2025-06-15,7.6,5.6,4.6,383,163.3,91.39,Critical
UNIT 3A,Furnace Bottom Slope,185,2021,2021-06-15,7.6,7.45,4.6,416,156.3,7.45,Safe
UNIT 3A,Furnace Bottom Slope,185,2022,2022-06-15,7.6,7.44,4.6,416,156.3,8.7,Safe
UNIT 3A,Furnace Bottom Slope,185,2023,2023-06-15,7.6,7.43,4.6,416,156.3,9.9,Safe
UNIT 3A,Furnace Bottom Slope,185,2024,2024-06-15,7.6,7.36,4.6,416,156.3,11.2,Safe
UNIT 3A,Furnace Bottom Slope,185,2025,2025-06-15,7.6,7.35,4.6,416,156.3,12.55,Safe
UNIT 3A,Furnace Bottom Slope,186,2021,2021-06-15,7.6,7.46,4.6,403,153,6.58,Safe
UNIT 3A,Furnace Bottom Slope,186,2022,2022-06-15,7.6,7.44,4.6,403,153,7.94,Safe
UNIT 3A,Furnace Bottom Slope,186,2023,2023-06-15,7.6,7.43,4.6,403,153,9.34,Safe
UNIT 3A,Furnace Bottom Slope,186,2024,2024-06-15,7.6,7.38,4.6,403,153,10.74,Safe
UNIT 3A,Furnace Bottom Slope,186,2025,2025-06-15,7.6,7.35,4.6,403,153,12.12,Safe
UNIT 3A,Furnace Bottom Slope,187,2021,2021-06-15,7.6,7.46,4.6,396,156.8,6.51,Safe
UNIT 3A,Furnace Bottom Slope,187,2022,2022-06-15,7.6,7.44,4.6,396,156.8,8.18,Safe
UNIT 3A,Furnace Bottom Slope,187,2023,2023-06-15,7.6,7.43,4.6,396,156.8,9.7,Safe
UNIT 3A,Furnace Bottom Slope,187,2024,2024-06-15,7.6,7.38,4.6,396,156.8,11.6,Safe
UNIT 3A,Furnace Bottom Slope,187,2025,2025-06-15,7.6,7.36,4.6,396,156.8,13.27,Safe
UNIT 3A,Furnace Bottom Slope,188,2021,2021-06-15,7.6,7.59,4.6,410,158.6,0.56,Safe
UNIT 3A,Furnace Bottom Slope,188,2022,2022-06-15,7.6,7.53,4.6,410,158.6,3.43,Safe
UNIT 3A,Furnace Bottom Slope,188,2023,2023-06-15,7.6,7.48,4.6,410,158.6,6.11,Safe
UNIT 3A,Furnace Bottom Slope,188,2024,2024-06-15,7.6,7.43,4.6,410,158.6,8.95,Safe
UNIT 3A,Furnace Bottom Slope,188,2025,2025-06-15,7.6,7.35,4.6,410,158.6,11.69,Safe
UNIT 3A,Furnace Bottom Slope,189,2021,2021-06-15,7.6,7.05,4.6,391,158.7,30.24,Safe
UNIT 3A,Furnace Bottom Slope,189,2022,2022-06-15,7.6,6.87,4.6,391,158.7,40.64,Watch
UNIT 3A,Furnace Bottom Slope,189,2023,2023-06-15,7.6,6.68,4.6,391,158.7,50.84,Watch
UNIT 3A,Furnace Bottom Slope,189,2024,2024-06-15,7.6,6.26,4.6,391,158.7,60.58,Watch
UNIT 3A,Furnace Bottom Slope,189,2025,2025-06-15,7.6,6.08,4.6,391,158.7,69.94,Watch
UNIT 3A,Furnace Bottom Slope,190,2021,2021-06-15,7.6,7.48,4.6,386,150.5,6.56,Safe
UNIT 3A,Furnace Bottom Slope,190,2022,2022-06-15,7.6,7.44,4.6,386,150.5,7.85,Safe
UNIT 3A,Furnace Bottom Slope,190,2023,2023-06-15,7.6,7.43,4.6,386,150.5,9.03,Safe
UNIT 3A,Furnace Bottom Slope,190,2024,2024-06-15,7.6,7.39,4.6,386,150.5,10.3,Safe
UNIT 3A,Furnace Bottom Slope,190,2025,2025-06-15,7.6,7.35,4.6,386,150.5,11.46,Safe
UNIT 3A,Furnace Bottom Slope,191,2021,2021-06-15,7.6,6.84,4.6,412,153.7,42.28,Watch
UNIT 3A,Furnace Bottom Slope,191,2022,2022-06-15,7.6,6.49,4.6,412,153.7,51.38,Watch
UNIT 3A,Furnace Bottom Slope,191,2023,2023-06-15,7.6,6.41,4.6,412,153.7,60.73,Watch
UNIT 3A,Furnace Bottom Slope,191,2024,2024-06-15,7.6,6.4,4.6,412,153.7,72.43,Watch
UNIT 3A,Furnace Bottom Slope,191,2025,2025-06-15,7.6,5.98,4.6,412,153.7,82.79,Critical
UNIT 3A,Furnace Bottom Slope,192,2021,2021-06-15,7.6,7.13,4.6,419,161.1,22.02,Safe
UNIT 3A,Furnace Bottom Slope,192,2022,2022-06-15,7.6,7.05,4.6,419,161.1,29.27,Safe
UNIT 3A,Furnace Bottom Slope,192,2023,2023-06-15,7.6,6.97,4.6,419,161.1,38.37,Safe
UNIT 3A,Furnace Bottom Slope,192,2024,2024-06-15,7.6,6.69,4.6,419,161.1,46.02,Watch
UNIT 3A,Furnace Bottom Slope,192,2025,2025-06-15,7.6,6.63,4.6,419,161.1,53.76,Watch
UNIT 3A,Furnace Bottom Slope,193,2021,2021-06-15,7.6,6.99,4.6,383,151.4,28.48,Safe
UNIT 3A,Furnace Bottom Slope,193,2022,2022-06-15,7.6,6.84,4.6,383,151.4,36.26,Safe
UNIT 3A,Furnace Bottom Slope,193,2023,2023-06-15,7.6,6.66,4.6,383,151.4,44.52,Watch
UNIT 3A,Furnace Bottom Slope,193,2024,2024-06-15,7.6,6.68,4.6,383,151.4,52.38,Watch
UNIT 3A,Furnace Bottom Slope,193,2025,2025-06-15,7.6,6.58,4.6,383,151.4,60.99,Watch
UNIT 3A,Furnace Bottom Slope,194,2021,2021-06-15,7.6,6.61,4.6,403,151.2,45.4,Watch
UNIT 3A,Furnace Bottom Slope,194,2022,2022-06-15,7.6,6.28,4.6,403,151.2,60.72,Watch
UNIT 3A,Furnace Bottom Slope,194,2023,2023-06-15,7.6,6.05,4.6,403,151.2,75.63,Watch
UNIT 3A,Furnace Bottom Slope,194,2024,2024-06-15,7.6,5.77,4.6,403,151.2,89.8,Critical
UNIT 3A,Furnace Bottom Slope,194,2025,2025-06-15,7.6,5.9,4.6,403,151.2,99.5,Critical
UNIT 3A,Furnace Bottom Slope,195,2021,2021-06-15,7.6,7.03,4.6,383,162.6,25.34,Safe
UNIT 3A,Furnace Bottom Slope,195,2022,2022-06-15,7.6,6.86,4.6,383,162.6,34.58,Safe
UNIT 3A,Furnace Bottom Slope,195,2023,2023-06-15,7.6,6.83,4.6,383,162.6,46.05,Watch
UNIT 3A,Furnace Bottom Slope,195,2024,2024-06-15,7.6,6.54,4.6,383,162.6,57.12,Watch
UNIT 3A,Furnace Bottom Slope,195,2025,2025-06-15,7.6,6.27,4.6,383,162.6,67.85,Watch
UNIT 3A,Furnace Bottom Slope,196,2021,2021-06-15,7.6,7.2,4.6,407,159.6,21.24,Safe
UNIT 3A,Furnace Bottom Slope,196,2022,2022-06-15,7.6,7.03,4.6,407,159.6,27.62,Safe
UNIT 3A,Furnace Bottom Slope,196,2023,2023-06-15,7.6,6.91,4.6,407,159.6,34.97,Safe
UNIT 3A,Furnace Bottom Slope,196,2024,2024-06-15,7.6,6.79,4.6,407,159.6,42.85,Watch
UNIT 3A,Furnace Bottom Slope,196,2025,2025-06-15,7.6,6.74,4.6,407,159.6,50.52,Watch
UNIT 3A,Furnace Bottom Slope,197,2021,2021-06-15,7.6,7.5,4.6,401,155.3,4.64,Safe
UNIT 3A,Furnace Bottom Slope,197,2022,2022-06-15,7.6,7.43,4.6,401,155.3,7.52,Safe
UNIT 3A,Furnace Bottom Slope,197,2023,2023-06-15,7.6,7.43,4.6,401,155.3,10.17,Safe
UNIT 3A,Furnace Bottom Slope,197,2024,2024-06-15,7.6,7.38,4.6,401,155.3,12.91,Safe
UNIT 3A,Furnace Bottom Slope,197,2025,2025-06-15,7.6,7.32,4.6,401,155.3,15.37,Safe
UNIT 3A,Furnace Bottom Slope,198,2021,2021-06-15,7.6,7.18,4.6,405,163.1,20.54,Safe
UNIT 3A,Furnace Bottom Slope,198,2022,2022-06-15,7.6,7.15,4.6,405,163.1,26.71,Safe
UNIT 3A,Furnace Bottom Slope,198,2023,2023-06-15,7.6,6.98,4.6,405,163.1,34,Safe
UNIT 3A,Furnace Bottom Slope,198,2024,2024-06-15,7.6,6.81,4.6,405,163.1,41.37,Watch
UNIT 3A,Furnace Bottom Slope,198,2025,2025-06-15,7.6,6.7,4.6,405,163.1,49.45,Watch
UNIT 3A,Furnace Bottom Slope,199,2021,2021-06-15,7.6,7.03,4.6,418,157,31.77,Safe
UNIT 3A,Furnace Bottom Slope,199,2022,2022-06-15,7.6,6.7,4.6,418,157,43.06,Watch
UNIT 3A,Furnace Bottom Slope,199,2023,2023-06-15,7.6,6.59,4.6,418,157,52.52,Watch
UNIT 3A,Furnace Bottom Slope,199,2024,2024-06-15,7.6,6.25,4.6,418,157,62.73,Watch
UNIT 3A,Furnace Bottom Slope,199,2025,2025-06-15,7.6,6.1,4.6,418,157,73.62,Watch
UNIT 3A,Furnace Bottom Slope,200,2021,2021-06-15,7.6,7.21,4.6,410,161.8,20.55,Safe
UNIT 3A,Furnace Bottom Slope,200,2022,2022-06-15,7.6,7.09,4.6,410,161.8,28.39,Safe
UNIT 3A,Furnace Bottom Slope,200,2023,2023-06-15,7.6,6.89,4.6,410,161.8,35.68,Safe
UNIT 3A,Furnace Bottom Slope,200,2024,2024-06-15,7.6,6.87,4.6,410,161.8,43.02,Watch
UNIT 3A,Furnace Bottom Slope,200,2025,2025-06-15,7.6,6.63,4.6,410,161.8,51.65,Watch
UNIT 3A,Furnace Waterwall Tube,1,2021,2021-06-15,7.1,7.05,4.3,381,164.1,2.57,Safe
UNIT 3A,Furnace Waterwall Tube,1,2022,2022-06-15,7.1,7,4.3,381,164.1,5.11,Safe
UNIT 3A,Furnace Waterwall Tube,1,2023,2023-06-15,7.1,6.96,4.3,381,164.1,7.67,Safe
UNIT 3A,Furnace Waterwall Tube,1,2024,2024-06-15,7.1,6.92,4.3,381,164.1,10.28,Safe
UNIT 3A,Furnace Waterwall Tube,1,2025,2025-06-15,7.1,6.88,4.3,381,164.1,12.56,Safe
UNIT 3A,Furnace Waterwall Tube,2,2021,2021-06-15,7.1,6.46,4.3,391,164,40.91,Watch
UNIT 3A,Furnace Waterwall Tube,2,2022,2022-06-15,7.1,6.14,4.3,391,164,53.22,Watch
UNIT 3A,Furnace Waterwall Tube,2,2023,2023-06-15,7.1,6.04,4.3,391,164,63.38,Watch
UNIT 3A,Furnace Waterwall Tube,2,2024,2024-06-15,7.1,5.87,4.3,391,164,73.9,Watch
UNIT 3A,Furnace Waterwall Tube,2,2025,2025-06-15,7.1,5.6,4.3,391,164,84.97,Critical
UNIT 3A,Furnace Waterwall Tube,3,2021,2021-06-15,7.1,6.71,4.3,372,154.9,21.12,Safe
UNIT 3A,Furnace Waterwall Tube,3,2022,2022-06-15,7.1,6.67,4.3,372,154.9,27.67,Safe
UNIT 3A,Furnace Waterwall Tube,3,2023,2023-06-15,7.1,6.53,4.3,372,154.9,35.77,Safe
UNIT 3A,Furnace Waterwall Tube,3,2024,2024-06-15,7.1,6.42,4.3,372,154.9,42.12,Watch
UNIT 3A,Furnace Waterwall Tube,3,2025,2025-06-15,7.1,6.15,4.3,372,154.9,50.29,Watch
UNIT 3A,Furnace Waterwall Tube,4,2021,2021-06-15,7.1,6.95,4.3,382,153.1,7.8,Safe
UNIT 3A,Furnace Waterwall Tube,4,2022,2022-06-15,7.1,6.95,4.3,382,153.1,8.77,Safe
UNIT 3A,Furnace Waterwall Tube,4,2023,2023-06-15,7.1,6.94,4.3,382,153.1,9.89,Safe
UNIT 3A,Furnace Waterwall Tube,4,2024,2024-06-15,7.1,6.91,4.3,382,153.1,11.03,Safe
UNIT 3A,Furnace Waterwall Tube,4,2025,2025-06-15,7.1,6.85,4.3,382,153.1,12.07,Safe
UNIT 3A,Furnace Waterwall Tube,5,2021,2021-06-15,7.1,6.34,4.3,385,152.2,41.08,Watch
UNIT 3A,Furnace Waterwall Tube,5,2022,2022-06-15,7.1,6.07,4.3,385,152.2,57.35,Watch
UNIT 3A,Furnace Waterwall Tube,5,2023,2023-06-15,7.1,5.91,4.3,385,152.2,71.21,Watch
UNIT 3A,Furnace Waterwall Tube,5,2024,2024-06-15,7.1,5.72,4.3,385,152.2,88.31,Critical
UNIT 3A,Furnace Waterwall Tube,5,2025,2025-06-15,7.1,5.01,4.3,385,152.2,99.5,Critical
UNIT 3A,Furnace Waterwall Tube,6,2021,2021-06-15,7.1,6.3,4.3,388,150.9,42.79,Watch
UNIT 3A,Furnace Waterwall Tube,6,2022,2022-06-15,7.1,6.1,4.3,388,150.9,53.47,Watch
UNIT 3A,Furnace Waterwall Tube,6,2023,2023-06-15,7.1,5.88,4.3,388,150.9,63.19,Watch
UNIT 3A,Furnace Waterwall Tube,6,2024,2024-06-15,7.1,5.88,4.3,388,150.9,73.6,Watch
UNIT 3A,Furnace Waterwall Tube,6,2025,2025-06-15,7.1,5.39,4.3,388,150.9,83.92,Critical
UNIT 3A,Furnace Waterwall Tube,7,2021,2021-06-15,7.1,7.09,4.3,397,150.2,0.69,Safe
UNIT 3A,Furnace Waterwall Tube,7,2022,2022-06-15,7.1,7.06,4.3,397,150.2,2.07,Safe
UNIT 3A,Furnace Waterwall Tube,7,2023,2023-06-15,7.1,7.04,4.3,397,150.2,3.43,Safe
UNIT 3A,Furnace Waterwall Tube,7,2024,2024-06-15,7.1,7.02,4.3,397,150.2,4.9,Safe
UNIT 3A,Furnace Waterwall Tube,7,2025,2025-06-15,7.1,6.96,4.3,397,150.2,6.54,Safe
UNIT 3A,Furnace Waterwall Tube,8,2021,2021-06-15,7.1,6.7,4.3,370,163.7,21.78,Safe
UNIT 3A,Furnace Waterwall Tube,8,2022,2022-06-15,7.1,6.6,4.3,370,163.7,30.91,Safe
UNIT 3A,Furnace Waterwall Tube,8,2023,2023-06-15,7.1,6.44,4.3,370,163.7,39.11,Safe
UNIT 3A,Furnace Waterwall Tube,8,2024,2024-06-15,7.1,6.11,4.3,370,163.7,49.91,Watch
UNIT 3A,Furnace Waterwall Tube,8,2025,2025-06-15,7.1,6.13,4.3,370,163.7,60.87,Watch
UNIT 3A,Furnace Waterwall Tube,9,2021,2021-06-15,7.1,6.71,4.3,394,158.6,23.85,Safe
UNIT 3A,Furnace Waterwall Tube,9,2022,2022-06-15,7.1,6.48,4.3,394,158.6,32.44,Safe
UNIT 3A,Furnace Waterwall Tube,9,2023,2023-06-15,7.1,6.27,4.3,394,158.6,40.14,Watch
UNIT 3A,Furnace Waterwall Tube,9,2024,2024-06-15,7.1,6.12,4.3,394,158.6,48.83,Watch
UNIT 3A,Furnace Waterwall Tube,9,2025,2025-06-15,7.1,5.98,4.3,394,158.6,57.9,Watch
UNIT 3A,Furnace Waterwall Tube,10,2021,2021-06-15,7.1,7.06,4.3,371,151.5,2.23,Safe
UNIT 3A,Furnace Waterwall Tube,10,2022,2022-06-15,7.1,7.03,4.3,371,151.5,4.1,Safe
UNIT 3A,Furnace Waterwall Tube,10,2023,2023-06-15,7.1,6.99,4.3,371,151.5,5.96,Safe
UNIT 3A,Furnace Waterwall Tube,10,2024,2024-06-15,7.1,6.95,4.3,371,151.5,7.89,Safe
UNIT 3A,Furnace Waterwall Tube,10,2025,2025-06-15,7.1,6.9,4.3,371,151.5,10.23,Safe
UNIT 3A,Furnace Waterwall Tube,11,2021,2021-06-15,7.1,7.02,4.3,393,153.2,3.78,Safe
UNIT 3A,Furnace Waterwall Tube,11,2022,2022-06-15,7.1,6.99,4.3,393,153.2,5.58,Safe
UNIT 3A,Furnace Waterwall Tube,11,2023,2023-06-15,7.1,6.97,4.3,393,153.2,7.67,Safe
UNIT 3A,Furnace Waterwall Tube,11,2024,2024-06-15,7.1,6.94,4.3,393,153.2,9.86,Safe
UNIT 3A,Furnace Waterwall Tube,11,2025,2025-06-15,7.1,6.87,4.3,393,153.2,12.07,Safe
UNIT 3A,Furnace Waterwall Tube,12,2021,2021-06-15,7.1,6.2,4.3,386,154.4,44.01,Watch
UNIT 3A,Furnace Waterwall Tube,12,2022,2022-06-15,7.1,6.05,4.3,386,154.4,54.32,Watch
UNIT 3A,Furnace Waterwall Tube,12,2023,2023-06-15,7.1,5.87,4.3,386,154.4,63.24,Watch
UNIT 3A,Furnace Waterwall Tube,12,2024,2024-06-15,7.1,5.92,4.3,386,154.4,74.08,Watch
UNIT 3A,Furnace Waterwall Tube,12,2025,2025-06-15,7.1,5.71,4.3,386,154.4,83.14,Critical
UNIT 3A,Furnace Waterwall Tube,13,2021,2021-06-15,7.1,7.02,4.3,367,152.1,4.57,Safe
UNIT 3A,Furnace Waterwall Tube,13,2022,2022-06-15,7.1,6.98,4.3,367,152.1,6.61,Safe
UNIT 3A,Furnace Waterwall Tube,13,2023,2023-06-15,7.1,6.93,4.3,367,152.1,8.38,Safe
UNIT 3A,Furnace Waterwall Tube,13,2024,2024-06-15,7.1,6.93,4.3,367,152.1,9.99,Safe
UNIT 3A,Furnace Waterwall Tube,13,2025,2025-06-15,7.1,6.86,4.3,367,152.1,11.68,Safe
UNIT 3A,Furnace Waterwall Tube,14,2021,2021-06-15,7.1,7.07,4.3,372,159.5,1.47,Safe
UNIT 3A,Furnace Waterwall Tube,14,2022,2022-06-15,7.1,7.05,4.3,372,159.5,2.39,Safe
UNIT 3A,Furnace Waterwall Tube,14,2023,2023-06-15,7.1,7.04,4.3,372,159.5,3.19,Safe
UNIT 3A,Furnace Waterwall Tube,14,2024,2024-06-15,7.1,7.03,4.3,372,159.5,4.11,Safe
UNIT 3A,Furnace Waterwall Tube,14,2025,2025-06-15,7.1,7,4.3,372,159.5,4.96,Safe
UNIT 3A,Furnace Waterwall Tube,15,2021,2021-06-15,7.1,7.01,4.3,361,159.2,5.19,Safe
UNIT 3A,Furnace Waterwall Tube,15,2022,2022-06-15,7.1,7,4.3,361,159.2,6.24,Safe
UNIT 3A,Furnace Waterwall Tube,15,2023,2023-06-15,7.1,6.98,4.3,361,159.2,7.17,Safe
UNIT 3A,Furnace Waterwall Tube,15,2024,2024-06-15,7.1,6.95,4.3,361,159.2,8.21,Safe
UNIT 3A,Furnace Waterwall Tube,15,2025,2025-06-15,7.1,6.91,4.3,361,159.2,9.15,Safe
UNIT 3A,Furnace Waterwall Tube,16,2021,2021-06-15,7.1,7.07,4.3,392,161,1.46,Safe
UNIT 3A,Furnace Waterwall Tube,16,2022,2022-06-15,7.1,7.04,4.3,392,161,2.91,Safe
UNIT 3A,Furnace Waterwall Tube,16,2023,2023-06-15,7.1,7.01,4.3,392,161,4.77,Safe
UNIT 3A,Furnace Waterwall Tube,16,2024,2024-06-15,7.1,6.96,4.3,392,161,6.66,Safe
UNIT 3A,Furnace Waterwall Tube,16,2025,2025-06-15,7.1,6.94,4.3,392,161,8.28,Safe
UNIT 3A,Furnace Waterwall Tube,17,2021,2021-06-15,7.1,6.68,4.3,370,161.7,21.37,Safe
UNIT 3A,Furnace Waterwall Tube,17,2022,2022-06-15,7.1,6.63,4.3,370,161.7,28.35,Safe
UNIT 3A,Furnace Waterwall Tube,17,2023,2023-06-15,7.1,6.44,4.3,370,161.7,35.63,Safe
UNIT 3A,Furnace Waterwall Tube,17,2024,2024-06-15,7.1,6.21,4.3,370,161.7,43.95,Watch
UNIT 3A,Furnace Waterwall Tube,17,2025,2025-06-15,7.1,6.05,4.3,370,161.7,52.26,Watch
UNIT 3A,Furnace Waterwall Tube,18,2021,2021-06-15,7.1,7.09,4.3,387,155.9,0.67,Safe
UNIT 3A,Furnace Waterwall Tube,18,2022,2022-06-15,7.1,7.07,4.3,387,155.9,1.48,Safe
UNIT 3A,Furnace Waterwall Tube,18,2023,2023-06-15,7.1,7.05,4.3,387,155.9,2.31,Safe
UNIT 3A,Furnace Waterwall Tube,18,2024,2024-06-15,7.1,7.04,4.3,387,155.9,3.28,Safe
UNIT 3A,Furnace Waterwall Tube,18,2025,2025-06-15,7.1,7.03,4.3,387,155.9,4.23,Safe
UNIT 3A,Furnace Waterwall Tube,19,2021,2021-06-15,7.1,6.65,4.3,387,160.7,23.62,Safe
UNIT 3A,Furnace Waterwall Tube,19,2022,2022-06-15,7.1,6.46,4.3,387,160.7,33.72,Safe
UNIT 3A,Furnace Waterwall Tube,19,2023,2023-06-15,7.1,6.28,4.3,387,160.7,42.93,Watch
UNIT 3A,Furnace Waterwall Tube,19,2024,2024-06-15,7.1,6.21,4.3,387,160.7,52.47,Watch
UNIT 3A,Furnace Waterwall Tube,19,2025,2025-06-15,7.1,6.04,4.3,387,160.7,61.68,Watch
UNIT 3A,Furnace Waterwall Tube,20,2021,2021-06-15,7.1,7.08,4.3,370,158.1,1.54,Safe
UNIT 3A,Furnace Waterwall Tube,20,2022,2022-06-15,7.1,7.04,4.3,370,158.1,2.83,Safe
UNIT 3A,Furnace Waterwall Tube,20,2023,2023-06-15,7.1,7.02,4.3,370,158.1,4.02,Safe
UNIT 3A,Furnace Waterwall Tube,20,2024,2024-06-15,7.1,7.02,4.3,370,158.1,5.1,Safe
UNIT 3A,Furnace Waterwall Tube,20,2025,2025-06-15,7.1,6.97,4.3,370,158.1,6.4,Safe
UNIT 3A,Furnace Waterwall Tube,21,2021,2021-06-15,7.1,6.59,4.3,360,152.6,24.52,Safe
UNIT 3A,Furnace Waterwall Tube,21,2022,2022-06-15,7.1,6.44,4.3,360,152.6,32.87,Safe
UNIT 3A,Furnace Waterwall Tube,21,2023,2023-06-15,7.1,6.26,4.3,360,152.6,42.88,Watch
UNIT 3A,Furnace Waterwall Tube,21,2024,2024-06-15,7.1,6.03,4.3,360,152.6,53.1,Watch
UNIT 3A,Furnace Waterwall Tube,21,2025,2025-06-15,7.1,6.15,4.3,360,152.6,61.79,Watch
UNIT 3A,Furnace Waterwall Tube,22,2021,2021-06-15,7.1,6.75,4.3,372,155,22.23,Safe
UNIT 3A,Furnace Waterwall Tube,22,2022,2022-06-15,7.1,6.52,4.3,372,155,28.3,Safe
UNIT 3A,Furnace Waterwall Tube,22,2023,2023-06-15,7.1,6.37,4.3,372,155,34.9,Safe
UNIT 3A,Furnace Waterwall Tube,22,2024,2024-06-15,7.1,6.41,4.3,372,155,42.87,Watch
UNIT 3A,Furnace Waterwall Tube,22,2025,2025-06-15,7.1,6.16,4.3,372,155,50.32,Watch
UNIT 3A,Furnace Waterwall Tube,23,2021,2021-06-15,7.1,6.7,4.3,392,164.8,20.92,Safe
UNIT 3A,Furnace Waterwall Tube,23,2022,2022-06-15,7.1,6.5,4.3,392,164.8,28.63,Safe
UNIT 3A,Furnace Waterwall Tube,23,2023,2023-06-15,7.1,6.53,4.3,392,164.8,36.27,Safe
UNIT 3A,Furnace Waterwall Tube,23,2024,2024-06-15,7.1,6.33,4.3,392,164.8,44.33,Watch
UNIT 3A,Furnace Waterwall Tube,23,2025,2025-06-15,7.1,6.18,4.3,392,164.8,50.5,Watch
UNIT 3A,Furnace Waterwall Tube,24,2021,2021-06-15,7.1,6.75,4.3,384,150.9,22.09,Safe
UNIT 3A,Furnace Waterwall Tube,24,2022,2022-06-15,7.1,6.47,4.3,384,150.9,31.13,Safe
UNIT 3A,Furnace Waterwall Tube,24,2023,2023-06-15,7.1,6.44,4.3,384,150.9,38.69,Safe
UNIT 3A,Furnace Waterwall Tube,24,2024,2024-06-15,7.1,6.38,4.3,384,150.9,46.38,Watch
UNIT 3A,Furnace Waterwall Tube,24,2025,2025-06-15,7.1,6.04,4.3,384,150.9,54.98,Watch
UNIT 3A,Furnace Waterwall Tube,25,2021,2021-06-15,7.1,6.68,4.3,383,164,21.13,Safe
UNIT 3A,Furnace Waterwall Tube,25,2022,2022-06-15,7.1,6.46,4.3,383,164,30.96,Safe
UNIT 3A,Furnace Waterwall Tube,25,2023,2023-06-15,7.1,6.27,4.3,383,164,40.07,Watch
UNIT 3A,Furnace Waterwall Tube,25,2024,2024-06-15,7.1,6.35,4.3,383,164,48.57,Watch
UNIT 3A,Furnace Waterwall Tube,25,2025,2025-06-15,7.1,6.2,4.3,383,164,56.14,Watch
UNIT 3A,Furnace Waterwall Tube,26,2021,2021-06-15,7.1,6.29,4.3,366,161.9,43.22,Watch
UNIT 3A,Furnace Waterwall Tube,26,2022,2022-06-15,7.1,6.05,4.3,366,161.9,53.47,Watch
UNIT 3A,Furnace Waterwall Tube,26,2023,2023-06-15,7.1,6.1,4.3,366,161.9,64.43,Watch
UNIT 3A,Furnace Waterwall Tube,26,2024,2024-06-15,7.1,5.8,4.3,366,161.9,75.14,Watch
UNIT 3A,Furnace Waterwall Tube,26,2025,2025-06-15,7.1,5.39,4.3,366,161.9,85.82,Critical
UNIT 3A,Furnace Waterwall Tube,27,2021,2021-06-15,7.1,6.98,4.3,400,152.9,6.46,Safe
UNIT 3A,Furnace Waterwall Tube,27,2022,2022-06-15,7.1,6.96,4.3,400,152.9,7.56,Safe
UNIT 3A,Furnace Waterwall Tube,27,2023,2023-06-15,7.1,6.94,4.3,400,152.9,8.54,Safe
UNIT 3A,Furnace Waterwall Tube,27,2024,2024-06-15,7.1,6.94,4.3,400,152.9,9.51,Safe
UNIT 3A,Furnace Waterwall Tube,27,2025,2025-06-15,7.1,6.88,4.3,400,152.9,10.5,Safe
UNIT 3A,Furnace Waterwall Tube,28,2021,2021-06-15,7.1,6.47,4.3,387,158.4,30.78,Safe
UNIT 3A,Furnace Waterwall Tube,28,2022,2022-06-15,7.1,6.49,4.3,387,158.4,38.1,Safe
UNIT 3A,Furnace Waterwall Tube,28,2023,2023-06-15,7.1,6.3,4.3,387,158.4,46.02,Watch
UNIT 3A,Furnace Waterwall Tube,28,2024,2024-06-15,7.1,5.99,4.3,387,158.4,54.51,Watch
UNIT 3A,Furnace Waterwall Tube,28,2025,2025-06-15,7.1,5.8,4.3,387,158.4,62.24,Watch
UNIT 3A,Furnace Waterwall Tube,29,2021,2021-06-15,7.1,6.75,4.3,371,151.5,20.45,Safe
UNIT 3A,Furnace Waterwall Tube,29,2022,2022-06-15,7.1,6.65,4.3,371,151.5,29.07,Safe
UNIT 3A,Furnace Waterwall Tube,29,2023,2023-06-15,7.1,6.4,4.3,371,151.5,36.46,Safe
UNIT 3A,Furnace Waterwall Tube,29,2024,2024-06-15,7.1,6.31,4.3,371,151.5,43.83,Watch
UNIT 3A,Furnace Waterwall Tube,29,2025,2025-06-15,7.1,6.23,4.3,371,151.5,51.87,Watch
UNIT 3A,Furnace Waterwall Tube,30,2021,2021-06-15,7.1,6.12,4.3,392,152.1,47.22,Watch
UNIT 3A,Furnace Waterwall Tube,30,2022,2022-06-15,7.1,5.92,4.3,392,152.1,61.98,Watch
UNIT 3A,Furnace Waterwall Tube,30,2023,2023-06-15,7.1,5.61,4.3,392,152.1,77.22,Watch
UNIT 3A,Furnace Waterwall Tube,30,2024,2024-06-15,7.1,5.42,4.3,392,152.1,92.94,Critical
UNIT 3A,Furnace Waterwall Tube,30,2025,2025-06-15,7.1,5.39,4.3,392,152.1,99.5,Critical
UNIT 3A,Furnace Waterwall Tube,31,2021,2021-06-15,7.1,6.56,4.3,361,151.4,32.54,Safe
UNIT 3A,Furnace Waterwall Tube,31,2022,2022-06-15,7.1,6.22,4.3,361,151.4,46.76,Watch
UNIT 3A,Furnace Waterwall Tube,31,2023,2023-06-15,7.1,6.14,4.3,361,151.4,60.09,Watch
UNIT 3A,Furnace Waterwall Tube,31,2024,2024-06-15,7.1,5.82,4.3,361,151.4,73.47,Watch
UNIT 3A,Furnace Waterwall Tube,31,2025,2025-06-15,7.1,5.46,4.3,361,151.4,88.02,Critical
UNIT 3A,Furnace Waterwall Tube,32,2021,2021-06-15,7.1,6.99,4.3,371,157.5,6.05,Safe
UNIT 3A,Furnace Waterwall Tube,32,2022,2022-06-15,7.1,6.92,4.3,371,157.5,8.56,Safe
UNIT 3A,Furnace Waterwall Tube,32,2023,2023-06-15,7.1,6.91,4.3,371,157.5,11.33,Safe
UNIT 3A,Furnace Waterwall Tube,32,2024,2024-06-15,7.1,6.81,4.3,371,157.5,14.69,Safe
UNIT 3A,Furnace Waterwall Tube,32,2025,2025-06-15,7.1,6.83,4.3,371,157.5,17.22,Safe
UNIT 3A,Furnace Waterwall Tube,33,2021,2021-06-15,7.1,6.49,4.3,364,164.1,33.15,Safe
UNIT 3A,Furnace Waterwall Tube,33,2022,2022-06-15,7.1,6.3,4.3,364,164.1,46.8,Watch
UNIT 3A,Furnace Waterwall Tube,33,2023,2023-06-15,7.1,5.96,4.3,364,164.1,58.28,Watch
UNIT 3A,Furnace Waterwall Tube,33,2024,2024-06-15,7.1,5.99,4.3,364,164.1,69.9,Watch
UNIT 3A,Furnace Waterwall Tube,33,2025,2025-06-15,7.1,5.83,4.3,364,164.1,82.35,Critical
UNIT 3A,Furnace Waterwall Tube,34,2021,2021-06-15,7.1,7.01,4.3,398,162.7,4.83,Safe
UNIT 3A,Furnace Waterwall Tube,34,2022,2022-06-15,7.1,6.96,4.3,398,162.7,7.67,Safe
UNIT 3A,Furnace Waterwall Tube,34,2023,2023-06-15,7.1,6.89,4.3,398,162.7,10.02,Safe
UNIT 3A,Furnace Waterwall Tube,34,2024,2024-06-15,7.1,6.91,4.3,398,162.7,12.41,Safe
UNIT 3A,Furnace Waterwall Tube,34,2025,2025-06-15,7.1,6.84,4.3,398,162.7,14.77,Safe
UNIT 3A,Furnace Waterwall Tube,35,2021,2021-06-15,7.1,7.05,4.3,397,155.1,2.34,Safe
UNIT 3A,Furnace Waterwall Tube,35,2022,2022-06-15,7.1,7.02,4.3,397,155.1,4.8,Safe
UNIT 3A,Furnace Waterwall Tube,35,2023,2023-06-15,7.1,6.96,4.3,397,155.1,7.55,Safe
UNIT 3A,Furnace Waterwall Tube,35,2024,2024-06-15,7.1,6.9,4.3,397,155.1,10.53,Safe
UNIT 3A,Furnace Waterwall Tube,35,2025,2025-06-15,7.1,6.86,4.3,397,155.1,13.5,Safe
UNIT 3A,Furnace Waterwall Tube,36,2021,2021-06-15,7.1,6.51,4.3,381,154.9,32.62,Safe
UNIT 3A,Furnace Waterwall Tube,36,2022,2022-06-15,7.1,6.32,4.3,381,154.9,42.01,Watch
UNIT 3A,Furnace Waterwall Tube,36,2023,2023-06-15,7.1,6.11,4.3,381,154.9,51.76,Watch
UNIT 3A,Furnace Waterwall Tube,36,2024,2024-06-15,7.1,6.03,4.3,381,154.9,62.07,Watch
UNIT 3A,Furnace Waterwall Tube,36,2025,2025-06-15,7.1,5.77,4.3,381,154.9,71.43,Watch
UNIT 3A,Furnace Waterwall Tube,37,2021,2021-06-15,7.1,6.59,4.3,373,152,28.33,Safe
UNIT 3A,Furnace Waterwall Tube,37,2022,2022-06-15,7.1,6.52,4.3,373,152,37.07,Safe
UNIT 3A,Furnace Waterwall Tube,37,2023,2023-06-15,7.1,6.35,4.3,373,152,45.73,Watch
UNIT 3A,Furnace Waterwall Tube,37,2024,2024-06-15,7.1,6.15,4.3,373,152,53.56,Watch
UNIT 3A,Furnace Waterwall Tube,37,2025,2025-06-15,7.1,5.86,4.3,373,152,60.24,Watch
UNIT 3A,Furnace Waterwall Tube,38,2021,2021-06-15,7.1,6.97,4.3,386,163.8,6.93,Safe
UNIT 3A,Furnace Waterwall Tube,38,2022,2022-06-15,7.1,6.94,4.3,386,163.8,8.23,Safe
UNIT 3A,Furnace Waterwall Tube,38,2023,2023-06-15,7.1,6.9,4.3,386,163.8,9.69,Safe
UNIT 3A,Furnace Waterwall Tube,38,2024,2024-06-15,7.1,6.91,4.3,386,163.8,11.09,Safe
UNIT 3A,Furnace Waterwall Tube,38,2025,2025-06-15,7.1,6.86,4.3,386,163.8,12.37,Safe
UNIT 3A,Furnace Waterwall Tube,39,2021,2021-06-15,7.1,6.5,4.3,394,151.7,31.12,Safe
UNIT 3A,Furnace Waterwall Tube,39,2022,2022-06-15,7.1,6.45,4.3,394,151.7,41,Watch
UNIT 3A,Furnace Waterwall Tube,39,2023,2023-06-15,7.1,6.16,4.3,394,151.7,51.42,Watch
UNIT 3A,Furnace Waterwall Tube,39,2024,2024-06-15,7.1,5.84,4.3,394,151.7,62.03,Watch
UNIT 3A,Furnace Waterwall Tube,39,2025,2025-06-15,7.1,5.78,4.3,394,151.7,72.38,Watch
UNIT 3A,Furnace Waterwall Tube,40,2021,2021-06-15,7.1,7,4.3,363,152,5.27,Safe
UNIT 3A,Furnace Waterwall Tube,40,2022,2022-06-15,7.1,6.99,4.3,363,152,6.16,Safe
UNIT 3A,Furnace Waterwall Tube,40,2023,2023-06-15,7.1,6.97,4.3,363,152,7.1,Safe
UNIT 3A,Furnace Waterwall Tube,40,2024,2024-06-15,7.1,6.97,4.3,363,152,8.21,Safe
UNIT 3A,Furnace Waterwall Tube,40,2025,2025-06-15,7.1,6.91,4.3,363,152,9.33,Safe
UNIT 3A,Furnace Waterwall Tube,41,2021,2021-06-15,7.1,7.07,4.3,374,151.3,1.23,Safe
UNIT 3A,Furnace Waterwall Tube,41,2022,2022-06-15,7.1,7.04,4.3,374,151.3,3.13,Safe
UNIT 3A,Furnace Waterwall Tube,41,2023,2023-06-15,7.1,7.01,4.3,374,151.3,4.85,Safe
UNIT 3A,Furnace Waterwall Tube,41,2024,2024-06-15,7.1,6.99,4.3,374,151.3,6.78,Safe
UNIT 3A,Furnace Waterwall Tube,41,2025,2025-06-15,7.1,6.95,4.3,374,151.3,8.25,Safe
UNIT 3A,Furnace Waterwall Tube,42,2021,2021-06-15,7.1,6.65,4.3,381,154,27.15,Safe
UNIT 3A,Furnace Waterwall Tube,42,2022,2022-06-15,7.1,6.53,4.3,381,154,32.78,Safe
UNIT 3A,Furnace Waterwall Tube,42,2023,2023-06-15,7.1,6.41,4.3,381,154,40.05,Watch
UNIT 3A,Furnace Waterwall Tube,42,2024,2024-06-15,7.1,6.18,4.3,381,154,46.93,Watch
UNIT 3A,Furnace Waterwall Tube,42,2025,2025-06-15,7.1,6.04,4.3,381,154,53.12,Watch
UNIT 3A,Furnace Waterwall Tube,43,2021,2021-06-15,7.1,7.09,4.3,366,161.7,0.28,Safe
UNIT 3A,Furnace Waterwall Tube,43,2022,2022-06-15,7.1,7.08,4.3,366,161.7,1.18,Safe
UNIT 3A,Furnace Waterwall Tube,43,2023,2023-06-15,7.1,7.06,4.3,366,161.7,2.05,Safe
UNIT 3A,Furnace Waterwall Tube,43,2024,2024-06-15,7.1,7.05,4.3,366,161.7,2.92,Safe
UNIT 3A,Furnace Waterwall Tube,43,2025,2025-06-15,7.1,7.03,4.3,366,161.7,3.68,Safe
UNIT 3A,Furnace Waterwall Tube,44,2021,2021-06-15,7.1,7.06,4.3,400,164.5,2.48,Safe
UNIT 3A,Furnace Waterwall Tube,44,2022,2022-06-15,7.1,7.03,4.3,400,164.5,3.92,Safe
UNIT 3A,Furnace Waterwall Tube,44,2023,2023-06-15,7.1,7,4.3,400,164.5,5.35,Safe
UNIT 3A,Furnace Waterwall Tube,44,2024,2024-06-15,7.1,6.96,4.3,400,164.5,6.78,Safe
UNIT 3A,Furnace Waterwall Tube,44,2025,2025-06-15,7.1,6.93,4.3,400,164.5,8.42,Safe
UNIT 3A,Furnace Waterwall Tube,45,2021,2021-06-15,7.1,6.97,4.3,397,160.5,6.71,Safe
UNIT 3A,Furnace Waterwall Tube,45,2022,2022-06-15,7.1,6.92,4.3,397,160.5,9.18,Safe
UNIT 3A,Furnace Waterwall Tube,45,2023,2023-06-15,7.1,6.89,4.3,397,160.5,11.33,Safe
UNIT 3A,Furnace Waterwall Tube,45,2024,2024-06-15,7.1,6.89,4.3,397,160.5,13.74,Safe
UNIT 3A,Furnace Waterwall Tube,45,2025,2025-06-15,7.1,6.79,4.3,397,160.5,16.34,Safe
UNIT 3A,Furnace Waterwall Tube,46,2021,2021-06-15,7.1,6.34,4.3,383,161.4,43.47,Watch
UNIT 3A,Furnace Waterwall Tube,46,2022,2022-06-15,7.1,6.04,4.3,383,161.4,59.75,Watch
UNIT 3A,Furnace Waterwall Tube,46,2023,2023-06-15,7.1,5.95,4.3,383,161.4,74.78,Watch
UNIT 3A,Furnace Waterwall Tube,46,2024,2024-06-15,7.1,5.35,4.3,383,161.4,90.13,Critical
UNIT 3A,Furnace Waterwall Tube,46,2025,2025-06-15,7.1,5.29,4.3,383,161.4,99.5,Critical
UNIT 3A,Furnace Waterwall Tube,47,2021,2021-06-15,7.1,6.94,4.3,384,164.8,7.67,Safe
UNIT 3A,Furnace Waterwall Tube,47,2022,2022-06-15,7.1,6.92,4.3,384,164.8,9.26,Safe
UNIT 3A,Furnace Waterwall Tube,47,2023,2023-06-15,7.1,6.92,4.3,384,164.8,10.72,Safe
UNIT 3A,Furnace Waterwall Tube,47,2024,2024-06-15,7.1,6.86,4.3,384,164.8,12.15,Safe
UNIT 3A,Furnace Waterwall Tube,47,2025,2025-06-15,7.1,6.83,4.3,384,164.8,13.57,Safe
UNIT 3A,Furnace Waterwall Tube,48,2021,2021-06-15,7.1,6.46,4.3,388,156.5,40.1,Watch
UNIT 3A,Furnace Waterwall Tube,48,2022,2022-06-15,7.1,6.08,4.3,388,156.5,50.55,Watch
UNIT 3A,Furnace Waterwall Tube,48,2023,2023-06-15,7.1,6.13,4.3,388,156.5,62.16,Watch
UNIT 3A,Furnace Waterwall Tube,48,2024,2024-06-15,7.1,5.8,4.3,388,156.5,72.14,Watch
UNIT 3A,Furnace Waterwall Tube,48,2025,2025-06-15,7.1,5.5,4.3,388,156.5,82.63,Critical
UNIT 3A,Furnace Waterwall Tube,49,2021,2021-06-15,7.1,6.7,4.3,369,163.3,21.85,Safe
UNIT 3A,Furnace Waterwall Tube,49,2022,2022-06-15,7.1,6.57,4.3,369,163.3,31.75,Safe
UNIT 3A,Furnace Waterwall Tube,49,2023,2023-06-15,7.1,6.38,4.3,369,163.3,40.17,Watch
UNIT 3A,Furnace Waterwall Tube,49,2024,2024-06-15,7.1,6.07,4.3,369,163.3,48.98,Watch
UNIT 3A,Furnace Waterwall Tube,49,2025,2025-06-15,7.1,5.95,4.3,369,163.3,56.82,Watch
UNIT 3A,Furnace Waterwall Tube,50,2021,2021-06-15,7.1,7.02,4.3,372,154.4,4.15,Safe
UNIT 3A,Furnace Waterwall Tube,50,2022,2022-06-15,7.1,6.98,4.3,372,154.4,5.71,Safe
UNIT 3A,Furnace Waterwall Tube,50,2023,2023-06-15,7.1,6.97,4.3,372,154.4,7.32,Safe
UNIT 3A,Furnace Waterwall Tube,50,2024,2024-06-15,7.1,6.94,4.3,372,154.4,8.98,Safe
UNIT 3A,Furnace Waterwall Tube,50,2025,2025-06-15,7.1,6.92,4.3,372,154.4,10.73,Safe
UNIT 3A,Furnace Waterwall Tube,51,2021,2021-06-15,7.1,7.02,4.3,383,154.6,3.86,Safe
UNIT 3A,Furnace Waterwall Tube,51,2022,2022-06-15,7.1,6.99,4.3,383,154.6,6.27,Safe
UNIT 3A,Furnace Waterwall Tube,51,2023,2023-06-15,7.1,6.95,4.3,383,154.6,8.92,Safe
UNIT 3A,Furnace Waterwall Tube,51,2024,2024-06-15,7.1,6.87,4.3,383,154.6,11.52,Safe
UNIT 3A,Furnace Waterwall Tube,51,2025,2025-06-15,7.1,6.83,4.3,383,154.6,14.02,Safe
UNIT 3A,Furnace Waterwall Tube,52,2021,2021-06-15,7.1,6.23,4.3,394,156,44.67,Watch
UNIT 3A,Furnace Waterwall Tube,52,2022,2022-06-15,7.1,5.89,4.3,394,156,60.82,Watch
UNIT 3A,Furnace Waterwall Tube,52,2023,2023-06-15,7.1,5.75,4.3,394,156,74.71,Watch
UNIT 3A,Furnace Waterwall Tube,52,2024,2024-06-15,7.1,5.56,4.3,394,156,90.27,Critical
UNIT 3A,Furnace Waterwall Tube,52,2025,2025-06-15,7.1,5.38,4.3,394,156,99.5,Critical
UNIT 3A,Furnace Waterwall Tube,53,2021,2021-06-15,7.1,6.44,4.3,383,163.2,31.97,Safe
UNIT 3A,Furnace Waterwall Tube,53,2022,2022-06-15,7.1,6.44,4.3,383,163.2,38.53,Safe
UNIT 3A,Furnace Waterwall Tube,53,2023,2023-06-15,7.1,6.29,4.3,383,163.2,44.46,Watch
UNIT 3A,Furnace Waterwall Tube,53,2024,2024-06-15,7.1,6.06,4.3,383,163.2,50.58,Watch
UNIT 3A,Furnace Waterwall Tube,53,2025,2025-06-15,7.1,6.19,4.3,383,163.2,56.26,Watch
UNIT 3A,Furnace Waterwall Tube,54,2021,2021-06-15,7.1,6.57,4.3,395,154.9,27.87,Safe
UNIT 3A,Furnace Waterwall Tube,54,2022,2022-06-15,7.1,6.42,4.3,395,154.9,36.14,Safe
UNIT 3A,Furnace Waterwall Tube,54,2023,2023-06-15,7.1,6.33,4.3,395,154.9,43.98,Watch
UNIT 3A,Furnace Waterwall Tube,54,2024,2024-06-15,7.1,6.23,4.3,395,154.9,50.62,Watch
UNIT 3A,Furnace Waterwall Tube,54,2025,2025-06-15,7.1,5.98,4.3,395,154.9,59.06,Watch
UNIT 3A,Furnace Waterwall Tube,55,2021,2021-06-15,7.1,7,4.3,373,163.3,5.35,Safe
UNIT 3A,Furnace Waterwall Tube,55,2022,2022-06-15,7.1,6.97,4.3,373,163.3,8.1,Safe
UNIT 3A,Furnace Waterwall Tube,55,2023,2023-06-15,7.1,6.88,4.3,373,163.3,10.43,Safe
UNIT 3A,Furnace Waterwall Tube,55,2024,2024-06-15,7.1,6.87,4.3,373,163.3,13.14,Safe
UNIT 3A,Furnace Waterwall Tube,55,2025,2025-06-15,7.1,6.85,4.3,373,163.3,15.85,Safe
UNIT 3A,Furnace Waterwall Tube,56,2021,2021-06-15,7.1,6.69,4.3,382,154.1,26.41,Safe
UNIT 3A,Furnace Waterwall Tube,56,2022,2022-06-15,7.1,6.49,4.3,382,154.1,37.05,Safe
UNIT 3A,Furnace Waterwall Tube,56,2023,2023-06-15,7.1,6.21,4.3,382,154.1,45.46,Watch
UNIT 3A,Furnace Waterwall Tube,56,2024,2024-06-15,7.1,6.14,4.3,382,154.1,54.74,Watch
UNIT 3A,Furnace Waterwall Tube,56,2025,2025-06-15,7.1,5.81,4.3,382,154.1,63.72,Watch
UNIT 3A,Furnace Waterwall Tube,57,2021,2021-06-15,7.1,6.73,4.3,391,151.2,22.44,Safe
UNIT 3A,Furnace Waterwall Tube,57,2022,2022-06-15,7.1,6.49,4.3,391,151.2,29.98,Safe
UNIT 3A,Furnace Waterwall Tube,57,2023,2023-06-15,7.1,6.49,4.3,391,151.2,36.69,Safe
UNIT 3A,Furnace Waterwall Tube,57,2024,2024-06-15,7.1,6.18,4.3,391,151.2,45.38,Watch
UNIT 3A,Furnace Waterwall Tube,57,2025,2025-06-15,7.1,6.2,4.3,391,151.2,53.53,Watch
UNIT 3A,Furnace Waterwall Tube,58,2021,2021-06-15,7.1,6.67,4.3,373,158.6,24.56,Safe
UNIT 3A,Furnace Waterwall Tube,58,2022,2022-06-15,7.1,6.56,4.3,373,158.6,31.81,Safe
UNIT 3A,Furnace Waterwall Tube,58,2023,2023-06-15,7.1,6.34,4.3,373,158.6,38.5,Safe
UNIT 3A,Furnace Waterwall Tube,58,2024,2024-06-15,7.1,6.3,4.3,373,158.6,46.31,Watch
UNIT 3A,Furnace Waterwall Tube,58,2025,2025-06-15,7.1,6.19,4.3,373,158.6,53.47,Watch
UNIT 3A,Furnace Waterwall Tube,59,2021,2021-06-15,7.1,6.53,4.3,400,157.3,34.74,Safe
UNIT 3A,Furnace Waterwall Tube,59,2022,2022-06-15,7.1,6.28,4.3,400,157.3,47.18,Watch
UNIT 3A,Furnace Waterwall Tube,59,2023,2023-06-15,7.1,5.91,4.3,400,157.3,63.27,Watch
UNIT 3A,Furnace Waterwall Tube,59,2024,2024-06-15,7.1,5.9,4.3,400,157.3,76.93,Watch
UNIT 3A,Furnace Waterwall Tube,59,2025,2025-06-15,7.1,5.64,4.3,400,157.3,91.52,Critical
UNIT 3A,Furnace Waterwall Tube,60,2021,2021-06-15,7.1,7.06,4.3,377,150.7,2.4,Safe
UNIT 3A,Furnace Waterwall Tube,60,2022,2022-06-15,7.1,7.02,4.3,377,150.7,4.09,Safe
UNIT 3A,Furnace Waterwall Tube,60,2023,2023-06-15,7.1,6.99,4.3,377,150.7,5.69,Safe
UNIT 3A,Furnace Waterwall Tube,60,2024,2024-06-15,7.1,6.98,4.3,377,150.7,7.52,Safe
UNIT 3A,Furnace Waterwall Tube,60,2025,2025-06-15,7.1,6.94,4.3,377,150.7,9.07,Safe
UNIT 3A,Furnace Waterwall Tube,61,2021,2021-06-15,7.1,6.96,4.3,367,164.9,6.94,Safe
UNIT 3A,Furnace Waterwall Tube,61,2022,2022-06-15,7.1,6.91,4.3,367,164.9,9.61,Safe
UNIT 3A,Furnace Waterwall Tube,61,2023,2023-06-15,7.1,6.86,4.3,367,164.9,12.19,Safe
UNIT 3A,Furnace Waterwall Tube,61,2024,2024-06-15,7.1,6.83,4.3,367,164.9,14.92,Safe
UNIT 3A,Furnace Waterwall Tube,61,2025,2025-06-15,7.1,6.78,4.3,367,164.9,17.44,Safe
UNIT 3A,Furnace Waterwall Tube,62,2021,2021-06-15,7.1,6.99,4.3,391,164.4,6.39,Safe
UNIT 3A,Furnace Waterwall Tube,62,2022,2022-06-15,7.1,6.92,4.3,391,164.4,9.16,Safe
UNIT 3A,Furnace Waterwall Tube,62,2023,2023-06-15,7.1,6.85,4.3,391,164.4,12.11,Safe
UNIT 3A,Furnace Waterwall Tube,62,2024,2024-06-15,7.1,6.82,4.3,391,164.4,14.77,Safe
UNIT 3A,Furnace Waterwall Tube,62,2025,2025-06-15,7.1,6.74,4.3,391,164.4,17.11,Safe
UNIT 3A,Furnace Waterwall Tube,63,2021,2021-06-15,7.1,7.03,4.3,386,152.8,3.53,Safe
UNIT 3A,Furnace Waterwall Tube,63,2022,2022-06-15,7.1,7,4.3,386,152.8,6.09,Safe
UNIT 3A,Furnace Waterwall Tube,63,2023,2023-06-15,7.1,6.95,4.3,386,152.8,8.81,Safe
UNIT 3A,Furnace Waterwall Tube,63,2024,2024-06-15,7.1,6.9,4.3,386,152.8,11.64,Safe
UNIT 3A,Furnace Waterwall Tube,63,2025,2025-06-15,7.1,6.88,4.3,386,152.8,13.97,Safe
UNIT 3A,Furnace Waterwall Tube,64,2021,2021-06-15,7.1,7.04,4.3,368,155.2,3.72,Safe
UNIT 3A,Furnace Waterwall Tube,64,2022,2022-06-15,7.1,6.98,4.3,368,155.2,6.01,Safe
UNIT 3A,Furnace Waterwall Tube,64,2023,2023-06-15,7.1,6.93,4.3,368,155.2,8.21,Safe
UNIT 3A,Furnace Waterwall Tube,64,2024,2024-06-15,7.1,6.93,4.3,368,155.2,10.54,Safe
UNIT 3A,Furnace Waterwall Tube,64,2025,2025-06-15,7.1,6.9,4.3,368,155.2,12.81,Safe
UNIT 3A,Furnace Waterwall Tube,65,2021,2021-06-15,7.1,6.99,4.3,371,164.1,5.3,Safe
UNIT 3A,Furnace Waterwall Tube,65,2022,2022-06-15,7.1,6.96,4.3,371,164.1,6.92,Safe
UNIT 3A,Furnace Waterwall Tube,65,2023,2023-06-15,7.1,6.94,4.3,371,164.1,8.6,Safe
UNIT 3A,Furnace Waterwall Tube,65,2024,2024-06-15,7.1,6.94,4.3,371,164.1,10.23,Safe
UNIT 3A,Furnace Waterwall Tube,65,2025,2025-06-15,7.1,6.85,4.3,371,164.1,11.89,Safe
UNIT 3A,Furnace Waterwall Tube,66,2021,2021-06-15,7.1,6.24,4.3,385,153.4,46.93,Watch
UNIT 3A,Furnace Waterwall Tube,66,2022,2022-06-15,7.1,5.78,4.3,385,153.4,63.69,Watch
UNIT 3A,Furnace Waterwall Tube,66,2023,2023-06-15,7.1,5.77,4.3,385,153.4,76.88,Watch
UNIT 3A,Furnace Waterwall Tube,66,2024,2024-06-15,7.1,5.56,4.3,385,153.4,92.62,Critical
UNIT 3A,Furnace Waterwall Tube,66,2025,2025-06-15,7.1,5.55,4.3,385,153.4,99.5,Critical
UNIT 3A,Furnace Waterwall Tube,67,2021,2021-06-15,7.1,6.35,4.3,382,161.7,42.45,Watch
UNIT 3A,Furnace Waterwall Tube,67,2022,2022-06-15,7.1,6.26,4.3,382,161.7,54.51,Watch
UNIT 3A,Furnace Waterwall Tube,67,2023,2023-06-15,7.1,5.96,4.3,382,161.7,66.3,Watch
UNIT 3A,Furnace Waterwall Tube,67,2024,2024-06-15,7.1,5.89,4.3,382,161.7,77.99,Watch
UNIT 3A,Furnace Waterwall Tube,67,2025,2025-06-15,7.1,5.39,4.3,382,161.7,89.6,Critical
UNIT 3A,Furnace Waterwall Tube,68,2021,2021-06-15,7.1,7.02,4.3,386,152.1,4.54,Safe
UNIT 3A,Furnace Waterwall Tube,68,2022,2022-06-15,7.1,6.98,4.3,386,152.1,6.76,Safe
UNIT 3A,Furnace Waterwall Tube,68,2023,2023-06-15,7.1,6.94,4.3,386,152.1,9.23,Safe
UNIT 3A,Furnace Waterwall Tube,68,2024,2024-06-15,7.1,6.88,4.3,386,152.1,11.62,Safe
UNIT 3A,Furnace Waterwall Tube,68,2025,2025-06-15,7.1,6.82,4.3,386,152.1,14.44,Safe
UNIT 3A,Furnace Waterwall Tube,69,2021,2021-06-15,7.1,7,4.3,375,154.1,5.78,Safe
UNIT 3A,Furnace Waterwall Tube,69,2022,2022-06-15,7.1,6.97,4.3,375,154.1,6.77,Safe
UNIT 3A,Furnace Waterwall Tube,69,2023,2023-06-15,7.1,6.96,4.3,375,154.1,7.63,Safe
UNIT 3A,Furnace Waterwall Tube,69,2024,2024-06-15,7.1,6.95,4.3,375,154.1,8.47,Safe
UNIT 3A,Furnace Waterwall Tube,69,2025,2025-06-15,7.1,6.93,4.3,375,154.1,9.29,Safe
UNIT 3A,Furnace Waterwall Tube,70,2021,2021-06-15,7.1,6.66,4.3,382,160.2,23.4,Safe
UNIT 3A,Furnace Waterwall Tube,70,2022,2022-06-15,7.1,6.47,4.3,382,160.2,33.52,Safe
UNIT 3A,Furnace Waterwall Tube,70,2023,2023-06-15,7.1,6.29,4.3,382,160.2,44.53,Watch
UNIT 3A,Furnace Waterwall Tube,70,2024,2024-06-15,7.1,6.04,4.3,382,160.2,54.89,Watch
UNIT 3A,Furnace Waterwall Tube,70,2025,2025-06-15,7.1,6.02,4.3,382,160.2,63.8,Watch
UNIT 3A,Furnace Waterwall Tube,71,2021,2021-06-15,7.1,6.61,4.3,378,153.3,24.69,Safe
UNIT 3A,Furnace Waterwall Tube,71,2022,2022-06-15,7.1,6.47,4.3,378,153.3,32.51,Safe
UNIT 3A,Furnace Waterwall Tube,71,2023,2023-06-15,7.1,6.39,4.3,378,153.3,39.48,Safe
UNIT 3A,Furnace Waterwall Tube,71,2024,2024-06-15,7.1,6.21,4.3,378,153.3,46.32,Watch
UNIT 3A,Furnace Waterwall Tube,71,2025,2025-06-15,7.1,5.98,4.3,378,153.3,53.91,Watch
UNIT 3A,Furnace Waterwall Tube,72,2021,2021-06-15,7.1,7.01,4.3,384,157,4.96,Safe
UNIT 3A,Furnace Waterwall Tube,72,2022,2022-06-15,7.1,7,4.3,384,157,6.21,Safe
UNIT 3A,Furnace Waterwall Tube,72,2023,2023-06-15,7.1,6.94,4.3,384,157,7.42,Safe
UNIT 3A,Furnace Waterwall Tube,72,2024,2024-06-15,7.1,6.97,4.3,384,157,8.75,Safe
UNIT 3A,Furnace Waterwall Tube,72,2025,2025-06-15,7.1,6.94,4.3,384,157,10.3,Safe
UNIT 3A,Furnace Waterwall Tube,73,2021,2021-06-15,7.1,7.01,4.3,396,164.6,5.7,Safe
UNIT 3A,Furnace Waterwall Tube,73,2022,2022-06-15,7.1,6.92,4.3,396,164.6,8.93,Safe
UNIT 3A,Furnace Waterwall Tube,73,2023,2023-06-15,7.1,6.9,4.3,396,164.6,12.1,Safe
UNIT 3A,Furnace Waterwall Tube,73,2024,2024-06-15,7.1,6.82,4.3,396,164.6,14.61,Safe
UNIT 3A,Furnace Waterwall Tube,73,2025,2025-06-15,7.1,6.78,4.3,396,164.6,17.44,Safe
UNIT 3A,Furnace Waterwall Tube,74,2021,2021-06-15,7.1,7.05,4.3,379,152,3.2,Safe
UNIT 3A,Furnace Waterwall Tube,74,2022,2022-06-15,7.1,7.01,4.3,379,152,4.53,Safe
UNIT 3A,Furnace Waterwall Tube,74,2023,2023-06-15,7.1,6.99,4.3,379,152,6.1,Safe
UNIT 3A,Furnace Waterwall Tube,74,2024,2024-06-15,7.1,6.96,4.3,379,152,7.53,Safe
UNIT 3A,Furnace Waterwall Tube,74,2025,2025-06-15,7.1,6.91,4.3,379,152,9.15,Safe
UNIT 3A,Furnace Waterwall Tube,75,2021,2021-06-15,7.1,7.03,4.3,393,155.8,3.8,Safe
UNIT 3A,Furnace Waterwall Tube,75,2022,2022-06-15,7.1,7,4.3,393,155.8,5.61,Safe
UNIT 3A,Furnace Waterwall Tube,75,2023,2023-06-15,7.1,6.96,4.3,393,155.8,7.56,Safe
UNIT 3A,Furnace Waterwall Tube,75,2024,2024-06-15,7.1,6.94,4.3,393,155.8,9.44,Safe
UNIT 3A,Furnace Waterwall Tube,75,2025,2025-06-15,7.1,6.9,4.3,393,155.8,11.58,Safe
UNIT 3A,Furnace Waterwall Tube,76,2021,2021-06-15,7.1,6.67,4.3,395,162.4,26.44,Safe
UNIT 3A,Furnace Waterwall Tube,76,2022,2022-06-15,7.1,6.43,4.3,395,162.4,36.25,Safe
UNIT 3A,Furnace Waterwall Tube,76,2023,2023-06-15,7.1,6.27,4.3,395,162.4,45.22,Watch
UNIT 3A,Furnace Waterwall Tube,76,2024,2024-06-15,7.1,6.14,4.3,395,162.4,52.74,Watch
UNIT 3A,Furnace Waterwall Tube,76,2025,2025-06-15,7.1,6.05,4.3,395,162.4,60.86,Watch
UNIT 3A,Furnace Waterwall Tube,77,2021,2021-06-15,7.1,7.09,4.3,398,152.9,0.58,Safe
UNIT 3A,Furnace Waterwall Tube,77,2022,2022-06-15,7.1,7.07,4.3,398,152.9,1.49,Safe
UNIT 3A,Furnace Waterwall Tube,77,2023,2023-06-15,7.1,7.06,4.3,398,152.9,2.41,Safe
UNIT 3A,Furnace Waterwall Tube,77,2024,2024-06-15,7.1,7.04,4.3,398,152.9,3.53,Safe
UNIT 3A,Furnace Waterwall Tube,77,2025,2025-06-15,7.1,7.01,4.3,398,152.9,4.51,Safe
UNIT 3A,Furnace Waterwall Tube,78,2021,2021-06-15,7.1,7,4.3,367,164.8,4.75,Safe
UNIT 3A,Furnace Waterwall Tube,78,2022,2022-06-15,7.1,7,4.3,367,164.8,5.59,Safe
UNIT 3A,Furnace Waterwall Tube,78,2023,2023-06-15,7.1,7,4.3,367,164.8,6.48,Safe
UNIT 3A,Furnace Waterwall Tube,78,2024,2024-06-15,7.1,6.97,4.3,367,164.8,7.49,Safe
UNIT 3A,Furnace Waterwall Tube,78,2025,2025-06-15,7.1,6.97,4.3,367,164.8,8.4,Safe
UNIT 3A,Furnace Waterwall Tube,79,2021,2021-06-15,7.1,6.7,4.3,385,152.2,21.72,Safe
UNIT 3A,Furnace Waterwall Tube,79,2022,2022-06-15,7.1,6.64,4.3,385,152.2,29.2,Safe
UNIT 3A,Furnace Waterwall Tube,79,2023,2023-06-15,7.1,6.52,4.3,385,152.2,36.69,Safe
UNIT 3A,Furnace Waterwall Tube,79,2024,2024-06-15,7.1,6.3,4.3,385,152.2,44.03,Watch
UNIT 3A,Furnace Waterwall Tube,79,2025,2025-06-15,7.1,6.26,4.3,385,152.2,52.64,Watch
UNIT 3A,Furnace Waterwall Tube,80,2021,2021-06-15,7.1,7.05,4.3,399,151.1,2.98,Safe
UNIT 3A,Furnace Waterwall Tube,80,2022,2022-06-15,7.1,7.01,4.3,399,151.1,4.28,Safe
UNIT 3A,Furnace Waterwall Tube,80,2023,2023-06-15,7.1,6.98,4.3,399,151.1,5.79,Safe
UNIT 3A,Furnace Waterwall Tube,80,2024,2024-06-15,7.1,6.99,4.3,399,151.1,7.07,Safe
UNIT 3A,Furnace Waterwall Tube,80,2025,2025-06-15,7.1,6.96,4.3,399,151.1,8.32,Safe
UNIT 3A,Furnace Waterwall Tube,81,2021,2021-06-15,7.1,6.34,4.3,389,152.7,39.25,Safe
UNIT 3A,Furnace Waterwall Tube,81,2022,2022-06-15,7.1,6.12,4.3,389,152.7,48.5,Watch
UNIT 3A,Furnace Waterwall Tube,81,2023,2023-06-15,7.1,6.04,4.3,389,152.7,57.42,Watch
UNIT 3A,Furnace Waterwall Tube,81,2024,2024-06-15,7.1,5.9,4.3,389,152.7,66.17,Watch
UNIT 3A,Furnace Waterwall Tube,81,2025,2025-06-15,7.1,5.88,4.3,389,152.7,74.83,Watch
UNIT 3A,Furnace Waterwall Tube,82,2021,2021-06-15,7.1,6.52,4.3,373,150.6,31.16,Safe
UNIT 3A,Furnace Waterwall Tube,82,2022,2022-06-15,7.1,6.45,4.3,373,150.6,38.45,Safe
UNIT 3A,Furnace Waterwall Tube,82,2023,2023-06-15,7.1,6.38,4.3,373,150.6,45.54,Watch
UNIT 3A,Furnace Waterwall Tube,82,2024,2024-06-15,7.1,6.21,4.3,373,150.6,53.21,Watch
UNIT 3A,Furnace Waterwall Tube,82,2025,2025-06-15,7.1,6.07,4.3,373,150.6,59.73,Watch
UNIT 3A,Furnace Waterwall Tube,83,2021,2021-06-15,7.1,6.99,4.3,388,157.2,5.22,Safe
UNIT 3A,Furnace Waterwall Tube,83,2022,2022-06-15,7.1,6.96,4.3,388,157.2,8.11,Safe
UNIT 3A,Furnace Waterwall Tube,83,2023,2023-06-15,7.1,6.89,4.3,388,157.2,11.11,Safe
UNIT 3A,Furnace Waterwall Tube,83,2024,2024-06-15,7.1,6.86,4.3,388,157.2,13.67,Safe
UNIT 3A,Furnace Waterwall Tube,83,2025,2025-06-15,7.1,6.77,4.3,388,157.2,16.39,Safe
UNIT 3A,Furnace Waterwall Tube,84,2021,2021-06-15,7.1,6.98,4.3,387,152,6.03,Safe
UNIT 3A,Furnace Waterwall Tube,84,2022,2022-06-15,7.1,6.97,4.3,387,152,7.79,Safe
UNIT 3A,Furnace Waterwall Tube,84,2023,2023-06-15,7.1,6.94,4.3,387,152,9.43,Safe
UNIT 3A,Furnace Waterwall Tube,84,2024,2024-06-15,7.1,6.88,4.3,387,152,11.13,Safe
UNIT 3A,Furnace Waterwall Tube,84,2025,2025-06-15,7.1,6.85,4.3,387,152,13.14,Safe
UNIT 3A,Furnace Waterwall Tube,85,2021,2021-06-15,7.1,6.98,4.3,367,164.3,6.8,Safe
UNIT 3A,Furnace Waterwall Tube,85,2022,2022-06-15,7.1,6.9,4.3,367,164.3,9.66,Safe
UNIT 3A,Furnace Waterwall Tube,85,2023,2023-06-15,7.1,6.9,4.3,367,164.3,12.44,Safe
UNIT 3A,Furnace Waterwall Tube,85,2024,2024-06-15,7.1,6.86,4.3,367,164.3,15.13,Safe
UNIT 3A,Furnace Waterwall Tube,85,2025,2025-06-15,7.1,6.79,4.3,367,164.3,17.98,Safe
UNIT 3A,Furnace Waterwall Tube,86,2021,2021-06-15,7.1,7.04,4.3,372,159.7,3.14,Safe
UNIT 3A,Furnace Waterwall Tube,86,2022,2022-06-15,7.1,7.03,4.3,372,159.7,4.22,Safe
UNIT 3A,Furnace Waterwall Tube,86,2023,2023-06-15,7.1,7,4.3,372,159.7,5.39,Safe
UNIT 3A,Furnace Waterwall Tube,86,2024,2024-06-15,7.1,6.99,4.3,372,159.7,6.61,Safe
UNIT 3A,Furnace Waterwall Tube,86,2025,2025-06-15,7.1,6.96,4.3,372,159.7,7.79,Safe
UNIT 3A,Furnace Waterwall Tube,87,2021,2021-06-15,7.1,7.02,4.3,396,158.1,4.32,Safe
UNIT 3A,Furnace Waterwall Tube,87,2022,2022-06-15,7.1,7.01,4.3,396,158.1,5.61,Safe
UNIT 3A,Furnace Waterwall Tube,87,2023,2023-06-15,7.1,6.96,4.3,396,158.1,6.92,Safe
UNIT 3A,Furnace Waterwall Tube,87,2024,2024-06-15,7.1,6.96,4.3,396,158.1,8.55,Safe
UNIT 3A,Furnace Waterwall Tube,87,2025,2025-06-15,7.1,6.93,4.3,396,158.1,9.9,Safe
UNIT 3A,Furnace Waterwall Tube,88,2021,2021-06-15,7.1,6.96,4.3,397,154.4,7.24,Safe
UNIT 3A,Furnace Waterwall Tube,88,2022,2022-06-15,7.1,6.94,4.3,397,154.4,9.59,Safe
UNIT 3A,Furnace Waterwall Tube,88,2023,2023-06-15,7.1,6.91,4.3,397,154.4,12.19,Safe
UNIT 3A,Furnace Waterwall Tube,88,2024,2024-06-15,7.1,6.81,4.3,397,154.4,14.64,Safe
UNIT 3A,Furnace Waterwall Tube,88,2025,2025-06-15,7.1,6.78,4.3,397,154.4,17.24,Safe
UNIT 3A,Furnace Waterwall Tube,89,2021,2021-06-15,7.1,7.03,4.3,373,154,4,Safe
UNIT 3A,Furnace Waterwall Tube,89,2022,2022-06-15,7.1,6.98,4.3,373,154,6.77,Safe
UNIT 3A,Furnace Waterwall Tube,89,2023,2023-06-15,7.1,6.91,4.3,373,154,9.26,Safe
UNIT 3A,Furnace Waterwall Tube,89,2024,2024-06-15,7.1,6.86,4.3,373,154,11.97,Safe
UNIT 3A,Furnace Waterwall Tube,89,2025,2025-06-15,7.1,6.8,4.3,373,154,14.38,Safe
UNIT 3A,Furnace Waterwall Tube,90,2021,2021-06-15,7.1,6.29,4.3,391,162,39.67,Safe
UNIT 3A,Furnace Waterwall Tube,90,2022,2022-06-15,7.1,6.09,4.3,391,162,53.18,Watch
UNIT 3A,Furnace Waterwall Tube,90,2023,2023-06-15,7.1,5.9,4.3,391,162,65.53,Watch
UNIT 3A,Furnace Waterwall Tube,90,2024,2024-06-15,7.1,5.89,4.3,391,162,78.2,Watch
UNIT 3A,Furnace Waterwall Tube,90,2025,2025-06-15,7.1,5.27,4.3,391,162,90.84,Critical
UNIT 3A,Furnace Waterwall Tube,91,2021,2021-06-15,7.1,7.02,4.3,392,155.7,4.23,Safe
UNIT 3A,Furnace Waterwall Tube,91,2022,2022-06-15,7.1,7.01,4.3,392,155.7,5.77,Safe
UNIT 3A,Furnace Waterwall Tube,91,2023,2023-06-15,7.1,6.97,4.3,392,155.7,7.52,Safe
UNIT 3A,Furnace Waterwall Tube,91,2024,2024-06-15,7.1,6.95,4.3,392,155.7,9.14,Safe
UNIT 3A,Furnace Waterwall Tube,91,2025,2025-06-15,7.1,6.91,4.3,392,155.7,10.82,Safe
UNIT 3A,Furnace Waterwall Tube,92,2021,2021-06-15,7.1,6.97,4.3,361,151.1,7.26,Safe
UNIT 3A,Furnace Waterwall Tube,92,2022,2022-06-15,7.1,6.95,4.3,361,151.1,8,Safe
UNIT 3A,Furnace Waterwall Tube,92,2023,2023-06-15,7.1,6.92,4.3,361,151.1,8.76,Safe
UNIT 3A,Furnace Waterwall Tube,92,2024,2024-06-15,7.1,6.92,4.3,361,151.1,9.55,Safe
UNIT 3A,Furnace Waterwall Tube,92,2025,2025-06-15,7.1,6.94,4.3,361,151.1,10.31,Safe
UNIT 3A,Furnace Waterwall Tube,93,2021,2021-06-15,7.1,6.97,4.3,368,164.9,7.7,Safe
UNIT 3A,Furnace Waterwall Tube,93,2022,2022-06-15,7.1,6.92,4.3,368,164.9,9.66,Safe
UNIT 3A,Furnace Waterwall Tube,93,2023,2023-06-15,7.1,6.86,4.3,368,164.9,11.54,Safe
UNIT 3A,Furnace Waterwall Tube,93,2024,2024-06-15,7.1,6.83,4.3,368,164.9,13.43,Safe
UNIT 3A,Furnace Waterwall Tube,93,2025,2025-06-15,7.1,6.85,4.3,368,164.9,15.36,Safe
UNIT 3A,Furnace Waterwall Tube,94,2021,2021-06-15,7.1,7,4.3,388,151.6,6.45,Safe
UNIT 3A,Furnace Waterwall Tube,94,2022,2022-06-15,7.1,6.94,4.3,388,151.6,8.91,Safe
UNIT 3A,Furnace Waterwall Tube,94,2023,2023-06-15,7.1,6.88,4.3,388,151.6,11.38,Safe
UNIT 3A,Furnace Waterwall Tube,94,2024,2024-06-15,7.1,6.81,4.3,388,151.6,14.24,Safe
UNIT 3A,Furnace Waterwall Tube,94,2025,2025-06-15,7.1,6.79,4.3,388,151.6,16.88,Safe
UNIT 3A,Furnace Waterwall Tube,95,2021,2021-06-15,7.1,6.41,4.3,396,153.1,34.8,Safe
UNIT 3A,Furnace Waterwall Tube,95,2022,2022-06-15,7.1,6.19,4.3,396,153.1,48.2,Watch
UNIT 3A,Furnace Waterwall Tube,95,2023,2023-06-15,7.1,5.84,4.3,396,153.1,64.51,Watch
UNIT 3A,Furnace Waterwall Tube,95,2024,2024-06-15,7.1,5.87,4.3,396,153.1,78.29,Watch
UNIT 3A,Furnace Waterwall Tube,95,2025,2025-06-15,7.1,5.56,4.3,396,153.1,93.25,Critical
UNIT 3A,Furnace Waterwall Tube,96,2021,2021-06-15,7.1,6.75,4.3,364,158.5,21.36,Safe
UNIT 3A,Furnace Waterwall Tube,96,2022,2022-06-15,7.1,6.62,4.3,364,158.5,30.1,Safe
UNIT 3A,Furnace Waterwall Tube,96,2023,2023-06-15,7.1,6.34,4.3,364,158.5,39.59,Safe
UNIT 3A,Furnace Waterwall Tube,96,2024,2024-06-15,7.1,6.37,4.3,364,158.5,47.09,Watch
UNIT 3A,Furnace Waterwall Tube,96,2025,2025-06-15,7.1,6.21,4.3,364,158.5,54.98,Watch
UNIT 3A,Furnace Waterwall Tube,97,2021,2021-06-15,7.1,6.4,4.3,396,158.3,41.65,Watch
UNIT 3A,Furnace Waterwall Tube,97,2022,2022-06-15,7.1,6.18,4.3,396,158.3,58.92,Watch
UNIT 3A,Furnace Waterwall Tube,97,2023,2023-06-15,7.1,5.62,4.3,396,158.3,75.08,Watch
UNIT 3A,Furnace Waterwall Tube,97,2024,2024-06-15,7.1,5.66,4.3,396,158.3,88.23,Critical
UNIT 3A,Furnace Waterwall Tube,97,2025,2025-06-15,7.1,5.08,4.3,396,158.3,99.5,Critical
UNIT 3A,Furnace Waterwall Tube,98,2021,2021-06-15,7.1,6.98,4.3,367,157.1,6.62,Safe
UNIT 3A,Furnace Waterwall Tube,98,2022,2022-06-15,7.1,6.94,4.3,367,157.1,9.31,Safe
UNIT 3A,Furnace Waterwall Tube,98,2023,2023-06-15,7.1,6.91,4.3,367,157.1,12.1,Safe
UNIT 3A,Furnace Waterwall Tube,98,2024,2024-06-15,7.1,6.81,4.3,367,157.1,14.4,Safe
UNIT 3A,Furnace Waterwall Tube,98,2025,2025-06-15,7.1,6.83,4.3,367,157.1,16.8,Safe
UNIT 3A,Furnace Waterwall Tube,99,2021,2021-06-15,7.1,6.28,4.3,387,150.5,45.54,Watch
UNIT 3A,Furnace Waterwall Tube,99,2022,2022-06-15,7.1,6.08,4.3,387,150.5,59.99,Watch
UNIT 3A,Furnace Waterwall Tube,99,2023,2023-06-15,7.1,5.58,4.3,387,150.5,74.46,Watch
UNIT 3A,Furnace Waterwall Tube,99,2024,2024-06-15,7.1,5.38,4.3,387,150.5,86.35,Critical
UNIT 3A,Furnace Waterwall Tube,99,2025,2025-06-15,7.1,5.28,4.3,387,150.5,99.5,Critical
UNIT 3A,Furnace Waterwall Tube,100,2021,2021-06-15,7.1,6.99,4.3,362,165,6.06,Safe
UNIT 3A,Furnace Waterwall Tube,100,2022,2022-06-15,7.1,6.92,4.3,362,165,8.83,Safe
UNIT 3A,Furnace Waterwall Tube,100,2023,2023-06-15,7.1,6.93,4.3,362,165,11.16,Safe
UNIT 3A,Furnace Waterwall Tube,100,2024,2024-06-15,7.1,6.82,4.3,362,165,13.63,Safe
UNIT 3A,Furnace Waterwall Tube,100,2025,2025-06-15,7.1,6.79,4.3,362,165,16.02,Safe
UNIT 3A,Furnace Waterwall Tube,101,2021,2021-06-15,7.1,6.42,4.3,392,163.4,41.85,Watch
UNIT 3A,Furnace Waterwall Tube,101,2022,2022-06-15,7.1,6.19,4.3,392,163.4,54.75,Watch
UNIT 3A,Furnace Waterwall Tube,101,2023,2023-06-15,7.1,5.82,4.3,392,163.4,67.94,Watch
UNIT 3A,Furnace Waterwall Tube,101,2024,2024-06-15,7.1,5.87,4.3,392,163.4,77.99,Watch
UNIT 3A,Furnace Waterwall Tube,101,2025,2025-06-15,7.1,5.45,4.3,392,163.4,88.02,Critical
UNIT 3A,Furnace Waterwall Tube,102,2021,2021-06-15,7.1,6.58,4.3,365,158,27.07,Safe
UNIT 3A,Furnace Waterwall Tube,102,2022,2022-06-15,7.1,6.42,4.3,365,158,35.28,Safe
UNIT 3A,Furnace Waterwall Tube,102,2023,2023-06-15,7.1,6.32,4.3,365,158,44.8,Watch
UNIT 3A,Furnace Waterwall Tube,102,2024,2024-06-15,7.1,6.26,4.3,365,158,51.86,Watch
UNIT 3A,Furnace Waterwall Tube,102,2025,2025-06-15,7.1,6.06,4.3,365,158,60.28,Watch
UNIT 3A,Furnace Waterwall Tube,103,2021,2021-06-15,7.1,7,4.3,369,162.3,6.38,Safe
UNIT 3A,Furnace Waterwall Tube,103,2022,2022-06-15,7.1,6.93,4.3,369,162.3,8.4,Safe
UNIT 3A,Furnace Waterwall Tube,103,2023,2023-06-15,7.1,6.89,4.3,369,162.3,10.51,Safe
UNIT 3A,Furnace Waterwall Tube,103,2024,2024-06-15,7.1,6.85,4.3,369,162.3,12.4,Safe
UNIT 3A,Furnace Waterwall Tube,103,2025,2025-06-15,7.1,6.83,4.3,369,162.3,14.37,Safe
UNIT 3A,Furnace Waterwall Tube,104,2021,2021-06-15,7.1,6.3,4.3,370,150.9,40.82,Watch
UNIT 3A,Furnace Waterwall Tube,104,2022,2022-06-15,7.1,6.03,4.3,370,150.9,52.29,Watch
UNIT 3A,Furnace Waterwall Tube,104,2023,2023-06-15,7.1,5.83,4.3,370,150.9,61.46,Watch
UNIT 3A,Furnace Waterwall Tube,104,2024,2024-06-15,7.1,5.83,4.3,370,150.9,70.52,Watch
UNIT 3A,Furnace Waterwall Tube,104,2025,2025-06-15,7.1,5.81,4.3,370,150.9,81.99,Critical
UNIT 3A,Furnace Waterwall Tube,105,2021,2021-06-15,7.1,6.45,4.3,383,151.9,40.18,Watch
UNIT 3A,Furnace Waterwall Tube,105,2022,2022-06-15,7.1,6.27,4.3,383,151.9,49.54,Watch
UNIT 3A,Furnace Waterwall Tube,105,2023,2023-06-15,7.1,5.87,4.3,383,151.9,59.35,Watch
UNIT 3A,Furnace Waterwall Tube,105,2024,2024-06-15,7.1,5.69,4.3,383,151.9,69.26,Watch
UNIT 3A,Furnace Waterwall Tube,105,2025,2025-06-15,7.1,5.53,4.3,383,151.9,78.49,Watch
UNIT 3A,Furnace Waterwall Tube,106,2021,2021-06-15,7.1,6.23,4.3,393,150.8,42.5,Watch
UNIT 3A,Furnace Waterwall Tube,106,2022,2022-06-15,7.1,6.01,4.3,393,150.8,52.52,Watch
UNIT 3A,Furnace Waterwall Tube,106,2023,2023-06-15,7.1,5.99,4.3,393,150.8,61.47,Watch
UNIT 3A,Furnace Waterwall Tube,106,2024,2024-06-15,7.1,5.9,4.3,393,150.8,71.63,Watch
UNIT 3A,Furnace Waterwall Tube,106,2025,2025-06-15,7.1,5.55,4.3,393,150.8,81.23,Critical
UNIT 3A,Furnace Waterwall Tube,107,2021,2021-06-15,7.1,7.03,4.3,392,152.2,3.8,Safe
UNIT 3A,Furnace Waterwall Tube,107,2022,2022-06-15,7.1,7.02,4.3,392,152.2,4.79,Safe
UNIT 3A,Furnace Waterwall Tube,107,2023,2023-06-15,7.1,7,4.3,392,152.2,5.86,Safe
UNIT 3A,Furnace Waterwall Tube,107,2024,2024-06-15,7.1,6.99,4.3,392,152.2,6.95,Safe
UNIT 3A,Furnace Waterwall Tube,107,2025,2025-06-15,7.1,6.97,4.3,392,152.2,8.08,Safe
UNIT 3A,Furnace Waterwall Tube,108,2021,2021-06-15,7.1,6.67,4.3,384,153.4,23.84,Safe
UNIT 3A,Furnace Waterwall Tube,108,2022,2022-06-15,7.1,6.42,4.3,384,153.4,33.31,Safe
UNIT 3A,Furnace Waterwall Tube,108,2023,2023-06-15,7.1,6.43,4.3,384,153.4,41.39,Watch
UNIT 3A,Furnace Waterwall Tube,108,2024,2024-06-15,7.1,6.16,4.3,384,153.4,50.55,Watch
UNIT 3A,Furnace Waterwall Tube,108,2025,2025-06-15,7.1,5.95,4.3,384,153.4,58.36,Watch
UNIT 3A,Furnace Waterwall Tube,109,2021,2021-06-15,7.1,7.04,4.3,385,161.3,3.51,Safe
UNIT 3A,Furnace Waterwall Tube,109,2022,2022-06-15,7.1,7,4.3,385,161.3,5.24,Safe
UNIT 3A,Furnace Waterwall Tube,109,2023,2023-06-15,7.1,6.99,4.3,385,161.3,6.94,Safe
UNIT 3A,Furnace Waterwall Tube,109,2024,2024-06-15,7.1,6.95,4.3,385,161.3,8.43,Safe
UNIT 3A,Furnace Waterwall Tube,109,2025,2025-06-15,7.1,6.89,4.3,385,161.3,10.06,Safe
UNIT 3A,Furnace Waterwall Tube,110,2021,2021-06-15,7.1,7.04,4.3,367,150.8,2.97,Safe
UNIT 3A,Furnace Waterwall Tube,110,2022,2022-06-15,7.1,7.03,4.3,367,150.8,4.01,Safe
UNIT 3A,Furnace Waterwall Tube,110,2023,2023-06-15,7.1,7,4.3,367,150.8,5.26,Safe
UNIT 3A,Furnace Waterwall Tube,110,2024,2024-06-15,7.1,7,4.3,367,150.8,6.25,Safe
UNIT 3A,Furnace Waterwall Tube,110,2025,2025-06-15,7.1,6.97,4.3,367,150.8,7.42,Safe
UNIT 3A,Furnace Waterwall Tube,111,2021,2021-06-15,7.1,6.51,4.3,374,155.7,35.65,Safe
UNIT 3A,Furnace Waterwall Tube,111,2022,2022-06-15,7.1,6.31,4.3,374,155.7,47.51,Watch
UNIT 3A,Furnace Waterwall Tube,111,2023,2023-06-15,7.1,6.09,4.3,374,155.7,58.93,Watch
UNIT 3A,Furnace Waterwall Tube,111,2024,2024-06-15,7.1,5.62,4.3,374,155.7,73.82,Watch
UNIT 3A,Furnace Waterwall Tube,111,2025,2025-06-15,7.1,5.49,4.3,374,155.7,86.61,Critical
UNIT 3A,Furnace Waterwall Tube,112,2021,2021-06-15,7.1,7.06,4.3,384,154.5,2.37,Safe
UNIT 3A,Furnace Waterwall Tube,112,2022,2022-06-15,7.1,7.03,4.3,384,154.5,3.62,Safe
UNIT 3A,Furnace Waterwall Tube,112,2023,2023-06-15,7.1,7.02,4.3,384,154.5,5.1,Safe
UNIT 3A,Furnace Waterwall Tube,112,2024,2024-06-15,7.1,6.99,4.3,384,154.5,6.4,Safe
UNIT 3A,Furnace Waterwall Tube,112,2025,2025-06-15,7.1,6.96,4.3,384,154.5,7.72,Safe
UNIT 3A,Furnace Waterwall Tube,113,2021,2021-06-15,7.1,6.23,4.3,384,159.9,47.58,Watch
UNIT 3A,Furnace Waterwall Tube,113,2022,2022-06-15,7.1,6.1,4.3,384,159.9,61.73,Watch
UNIT 3A,Furnace Waterwall Tube,113,2023,2023-06-15,7.1,5.89,4.3,384,159.9,77.01,Watch
UNIT 3A,Furnace Waterwall Tube,113,2024,2024-06-15,7.1,5.44,4.3,384,159.9,93.35,Critical
UNIT 3A,Furnace Waterwall Tube,113,2025,2025-06-15,7.1,5.39,4.3,384,159.9,99.5,Critical
UNIT 3A,Furnace Waterwall Tube,114,2021,2021-06-15,7.1,6.64,4.3,386,159.9,21.99,Safe
UNIT 3A,Furnace Waterwall Tube,114,2022,2022-06-15,7.1,6.52,4.3,386,159.9,28.53,Safe
UNIT 3A,Furnace Waterwall Tube,114,2023,2023-06-15,7.1,6.43,4.3,386,159.9,35.16,Safe
UNIT 3A,Furnace Waterwall Tube,114,2024,2024-06-15,7.1,6.35,4.3,386,159.9,41.29,Watch
UNIT 3A,Furnace Waterwall Tube,114,2025,2025-06-15,7.1,6.2,4.3,386,159.9,48.72,Watch
UNIT 3A,Furnace Waterwall Tube,115,2021,2021-06-15,7.1,6.16,4.3,378,159.5,47.52,Watch
UNIT 3A,Furnace Waterwall Tube,115,2022,2022-06-15,7.1,5.86,4.3,378,159.5,61.17,Watch
UNIT 3A,Furnace Waterwall Tube,115,2023,2023-06-15,7.1,5.62,4.3,378,159.5,75,Watch
UNIT 3A,Furnace Waterwall Tube,115,2024,2024-06-15,7.1,5.6,4.3,378,159.5,88.07,Critical
UNIT 3A,Furnace Waterwall Tube,115,2025,2025-06-15,7.1,5.28,4.3,378,159.5,99.5,Critical
UNIT 3A,Furnace Waterwall Tube,116,2021,2021-06-15,7.1,7.06,4.3,378,155.4,2.17,Safe
UNIT 3A,Furnace Waterwall Tube,116,2022,2022-06-15,7.1,7.04,4.3,378,155.4,3.21,Safe
UNIT 3A,Furnace Waterwall Tube,116,2023,2023-06-15,7.1,7.03,4.3,378,155.4,4.33,Safe
UNIT 3A,Furnace Waterwall Tube,116,2024,2024-06-15,7.1,7,4.3,378,155.4,5.35,Safe
UNIT 3A,Furnace Waterwall Tube,116,2025,2025-06-15,7.1,7,4.3,378,155.4,6.37,Safe
UNIT 3A,Furnace Waterwall Tube,117,2021,2021-06-15,7.1,6.57,4.3,365,158.8,29.08,Safe
UNIT 3A,Furnace Waterwall Tube,117,2022,2022-06-15,7.1,6.5,4.3,365,158.8,37.15,Safe
UNIT 3A,Furnace Waterwall Tube,117,2023,2023-06-15,7.1,6.36,4.3,365,158.8,43.56,Watch
UNIT 3A,Furnace Waterwall Tube,117,2024,2024-06-15,7.1,6.24,4.3,365,158.8,50.66,Watch
UNIT 3A,Furnace Waterwall Tube,117,2025,2025-06-15,7.1,6.12,4.3,365,158.8,58.48,Watch
UNIT 3A,Furnace Waterwall Tube,118,2021,2021-06-15,7.1,6.23,4.3,373,162.8,44.37,Watch
UNIT 3A,Furnace Waterwall Tube,118,2022,2022-06-15,7.1,6,4.3,373,162.8,56.48,Watch
UNIT 3A,Furnace Waterwall Tube,118,2023,2023-06-15,7.1,5.95,4.3,373,162.8,69.02,Watch
UNIT 3A,Furnace Waterwall Tube,118,2024,2024-06-15,7.1,5.5,4.3,373,162.8,81.1,Critical
UNIT 3A,Furnace Waterwall Tube,118,2025,2025-06-15,7.1,5.34,4.3,373,162.8,92.34,Critical
UNIT 3A,Furnace Waterwall Tube,119,2021,2021-06-15,7.1,7.01,4.3,377,152.1,5.33,Safe
UNIT 3A,Furnace Waterwall Tube,119,2022,2022-06-15,7.1,7,4.3,377,152.1,6.19,Safe
UNIT 3A,Furnace Waterwall Tube,119,2023,2023-06-15,7.1,6.97,4.3,377,152.1,7.34,Safe
UNIT 3A,Furnace Waterwall Tube,119,2024,2024-06-15,7.1,6.96,4.3,377,152.1,8.29,Safe
UNIT 3A,Furnace Waterwall Tube,119,2025,2025-06-15,7.1,6.94,4.3,377,152.1,9.43,Safe
UNIT 3A,Furnace Waterwall Tube,120,2021,2021-06-15,7.1,6.56,4.3,395,150,28.2,Safe
UNIT 3A,Furnace Waterwall Tube,120,2022,2022-06-15,7.1,6.43,4.3,395,150,34.47,Safe
UNIT 3A,Furnace Waterwall Tube,120,2023,2023-06-15,7.1,6.29,4.3,395,150,41.8,Watch
UNIT 3A,Furnace Waterwall Tube,120,2024,2024-06-15,7.1,6.18,4.3,395,150,47.62,Watch
UNIT 3A,Furnace Waterwall Tube,120,2025,2025-06-15,7.1,6.17,4.3,395,150,55.4,Watch
UNIT 3A,Furnace Waterwall Tube,121,2021,2021-06-15,7.1,7,4.3,400,150.6,5.28,Safe
UNIT 3A,Furnace Waterwall Tube,121,2022,2022-06-15,7.1,6.99,4.3,400,150.6,6.46,Safe
UNIT 3A,Furnace Waterwall Tube,121,2023,2023-06-15,7.1,6.97,4.3,400,150.6,7.75,Safe
UNIT 3A,Furnace Waterwall Tube,121,2024,2024-06-15,7.1,6.92,4.3,400,150.6,8.85,Safe
UNIT 3A,Furnace Waterwall Tube,121,2025,2025-06-15,7.1,6.9,4.3,400,150.6,9.9,Safe
UNIT 3A,Furnace Waterwall Tube,122,2021,2021-06-15,7.1,6.44,4.3,390,160.2,33.21,Safe
UNIT 3A,Furnace Waterwall Tube,122,2022,2022-06-15,7.1,6.12,4.3,390,160.2,46.93,Watch
UNIT 3A,Furnace Waterwall Tube,122,2023,2023-06-15,7.1,5.92,4.3,390,160.2,60,Watch
UNIT 3A,Furnace Waterwall Tube,122,2024,2024-06-15,7.1,5.61,4.3,390,160.2,72.45,Watch
UNIT 3A,Furnace Waterwall Tube,122,2025,2025-06-15,7.1,5.36,4.3,390,160.2,85.41,Critical
UNIT 3A,Furnace Waterwall Tube,123,2021,2021-06-15,7.1,6.19,4.3,361,153.2,43.68,Watch
UNIT 3A,Furnace Waterwall Tube,123,2022,2022-06-15,7.1,6.18,4.3,361,153.2,55.91,Watch
UNIT 3A,Furnace Waterwall Tube,123,2023,2023-06-15,7.1,5.91,4.3,361,153.2,67.76,Watch
UNIT 3A,Furnace Waterwall Tube,123,2024,2024-06-15,7.1,5.44,4.3,361,153.2,80.69,Critical
UNIT 3A,Furnace Waterwall Tube,123,2025,2025-06-15,7.1,5.29,4.3,361,153.2,94.99,Critical
UNIT 3A,Furnace Waterwall Tube,124,2021,2021-06-15,7.1,6.63,4.3,368,151.6,22.61,Safe
UNIT 3A,Furnace Waterwall Tube,124,2022,2022-06-15,7.1,6.52,4.3,368,151.6,33.63,Safe
UNIT 3A,Furnace Waterwall Tube,124,2023,2023-06-15,7.1,6.31,4.3,368,151.6,44.08,Watch
UNIT 3A,Furnace Waterwall Tube,124,2024,2024-06-15,7.1,6.19,4.3,368,151.6,53.48,Watch
UNIT 3A,Furnace Waterwall Tube,124,2025,2025-06-15,7.1,5.95,4.3,368,151.6,62.32,Watch
UNIT 3A,Furnace Waterwall Tube,125,2021,2021-06-15,7.1,6.98,4.3,390,163.5,7.51,Safe
UNIT 3A,Furnace Waterwall Tube,125,2022,2022-06-15,7.1,6.92,4.3,390,163.5,8.83,Safe
UNIT 3A,Furnace Waterwall Tube,125,2023,2023-06-15,7.1,6.93,4.3,390,163.5,10.04,Safe
UNIT 3A,Furnace Waterwall Tube,125,2024,2024-06-15,7.1,6.91,4.3,390,163.5,11.22,Safe
UNIT 3A,Furnace Waterwall Tube,125,2025,2025-06-15,7.1,6.89,4.3,390,163.5,12.48,Safe
UNIT 3A,Furnace Waterwall Tube,126,2021,2021-06-15,7.1,7.06,4.3,386,160.3,2.72,Safe
UNIT 3A,Furnace Waterwall Tube,126,2022,2022-06-15,7.1,7.04,4.3,386,160.3,3.56,Safe
UNIT 3A,Furnace Waterwall Tube,126,2023,2023-06-15,7.1,7.02,4.3,386,160.3,4.34,Safe
UNIT 3A,Furnace Waterwall Tube,126,2024,2024-06-15,7.1,7.01,4.3,386,160.3,5.13,Safe
UNIT 3A,Furnace Waterwall Tube,126,2025,2025-06-15,7.1,6.97,4.3,386,160.3,6.18,Safe
UNIT 3A,Furnace Waterwall Tube,127,2021,2021-06-15,7.1,6.47,4.3,368,162,39.42,Safe
UNIT 3A,Furnace Waterwall Tube,127,2022,2022-06-15,7.1,6.23,4.3,368,162,49.33,Watch
UNIT 3A,Furnace Waterwall Tube,127,2023,2023-06-15,7.1,5.84,4.3,368,162,61.74,Watch
UNIT 3A,Furnace Waterwall Tube,127,2024,2024-06-15,7.1,5.77,4.3,368,162,71.6,Watch
UNIT 3A,Furnace Waterwall Tube,127,2025,2025-06-15,7.1,5.53,4.3,368,162,81.61,Critical
UNIT 3A,Furnace Waterwall Tube,128,2021,2021-06-15,7.1,7.01,4.3,394,156.1,4.63,Safe
UNIT 3A,Furnace Waterwall Tube,128,2022,2022-06-15,7.1,6.99,4.3,394,156.1,5.57,Safe
UNIT 3A,Furnace Waterwall Tube,128,2023,2023-06-15,7.1,6.99,4.3,394,156.1,6.49,Safe
UNIT 3A,Furnace Waterwall Tube,128,2024,2024-06-15,7.1,6.98,4.3,394,156.1,7.41,Safe
UNIT 3A,Furnace Waterwall Tube,128,2025,2025-06-15,7.1,6.94,4.3,394,156.1,8.33,Safe
UNIT 3A,Furnace Waterwall Tube,129,2021,2021-06-15,7.1,6.39,4.3,388,163.1,34.12,Safe
UNIT 3A,Furnace Waterwall Tube,129,2022,2022-06-15,7.1,6.26,4.3,388,163.1,42.57,Watch
UNIT 3A,Furnace Waterwall Tube,129,2023,2023-06-15,7.1,5.99,4.3,388,163.1,53.04,Watch
UNIT 3A,Furnace Waterwall Tube,129,2024,2024-06-15,7.1,6.04,4.3,388,163.1,62.38,Watch
UNIT 3A,Furnace Waterwall Tube,129,2025,2025-06-15,7.1,5.65,4.3,388,163.1,72.02,Watch
UNIT 3A,Furnace Waterwall Tube,130,2021,2021-06-15,7.1,7,4.3,363,162.8,5.82,Safe
UNIT 3A,Furnace Waterwall Tube,130,2022,2022-06-15,7.1,6.97,4.3,363,162.8,7.22,Safe
UNIT 3A,Furnace Waterwall Tube,130,2023,2023-06-15,7.1,6.94,4.3,363,162.8,8.55,Safe
UNIT 3A,Furnace Waterwall Tube,130,2024,2024-06-15,7.1,6.89,4.3,363,162.8,10,Safe
UNIT 3A,Furnace Waterwall Tube,130,2025,2025-06-15,7.1,6.9,4.3,363,162.8,11.32,Safe
UNIT 3A,Furnace Waterwall Tube,131,2021,2021-06-15,7.1,6.74,4.3,380,152.5,21.04,Safe
UNIT 3A,Furnace Waterwall Tube,131,2022,2022-06-15,7.1,6.61,4.3,380,152.5,29.4,Safe
UNIT 3A,Furnace Waterwall Tube,131,2023,2023-06-15,7.1,6.34,4.3,380,152.5,37.35,Safe
UNIT 3A,Furnace Waterwall Tube,131,2024,2024-06-15,7.1,6.36,4.3,380,152.5,45.19,Watch
UNIT 3A,Furnace Waterwall Tube,131,2025,2025-06-15,7.1,6.12,4.3,380,152.5,52.52,Watch
UNIT 3A,Furnace Waterwall Tube,132,2021,2021-06-15,7.1,6.6,4.3,377,154,26.52,Safe
UNIT 3A,Furnace Waterwall Tube,132,2022,2022-06-15,7.1,6.52,4.3,377,154,33.74,Safe
UNIT 3A,Furnace Waterwall Tube,132,2023,2023-06-15,7.1,6.38,4.3,377,154,42.78,Watch
UNIT 3A,Furnace Waterwall Tube,132,2024,2024-06-15,7.1,6.19,4.3,377,154,51.33,Watch
UNIT 3A,Furnace Waterwall Tube,132,2025,2025-06-15,7.1,5.89,4.3,377,154,59.16,Watch
UNIT 3A,Furnace Waterwall Tube,133,2021,2021-06-15,7.1,6.63,4.3,390,150.7,28.95,Safe
UNIT 3A,Furnace Waterwall Tube,133,2022,2022-06-15,7.1,6.45,4.3,390,150.7,39.51,Safe
UNIT 3A,Furnace Waterwall Tube,133,2023,2023-06-15,7.1,6.14,4.3,390,150.7,48.81,Watch
UNIT 3A,Furnace Waterwall Tube,133,2024,2024-06-15,7.1,6.18,4.3,390,150.7,58.3,Watch
UNIT 3A,Furnace Waterwall Tube,133,2025,2025-06-15,7.1,5.9,4.3,390,150.7,67.03,Watch
UNIT 3A,Furnace Waterwall Tube,134,2021,2021-06-15,7.1,7.07,4.3,387,157.9,1.57,Safe
UNIT 3A,Furnace Waterwall Tube,134,2022,2022-06-15,7.1,7.05,4.3,387,157.9,2.61,Safe
UNIT 3A,Furnace Waterwall Tube,134,2023,2023-06-15,7.1,7.03,4.3,387,157.9,3.67,Safe
UNIT 3A,Furnace Waterwall Tube,134,2024,2024-06-15,7.1,7.02,4.3,387,157.9,4.87,Safe
UNIT 3A,Furnace Waterwall Tube,134,2025,2025-06-15,7.1,6.99,4.3,387,157.9,6.05,Safe
UNIT 3A,Furnace Waterwall Tube,135,2021,2021-06-15,7.1,7.03,4.3,387,159.9,3.51,Safe
UNIT 3A,Furnace Waterwall Tube,135,2022,2022-06-15,7.1,7,4.3,387,159.9,5.26,Safe
UNIT 3A,Furnace Waterwall Tube,135,2023,2023-06-15,7.1,6.97,4.3,387,159.9,7.26,Safe
UNIT 3A,Furnace Waterwall Tube,135,2024,2024-06-15,7.1,6.94,4.3,387,159.9,8.89,Safe
UNIT 3A,Furnace Waterwall Tube,135,2025,2025-06-15,7.1,6.93,4.3,387,159.9,10.52,Safe
UNIT 3A,Furnace Waterwall Tube,136,2021,2021-06-15,7.1,6.52,4.3,371,154.6,27.87,Safe
UNIT 3A,Furnace Waterwall Tube,136,2022,2022-06-15,7.1,6.42,4.3,371,154.6,36.42,Safe
UNIT 3A,Furnace Waterwall Tube,136,2023,2023-06-15,7.1,6.19,4.3,371,154.6,45.09,Watch
UNIT 3A,Furnace Waterwall Tube,136,2024,2024-06-15,7.1,6.08,4.3,371,154.6,52.28,Watch
UNIT 3A,Furnace Waterwall Tube,136,2025,2025-06-15,7.1,5.96,4.3,371,154.6,59.05,Watch
UNIT 3A,Furnace Waterwall Tube,137,2021,2021-06-15,7.1,6.58,4.3,380,152.7,31.46,Safe
UNIT 3A,Furnace Waterwall Tube,137,2022,2022-06-15,7.1,6.32,4.3,380,152.7,39.01,Safe
UNIT 3A,Furnace Waterwall Tube,137,2023,2023-06-15,7.1,6.26,4.3,380,152.7,47.2,Watch
UNIT 3A,Furnace Waterwall Tube,137,2024,2024-06-15,7.1,6.25,4.3,380,152.7,54.13,Watch
UNIT 3A,Furnace Waterwall Tube,137,2025,2025-06-15,7.1,5.87,4.3,380,152.7,61.64,Watch
UNIT 3A,Furnace Waterwall Tube,138,2021,2021-06-15,7.1,6.64,4.3,372,158.7,25.23,Safe
UNIT 3A,Furnace Waterwall Tube,138,2022,2022-06-15,7.1,6.47,4.3,372,158.7,34.6,Safe
UNIT 3A,Furnace Waterwall Tube,138,2023,2023-06-15,7.1,6.31,4.3,372,158.7,44.65,Watch
UNIT 3A,Furnace Waterwall Tube,138,2024,2024-06-15,7.1,6.23,4.3,372,158.7,52.24,Watch
UNIT 3A,Furnace Waterwall Tube,138,2025,2025-06-15,7.1,5.97,4.3,372,158.7,61.12,Watch
UNIT 3A,Furnace Waterwall Tube,139,2021,2021-06-15,7.1,7.01,4.3,375,156.2,5.32,Safe
UNIT 3A,Furnace Waterwall Tube,139,2022,2022-06-15,7.1,6.98,4.3,375,156.2,6.59,Safe
UNIT 3A,Furnace Waterwall Tube,139,2023,2023-06-15,7.1,6.93,4.3,375,156.2,8.11,Safe
UNIT 3A,Furnace Waterwall Tube,139,2024,2024-06-15,7.1,6.94,4.3,375,156.2,9.56,Safe
UNIT 3A,Furnace Waterwall Tube,139,2025,2025-06-15,7.1,6.88,4.3,375,156.2,11.04,Safe
UNIT 3A,Furnace Waterwall Tube,140,2021,2021-06-15,7.1,7.1,4.3,388,151.8,0.09,Safe
UNIT 3A,Furnace Waterwall Tube,140,2022,2022-06-15,7.1,7.08,4.3,388,151.8,1.16,Safe
UNIT 3A,Furnace Waterwall Tube,140,2023,2023-06-15,7.1,7.06,4.3,388,151.8,2.05,Safe
UNIT 3A,Furnace Waterwall Tube,140,2024,2024-06-15,7.1,7.05,4.3,388,151.8,2.99,Safe
UNIT 3A,Furnace Waterwall Tube,140,2025,2025-06-15,7.1,7.03,4.3,388,151.8,3.84,Safe
UNIT 3A,Furnace Waterwall Tube,141,2021,2021-06-15,7.1,6.53,4.3,375,162.1,35.23,Safe
UNIT 3A,Furnace Waterwall Tube,141,2022,2022-06-15,7.1,6.11,4.3,375,162.1,47.87,Watch
UNIT 3A,Furnace Waterwall Tube,141,2023,2023-06-15,7.1,5.92,4.3,375,162.1,62.13,Watch
UNIT 3A,Furnace Waterwall Tube,141,2024,2024-06-15,7.1,5.84,4.3,375,162.1,74.5,Watch
UNIT 3A,Furnace Waterwall Tube,141,2025,2025-06-15,7.1,5.29,4.3,375,162.1,88.95,Critical
UNIT 3A,Furnace Waterwall Tube,142,2021,2021-06-15,7.1,7.08,4.3,389,154.4,0.92,Safe
UNIT 3A,Furnace Waterwall Tube,142,2022,2022-06-15,7.1,7.04,4.3,389,154.4,3.14,Safe
UNIT 3A,Furnace Waterwall Tube,142,2023,2023-06-15,7.1,7.01,4.3,389,154.4,5.35,Safe
UNIT 3A,Furnace Waterwall Tube,142,2024,2024-06-15,7.1,6.96,4.3,389,154.4,7.74,Safe
UNIT 3A,Furnace Waterwall Tube,142,2025,2025-06-15,7.1,6.91,4.3,389,154.4,10.01,Safe
UNIT 3A,Furnace Waterwall Tube,143,2021,2021-06-15,7.1,6.38,4.3,396,152.2,38.2,Safe
UNIT 3A,Furnace Waterwall Tube,143,2022,2022-06-15,7.1,6.19,4.3,396,152.2,52.39,Watch
UNIT 3A,Furnace Waterwall Tube,143,2023,2023-06-15,7.1,5.74,4.3,396,152.2,67.64,Watch
UNIT 3A,Furnace Waterwall Tube,143,2024,2024-06-15,7.1,5.56,4.3,396,152.2,79.78,Watch
UNIT 3A,Furnace Waterwall Tube,143,2025,2025-06-15,7.1,5.14,4.3,396,152.2,93.11,Critical
UNIT 3A,Furnace Waterwall Tube,144,2021,2021-06-15,7.1,6.35,4.3,374,154,39.07,Safe
UNIT 3A,Furnace Waterwall Tube,144,2022,2022-06-15,7.1,6.27,4.3,374,154,49.97,Watch
UNIT 3A,Furnace Waterwall Tube,144,2023,2023-06-15,7.1,5.86,4.3,374,154,60.96,Watch
UNIT 3A,Furnace Waterwall Tube,144,2024,2024-06-15,7.1,5.77,4.3,374,154,72.88,Watch
UNIT 3A,Furnace Waterwall Tube,144,2025,2025-06-15,7.1,5.74,4.3,374,154,83.15,Critical
UNIT 3A,Furnace Waterwall Tube,145,2021,2021-06-15,7.1,6.98,4.3,381,160.2,7.04,Safe
UNIT 3A,Furnace Waterwall Tube,145,2022,2022-06-15,7.1,6.94,4.3,381,160.2,8.86,Safe
UNIT 3A,Furnace Waterwall Tube,145,2023,2023-06-15,7.1,6.88,4.3,381,160.2,10.85,Safe
UNIT 3A,Furnace Waterwall Tube,145,2024,2024-06-15,7.1,6.84,4.3,381,160.2,12.8,Safe
UNIT 3A,Furnace Waterwall Tube,145,2025,2025-06-15,7.1,6.81,4.3,381,160.2,15.01,Safe
UNIT 3A,Furnace Waterwall Tube,146,2021,2021-06-15,7.1,6.65,4.3,364,154.1,21.93,Safe
UNIT 3A,Furnace Waterwall Tube,146,2022,2022-06-15,7.1,6.58,4.3,364,154.1,29.93,Safe
UNIT 3A,Furnace Waterwall Tube,146,2023,2023-06-15,7.1,6.42,4.3,364,154.1,37.3,Safe
UNIT 3A,Furnace Waterwall Tube,146,2024,2024-06-15,7.1,6.32,4.3,364,154.1,45.88,Watch
UNIT 3A,Furnace Waterwall Tube,146,2025,2025-06-15,7.1,6.07,4.3,364,154.1,54.56,Watch
UNIT 3A,Furnace Waterwall Tube,147,2021,2021-06-15,7.1,6.69,4.3,392,160.9,21.84,Safe
UNIT 3A,Furnace Waterwall Tube,147,2022,2022-06-15,7.1,6.49,4.3,392,160.9,30.02,Safe
UNIT 3A,Furnace Waterwall Tube,147,2023,2023-06-15,7.1,6.39,4.3,392,160.9,37.84,Safe
UNIT 3A,Furnace Waterwall Tube,147,2024,2024-06-15,7.1,6.21,4.3,392,160.9,48.17,Watch
UNIT 3A,Furnace Waterwall Tube,147,2025,2025-06-15,7.1,6.01,4.3,392,160.9,58.01,Watch
UNIT 3A,Furnace Waterwall Tube,148,2021,2021-06-15,7.1,7.07,4.3,374,161.1,1.82,Safe
UNIT 3A,Furnace Waterwall Tube,148,2022,2022-06-15,7.1,7.03,4.3,374,161.1,4.48,Safe
UNIT 3A,Furnace Waterwall Tube,148,2023,2023-06-15,7.1,6.97,4.3,374,161.1,6.61,Safe
UNIT 3A,Furnace Waterwall Tube,148,2024,2024-06-15,7.1,6.95,4.3,374,161.1,8.76,Safe
UNIT 3A,Furnace Waterwall Tube,148,2025,2025-06-15,7.1,6.92,4.3,374,161.1,11.23,Safe
UNIT 3A,Furnace Waterwall Tube,149,2021,2021-06-15,7.1,6.47,4.3,368,150.1,35.9,Safe
UNIT 3A,Furnace Waterwall Tube,149,2022,2022-06-15,7.1,6.36,4.3,368,150.1,47.63,Watch
UNIT 3A,Furnace Waterwall Tube,149,2023,2023-06-15,7.1,5.96,4.3,368,150.1,60.48,Watch
UNIT 3A,Furnace Waterwall Tube,149,2024,2024-06-15,7.1,5.88,4.3,368,150.1,71.29,Watch
UNIT 3A,Furnace Waterwall Tube,149,2025,2025-06-15,7.1,5.51,4.3,368,150.1,85.08,Critical
UNIT 3A,Furnace Waterwall Tube,150,2021,2021-06-15,7.1,6.97,4.3,369,163.7,6.5,Safe
UNIT 3A,Furnace Waterwall Tube,150,2022,2022-06-15,7.1,6.97,4.3,369,163.7,7.65,Safe
UNIT 3A,Furnace Waterwall Tube,150,2023,2023-06-15,7.1,6.95,4.3,369,163.7,8.78,Safe
UNIT 3A,Furnace Waterwall Tube,150,2024,2024-06-15,7.1,6.91,4.3,369,163.7,9.97,Safe
UNIT 3A,Furnace Waterwall Tube,150,2025,2025-06-15,7.1,6.87,4.3,369,163.7,11.12,Safe
UNIT 3A,Furnace Waterwall Tube,151,2021,2021-06-15,7.1,6.24,4.3,370,155.3,45.68,Watch
UNIT 3A,Furnace Waterwall Tube,151,2022,2022-06-15,7.1,6.22,4.3,370,155.3,53.98,Watch
UNIT 3A,Furnace Waterwall Tube,151,2023,2023-06-15,7.1,6.01,4.3,370,155.3,62.95,Watch
UNIT 3A,Furnace Waterwall Tube,151,2024,2024-06-15,7.1,5.9,4.3,370,155.3,72.31,Watch
UNIT 3A,Furnace Waterwall Tube,151,2025,2025-06-15,7.1,5.49,4.3,370,155.3,81.8,Critical
UNIT 3A,Furnace Waterwall Tube,152,2021,2021-06-15,7.1,6.36,4.3,388,161.6,39.03,Safe
UNIT 3A,Furnace Waterwall Tube,152,2022,2022-06-15,7.1,6.24,4.3,388,161.6,48.9,Watch
UNIT 3A,Furnace Waterwall Tube,152,2023,2023-06-15,7.1,6.04,4.3,388,161.6,57.47,Watch
UNIT 3A,Furnace Waterwall Tube,152,2024,2024-06-15,7.1,5.82,4.3,388,161.6,65.95,Watch
UNIT 3A,Furnace Waterwall Tube,152,2025,2025-06-15,7.1,5.83,4.3,388,161.6,74.41,Watch
UNIT 3A,Furnace Waterwall Tube,153,2021,2021-06-15,7.1,7.03,4.3,384,162.6,3.5,Safe
UNIT 3A,Furnace Waterwall Tube,153,2022,2022-06-15,7.1,6.99,4.3,384,162.6,5.7,Safe
UNIT 3A,Furnace Waterwall Tube,153,2023,2023-06-15,7.1,6.96,4.3,384,162.6,7.9,Safe
UNIT 3A,Furnace Waterwall Tube,153,2024,2024-06-15,7.1,6.91,4.3,384,162.6,9.9,Safe
UNIT 3A,Furnace Waterwall Tube,153,2025,2025-06-15,7.1,6.92,4.3,384,162.6,11.72,Safe
UNIT 3A,Furnace Waterwall Tube,154,2021,2021-06-15,7.1,6.54,4.3,397,153,27.38,Safe
UNIT 3A,Furnace Waterwall Tube,154,2022,2022-06-15,7.1,6.38,4.3,397,153,35.18,Safe
UNIT 3A,Furnace Waterwall Tube,154,2023,2023-06-15,7.1,6.36,4.3,397,153,44.46,Watch
UNIT 3A,Furnace Waterwall Tube,154,2024,2024-06-15,7.1,6.2,4.3,397,153,52.16,Watch
UNIT 3A,Furnace Waterwall Tube,154,2025,2025-06-15,7.1,6.09,4.3,397,153,60.49,Watch
UNIT 3A,Furnace Waterwall Tube,155,2021,2021-06-15,7.1,6.71,4.3,386,153.4,21.91,Safe
UNIT 3A,Furnace Waterwall Tube,155,2022,2022-06-15,7.1,6.59,4.3,386,153.4,31.9,Safe
UNIT 3A,Furnace Waterwall Tube,155,2023,2023-06-15,7.1,6.38,4.3,386,153.4,42.66,Watch
UNIT 3A,Furnace Waterwall Tube,155,2024,2024-06-15,7.1,6.13,4.3,386,153.4,52.63,Watch
UNIT 3A,Furnace Waterwall Tube,155,2025,2025-06-15,7.1,6.11,4.3,386,153.4,62.75,Watch
UNIT 3A,Furnace Waterwall Tube,156,2021,2021-06-15,7.1,6.34,4.3,400,152.2,36.83,Safe
UNIT 3A,Furnace Waterwall Tube,156,2022,2022-06-15,7.1,6.21,4.3,400,152.2,47,Watch
UNIT 3A,Furnace Waterwall Tube,156,2023,2023-06-15,7.1,6.14,4.3,400,152.2,56.7,Watch
UNIT 3A,Furnace Waterwall Tube,156,2024,2024-06-15,7.1,5.96,4.3,400,152.2,66.83,Watch
UNIT 3A,Furnace Waterwall Tube,156,2025,2025-06-15,7.1,5.73,4.3,400,152.2,76.49,Watch
UNIT 3A,Furnace Waterwall Tube,157,2021,2021-06-15,7.1,7.02,4.3,379,155.2,3.9,Safe
UNIT 3A,Furnace Waterwall Tube,157,2022,2022-06-15,7.1,7.01,4.3,379,155.2,5.07,Safe
UNIT 3A,Furnace Waterwall Tube,157,2023,2023-06-15,7.1,7,4.3,379,155.2,6.33,Safe
UNIT 3A,Furnace Waterwall Tube,157,2024,2024-06-15,7.1,6.96,4.3,379,155.2,7.79,Safe
UNIT 3A,Furnace Waterwall Tube,157,2025,2025-06-15,7.1,6.94,4.3,379,155.2,9.19,Safe
UNIT 3A,Furnace Waterwall Tube,158,2021,2021-06-15,7.1,6.59,4.3,366,155.2,29.11,Safe
UNIT 3A,Furnace Waterwall Tube,158,2022,2022-06-15,7.1,6.39,4.3,366,155.2,38.46,Safe
UNIT 3A,Furnace Waterwall Tube,158,2023,2023-06-15,7.1,6.21,4.3,366,155.2,47.08,Watch
UNIT 3A,Furnace Waterwall Tube,158,2024,2024-06-15,7.1,5.97,4.3,366,155.2,56.03,Watch
UNIT 3A,Furnace Waterwall Tube,158,2025,2025-06-15,7.1,6,4.3,366,155.2,64.33,Watch
UNIT 3A,Furnace Waterwall Tube,159,2021,2021-06-15,7.1,6.33,4.3,368,152.5,45.21,Watch
UNIT 3A,Furnace Waterwall Tube,159,2022,2022-06-15,7.1,5.92,4.3,368,152.5,58.55,Watch
UNIT 3A,Furnace Waterwall Tube,159,2023,2023-06-15,7.1,5.77,4.3,368,152.5,70.54,Watch
UNIT 3A,Furnace Waterwall Tube,159,2024,2024-06-15,7.1,5.35,4.3,368,152.5,84.85,Critical
UNIT 3A,Furnace Waterwall Tube,159,2025,2025-06-15,7.1,5.11,4.3,368,152.5,96.62,Critical
UNIT 3A,Furnace Waterwall Tube,160,2021,2021-06-15,7.1,7.03,4.3,378,159.3,4.05,Safe
UNIT 3A,Furnace Waterwall Tube,160,2022,2022-06-15,7.1,7.01,4.3,378,159.3,4.95,Safe
UNIT 3A,Furnace Waterwall Tube,160,2023,2023-06-15,7.1,7.01,4.3,378,159.3,5.88,Safe
UNIT 3A,Furnace Waterwall Tube,160,2024,2024-06-15,7.1,6.99,4.3,378,159.3,6.78,Safe
UNIT 3A,Furnace Waterwall Tube,160,2025,2025-06-15,7.1,6.94,4.3,378,159.3,7.82,Safe
UNIT 3A,Furnace Waterwall Tube,161,2021,2021-06-15,7.1,6.7,4.3,374,157.5,25.73,Safe
UNIT 3A,Furnace Waterwall Tube,161,2022,2022-06-15,7.1,6.56,4.3,374,157.5,32.09,Safe
UNIT 3A,Furnace Waterwall Tube,161,2023,2023-06-15,7.1,6.34,4.3,374,157.5,40.23,Watch
UNIT 3A,Furnace Waterwall Tube,161,2024,2024-06-15,7.1,6.28,4.3,374,157.5,47.75,Watch
UNIT 3A,Furnace Waterwall Tube,161,2025,2025-06-15,7.1,6.13,4.3,374,157.5,56.08,Watch
UNIT 3A,Furnace Waterwall Tube,162,2021,2021-06-15,7.1,6.96,4.3,395,154.2,7.15,Safe
UNIT 3A,Furnace Waterwall Tube,162,2022,2022-06-15,7.1,6.94,4.3,395,154.2,8.79,Safe
UNIT 3A,Furnace Waterwall Tube,162,2023,2023-06-15,7.1,6.93,4.3,395,154.2,10.49,Safe
UNIT 3A,Furnace Waterwall Tube,162,2024,2024-06-15,7.1,6.89,4.3,395,154.2,12.08,Safe
UNIT 3A,Furnace Waterwall Tube,162,2025,2025-06-15,7.1,6.85,4.3,395,154.2,13.99,Safe
UNIT 3A,Furnace Waterwall Tube,163,2021,2021-06-15,7.1,7.08,4.3,395,159.7,1.01,Safe
UNIT 3A,Furnace Waterwall Tube,163,2022,2022-06-15,7.1,7.03,4.3,395,159.7,3.76,Safe
UNIT 3A,Furnace Waterwall Tube,163,2023,2023-06-15,7.1,6.99,4.3,395,159.7,6.3,Safe
UNIT 3A,Furnace Waterwall Tube,163,2024,2024-06-15,7.1,6.92,4.3,395,159.7,9.35,Safe
UNIT 3A,Furnace Waterwall Tube,163,2025,2025-06-15,7.1,6.9,4.3,395,159.7,12.51,Safe
UNIT 3A,Furnace Waterwall Tube,164,2021,2021-06-15,7.1,6.46,4.3,377,150.1,35.07,Safe
UNIT 3A,Furnace Waterwall Tube,164,2022,2022-06-15,7.1,6.25,4.3,377,150.1,44.49,Watch
UNIT 3A,Furnace Waterwall Tube,164,2023,2023-06-15,7.1,6.27,4.3,377,150.1,53.51,Watch
UNIT 3A,Furnace Waterwall Tube,164,2024,2024-06-15,7.1,6.11,4.3,377,150.1,63.34,Watch
UNIT 3A,Furnace Waterwall Tube,164,2025,2025-06-15,7.1,5.96,4.3,377,150.1,73.7,Watch
UNIT 3A,Furnace Waterwall Tube,165,2021,2021-06-15,7.1,7.01,4.3,368,151.8,4.87,Safe
UNIT 3A,Furnace Waterwall Tube,165,2022,2022-06-15,7.1,6.95,4.3,368,151.8,7.16,Safe
UNIT 3A,Furnace Waterwall Tube,165,2023,2023-06-15,7.1,6.94,4.3,368,151.8,9.19,Safe
UNIT 3A,Furnace Waterwall Tube,165,2024,2024-06-15,7.1,6.89,4.3,368,151.8,11.4,Safe
UNIT 3A,Furnace Waterwall Tube,165,2025,2025-06-15,7.1,6.88,4.3,368,151.8,13.31,Safe
UNIT 3A,Furnace Waterwall Tube,166,2021,2021-06-15,7.1,6.56,4.3,387,150.3,34.72,Safe
UNIT 3A,Furnace Waterwall Tube,166,2022,2022-06-15,7.1,6.33,4.3,387,150.3,48.51,Watch
UNIT 3A,Furnace Waterwall Tube,166,2023,2023-06-15,7.1,6.04,4.3,387,150.3,59.16,Watch
UNIT 3A,Furnace Waterwall Tube,166,2024,2024-06-15,7.1,5.64,4.3,387,150.3,70.44,Watch
UNIT 3A,Furnace Waterwall Tube,166,2025,2025-06-15,7.1,5.61,4.3,387,150.3,84.16,Critical
UNIT 3A,Furnace Waterwall Tube,167,2021,2021-06-15,7.1,6.66,4.3,362,151.5,23.51,Safe
UNIT 3A,Furnace Waterwall Tube,167,2022,2022-06-15,7.1,6.63,4.3,362,151.5,29.36,Safe
UNIT 3A,Furnace Waterwall Tube,167,2023,2023-06-15,7.1,6.46,4.3,362,151.5,35.98,Safe
UNIT 3A,Furnace Waterwall Tube,167,2024,2024-06-15,7.1,6.45,4.3,362,151.5,41.91,Watch
UNIT 3A,Furnace Waterwall Tube,167,2025,2025-06-15,7.1,6.3,4.3,362,151.5,47.94,Watch
UNIT 3A,Furnace Waterwall Tube,168,2021,2021-06-15,7.1,7.04,4.3,365,160.7,3.24,Safe
UNIT 3A,Furnace Waterwall Tube,168,2022,2022-06-15,7.1,7.02,4.3,365,160.7,4.77,Safe
UNIT 3A,Furnace Waterwall Tube,168,2023,2023-06-15,7.1,6.98,4.3,365,160.7,6.43,Safe
UNIT 3A,Furnace Waterwall Tube,168,2024,2024-06-15,7.1,6.96,4.3,365,160.7,7.94,Safe
UNIT 3A,Furnace Waterwall Tube,168,2025,2025-06-15,7.1,6.94,4.3,365,160.7,9.54,Safe
UNIT 3A,Furnace Waterwall Tube,169,2021,2021-06-15,7.1,7.07,4.3,382,162.3,1.61,Safe
UNIT 3A,Furnace Waterwall Tube,169,2022,2022-06-15,7.1,7.04,4.3,382,162.3,3.28,Safe
UNIT 3A,Furnace Waterwall Tube,169,2023,2023-06-15,7.1,6.99,4.3,382,162.3,5.38,Safe
UNIT 3A,Furnace Waterwall Tube,169,2024,2024-06-15,7.1,6.96,4.3,382,162.3,7.51,Safe
UNIT 3A,Furnace Waterwall Tube,169,2025,2025-06-15,7.1,6.93,4.3,382,162.3,9.39,Safe
UNIT 3A,Furnace Waterwall Tube,170,2021,2021-06-15,7.1,6.26,4.3,364,152.3,41.36,Watch
UNIT 3A,Furnace Waterwall Tube,170,2022,2022-06-15,7.1,6.25,4.3,364,152.3,54.38,Watch
UNIT 3A,Furnace Waterwall Tube,170,2023,2023-06-15,7.1,5.74,4.3,364,152.3,67.24,Watch
UNIT 3A,Furnace Waterwall Tube,170,2024,2024-06-15,7.1,5.6,4.3,364,152.3,82.49,Critical
UNIT 3A,Furnace Waterwall Tube,170,2025,2025-06-15,7.1,5.11,4.3,364,152.3,97.9,Critical
UNIT 3A,Furnace Waterwall Tube,171,2021,2021-06-15,7.1,7,4.3,397,160.8,6.05,Safe
UNIT 3A,Furnace Waterwall Tube,171,2022,2022-06-15,7.1,6.94,4.3,397,160.8,7.81,Safe
UNIT 3A,Furnace Waterwall Tube,171,2023,2023-06-15,7.1,6.9,4.3,397,160.8,9.35,Safe
UNIT 3A,Furnace Waterwall Tube,171,2024,2024-06-15,7.1,6.92,4.3,397,160.8,10.93,Safe
UNIT 3A,Furnace Waterwall Tube,171,2025,2025-06-15,7.1,6.85,4.3,397,160.8,12.38,Safe
UNIT 3A,Furnace Waterwall Tube,172,2021,2021-06-15,7.1,6.61,4.3,383,156.7,23.99,Safe
UNIT 3A,Furnace Waterwall Tube,172,2022,2022-06-15,7.1,6.44,4.3,383,156.7,33.37,Safe
UNIT 3A,Furnace Waterwall Tube,172,2023,2023-06-15,7.1,6.21,4.3,383,156.7,42.53,Watch
UNIT 3A,Furnace Waterwall Tube,172,2024,2024-06-15,7.1,6.24,4.3,383,156.7,50.77,Watch
UNIT 3A,Furnace Waterwall Tube,172,2025,2025-06-15,7.1,6.02,4.3,383,156.7,58.61,Watch
UNIT 3A,Furnace Waterwall Tube,173,2021,2021-06-15,7.1,7.1,4.3,374,165,0.1,Safe
UNIT 3A,Furnace Waterwall Tube,173,2022,2022-06-15,7.1,7.07,4.3,374,165,1.49,Safe
UNIT 3A,Furnace Waterwall Tube,173,2023,2023-06-15,7.1,7.05,4.3,374,165,2.99,Safe
UNIT 3A,Furnace Waterwall Tube,173,2024,2024-06-15,7.1,7.02,4.3,374,165,4.46,Safe
UNIT 3A,Furnace Waterwall Tube,173,2025,2025-06-15,7.1,7,4.3,374,165,5.93,Safe
UNIT 3A,Furnace Waterwall Tube,174,2021,2021-06-15,7.1,6.49,4.3,385,154.9,38.51,Safe
UNIT 3A,Furnace Waterwall Tube,174,2022,2022-06-15,7.1,6,4.3,385,154.9,54.56,Watch
UNIT 3A,Furnace Waterwall Tube,174,2023,2023-06-15,7.1,6,4.3,385,154.9,67.86,Watch
UNIT 3A,Furnace Waterwall Tube,174,2024,2024-06-15,7.1,5.57,4.3,385,154.9,81.65,Critical
UNIT 3A,Furnace Waterwall Tube,174,2025,2025-06-15,7.1,5.33,4.3,385,154.9,99.02,Critical
UNIT 3A,Furnace Waterwall Tube,175,2021,2021-06-15,7.1,7.06,4.3,378,155.4,1.97,Safe
UNIT 3A,Furnace Waterwall Tube,175,2022,2022-06-15,7.1,7.01,4.3,378,155.4,4.55,Safe
UNIT 3A,Furnace Waterwall Tube,175,2023,2023-06-15,7.1,6.98,4.3,378,155.4,7.22,Safe
UNIT 3A,Furnace Waterwall Tube,175,2024,2024-06-15,7.1,6.95,4.3,378,155.4,9.54,Safe
UNIT 3A,Furnace Waterwall Tube,175,2025,2025-06-15,7.1,6.87,4.3,378,155.4,12.24,Safe
UNIT 3A,Furnace Waterwall Tube,176,2021,2021-06-15,7.1,6.62,4.3,366,160,28.98,Safe
UNIT 3A,Furnace Waterwall Tube,176,2022,2022-06-15,7.1,6.32,4.3,366,160,39.54,Safe
UNIT 3A,Furnace Waterwall Tube,176,2023,2023-06-15,7.1,6.16,4.3,366,160,49.38,Watch
UNIT 3A,Furnace Waterwall Tube,176,2024,2024-06-15,7.1,5.87,4.3,366,160,59.91,Watch
UNIT 3A,Furnace Waterwall Tube,176,2025,2025-06-15,7.1,5.87,4.3,366,160,69.58,Watch
UNIT 3A,Furnace Waterwall Tube,177,2021,2021-06-15,7.1,7.09,4.3,394,163.5,0.62,Safe
UNIT 3A,Furnace Waterwall Tube,177,2022,2022-06-15,7.1,7.04,4.3,394,163.5,3.14,Safe
UNIT 3A,Furnace Waterwall Tube,177,2023,2023-06-15,7.1,6.99,4.3,394,163.5,5.54,Safe
UNIT 3A,Furnace Waterwall Tube,177,2024,2024-06-15,7.1,6.98,4.3,394,163.5,7.64,Safe
UNIT 3A,Furnace Waterwall Tube,177,2025,2025-06-15,7.1,6.94,4.3,394,163.5,10.19,Safe
UNIT 3A,Furnace Waterwall Tube,178,2021,2021-06-15,7.1,7.07,4.3,365,160.8,2.05,Safe
UNIT 3A,Furnace Waterwall Tube,178,2022,2022-06-15,7.1,7.02,4.3,365,160.8,4.57,Safe
UNIT 3A,Furnace Waterwall Tube,178,2023,2023-06-15,7.1,6.96,4.3,365,160.8,7.01,Safe
UNIT 3A,Furnace Waterwall Tube,178,2024,2024-06-15,7.1,6.95,4.3,365,160.8,9.09,Safe
UNIT 3A,Furnace Waterwall Tube,178,2025,2025-06-15,7.1,6.92,4.3,365,160.8,11.59,Safe
UNIT 3A,Furnace Waterwall Tube,179,2021,2021-06-15,7.1,6.12,4.3,368,155.8,46.88,Watch
UNIT 3A,Furnace Waterwall Tube,179,2022,2022-06-15,7.1,6.05,4.3,368,155.8,58.94,Watch
UNIT 3A,Furnace Waterwall Tube,179,2023,2023-06-15,7.1,5.89,4.3,368,155.8,70.8,Watch
UNIT 3A,Furnace Waterwall Tube,179,2024,2024-06-15,7.1,5.51,4.3,368,155.8,82.36,Critical
UNIT 3A,Furnace Waterwall Tube,179,2025,2025-06-15,7.1,5.32,4.3,368,155.8,92.87,Critical
UNIT 3A,Furnace Waterwall Tube,180,2021,2021-06-15,7.1,6.43,4.3,383,158.3,34.34,Safe
UNIT 3A,Furnace Waterwall Tube,180,2022,2022-06-15,7.1,6.36,4.3,383,158.3,45.52,Watch
UNIT 3A,Furnace Waterwall Tube,180,2023,2023-06-15,7.1,5.98,4.3,383,158.3,56.25,Watch
UNIT 3A,Furnace Waterwall Tube,180,2024,2024-06-15,7.1,5.77,4.3,383,158.3,67.13,Watch
UNIT 3A,Furnace Waterwall Tube,180,2025,2025-06-15,7.1,5.81,4.3,383,158.3,78.23,Watch
UNIT 3A,Furnace Waterwall Tube,181,2021,2021-06-15,7.1,6.97,4.3,378,155.3,7.68,Safe
UNIT 3A,Furnace Waterwall Tube,181,2022,2022-06-15,7.1,6.93,4.3,378,155.3,8.55,Safe
UNIT 3A,Furnace Waterwall Tube,181,2023,2023-06-15,7.1,6.91,4.3,378,155.3,9.29,Safe
UNIT 3A,Furnace Waterwall Tube,181,2024,2024-06-15,7.1,6.89,4.3,378,155.3,10.19,Safe
UNIT 3A,Furnace Waterwall Tube,181,2025,2025-06-15,7.1,6.87,4.3,378,155.3,11.14,Safe
UNIT 3A,Furnace Waterwall Tube,182,2021,2021-06-15,7.1,6.56,4.3,366,156.4,27.9,Safe
UNIT 3A,Furnace Waterwall Tube,182,2022,2022-06-15,7.1,6.4,4.3,366,156.4,35.16,Safe
UNIT 3A,Furnace Waterwall Tube,182,2023,2023-06-15,7.1,6.22,4.3,366,156.4,42.69,Watch
UNIT 3A,Furnace Waterwall Tube,182,2024,2024-06-15,7.1,6.29,4.3,366,156.4,50.11,Watch
UNIT 3A,Furnace Waterwall Tube,182,2025,2025-06-15,7.1,5.92,4.3,366,156.4,59.16,Watch
UNIT 3A,Furnace Waterwall Tube,183,2021,2021-06-15,7.1,6.98,4.3,376,158.1,6.61,Safe
UNIT 3A,Furnace Waterwall Tube,183,2022,2022-06-15,7.1,6.95,4.3,376,158.1,7.8,Safe
UNIT 3A,Furnace Waterwall Tube,183,2023,2023-06-15,7.1,6.95,4.3,376,158.1,9.3,Safe
UNIT 3A,Furnace Waterwall Tube,183,2024,2024-06-15,7.1,6.9,4.3,376,158.1,10.88,Safe
UNIT 3A,Furnace Waterwall Tube,183,2025,2025-06-15,7.1,6.87,4.3,376,158.1,12.14,Safe
UNIT 3A,Furnace Waterwall Tube,184,2021,2021-06-15,7.1,6.41,4.3,374,151.7,42.97,Watch
UNIT 3A,Furnace Waterwall Tube,184,2022,2022-06-15,7.1,6.27,4.3,374,151.7,53.09,Watch
UNIT 3A,Furnace Waterwall Tube,184,2023,2023-06-15,7.1,5.84,4.3,374,151.7,63.41,Watch
UNIT 3A,Furnace Waterwall Tube,184,2024,2024-06-15,7.1,5.79,4.3,374,151.7,71.84,Watch
UNIT 3A,Furnace Waterwall Tube,184,2025,2025-06-15,7.1,5.58,4.3,374,151.7,80.14,Critical
UNIT 3A,Furnace Waterwall Tube,185,2021,2021-06-15,7.1,6.51,4.3,397,151.9,35.32,Safe
UNIT 3A,Furnace Waterwall Tube,185,2022,2022-06-15,7.1,6.16,4.3,397,151.9,50.71,Watch
UNIT 3A,Furnace Waterwall Tube,185,2023,2023-06-15,7.1,6.03,4.3,397,151.9,68.65,Watch
UNIT 3A,Furnace Waterwall Tube,185,2024,2024-06-15,7.1,5.68,4.3,397,151.9,81.92,Critical
UNIT 3A,Furnace Waterwall Tube,185,2025,2025-06-15,7.1,5.13,4.3,397,151.9,96.91,Critical
UNIT 3A,Furnace Waterwall Tube,186,2021,2021-06-15,7.1,7.04,4.3,387,161.2,3.3,Safe
UNIT 3A,Furnace Waterwall Tube,186,2022,2022-06-15,7.1,7.03,4.3,387,161.2,4.47,Safe
UNIT 3A,Furnace Waterwall Tube,186,2023,2023-06-15,7.1,6.99,4.3,387,161.2,5.52,Safe
UNIT 3A,Furnace Waterwall Tube,186,2024,2024-06-15,7.1,6.96,4.3,387,161.2,6.55,Safe
UNIT 3A,Furnace Waterwall Tube,186,2025,2025-06-15,7.1,6.98,4.3,387,161.2,7.6,Safe
UNIT 3A,Furnace Waterwall Tube,187,2021,2021-06-15,7.1,6.73,4.3,379,163.1,21.35,Safe
UNIT 3A,Furnace Waterwall Tube,187,2022,2022-06-15,7.1,6.59,4.3,379,163.1,29.03,Safe
UNIT 3A,Furnace Waterwall Tube,187,2023,2023-06-15,7.1,6.38,4.3,379,163.1,38.29,Safe
UNIT 3A,Furnace Waterwall Tube,187,2024,2024-06-15,7.1,6.26,4.3,379,163.1,45.8,Watch
UNIT 3A,Furnace Waterwall Tube,187,2025,2025-06-15,7.1,6.17,4.3,379,163.1,54.24,Watch
UNIT 3A,Furnace Waterwall Tube,188,2021,2021-06-15,7.1,6.54,4.3,385,152.9,34.82,Safe
UNIT 3A,Furnace Waterwall Tube,188,2022,2022-06-15,7.1,6.19,4.3,385,152.9,51.02,Watch
UNIT 3A,Furnace Waterwall Tube,188,2023,2023-06-15,7.1,5.93,4.3,385,152.9,65.69,Watch
UNIT 3A,Furnace Waterwall Tube,188,2024,2024-06-15,7.1,5.7,4.3,385,152.9,82.39,Critical
UNIT 3A,Furnace Waterwall Tube,188,2025,2025-06-15,7.1,5.4,4.3,385,152.9,99.5,Critical
UNIT 3A,Furnace Waterwall Tube,189,2021,2021-06-15,7.1,6.28,4.3,389,162.6,44.97,Watch
UNIT 3A,Furnace Waterwall Tube,189,2022,2022-06-15,7.1,5.9,4.3,389,162.6,59.93,Watch
UNIT 3A,Furnace Waterwall Tube,189,2023,2023-06-15,7.1,5.79,4.3,389,162.6,76.8,Watch
UNIT 3A,Furnace Waterwall Tube,189,2024,2024-06-15,7.1,5.48,4.3,389,162.6,92.98,Critical
UNIT 3A,Furnace Waterwall Tube,189,2025,2025-06-15,7.1,5.03,4.3,389,162.6,99.5,Critical
UNIT 3A,Furnace Waterwall Tube,190,2021,2021-06-15,7.1,7.01,4.3,374,154.4,4.41,Safe
UNIT 3A,Furnace Waterwall Tube,190,2022,2022-06-15,7.1,6.97,4.3,374,154.4,6.6,Safe
UNIT 3A,Furnace Waterwall Tube,190,2023,2023-06-15,7.1,6.95,4.3,374,154.4,8.69,Safe
UNIT 3A,Furnace Waterwall Tube,190,2024,2024-06-15,7.1,6.92,4.3,374,154.4,10.54,Safe
UNIT 3A,Furnace Waterwall Tube,190,2025,2025-06-15,7.1,6.86,4.3,374,154.4,12.45,Safe
UNIT 3A,Furnace Waterwall Tube,191,2021,2021-06-15,7.1,6.61,4.3,372,163.9,28.04,Safe
UNIT 3A,Furnace Waterwall Tube,191,2022,2022-06-15,7.1,6.53,4.3,372,163.9,34.94,Safe
UNIT 3A,Furnace Waterwall Tube,191,2023,2023-06-15,7.1,6.37,4.3,372,163.9,43.79,Watch
UNIT 3A,Furnace Waterwall Tube,191,2024,2024-06-15,7.1,6.25,4.3,372,163.9,52,Watch
UNIT 3A,Furnace Waterwall Tube,191,2025,2025-06-15,7.1,5.9,4.3,372,163.9,59.11,Watch
UNIT 3A,Furnace Waterwall Tube,192,2021,2021-06-15,7.1,6.41,4.3,366,162.9,40.02,Watch
UNIT 3A,Furnace Waterwall Tube,192,2022,2022-06-15,7.1,6.09,4.3,366,162.9,48.13,Watch
UNIT 3A,Furnace Waterwall Tube,192,2023,2023-06-15,7.1,5.94,4.3,366,162.9,57.75,Watch
UNIT 3A,Furnace Waterwall Tube,192,2024,2024-06-15,7.1,5.8,4.3,366,162.9,67.57,Watch
UNIT 3A,Furnace Waterwall Tube,192,2025,2025-06-15,7.1,5.78,4.3,366,162.9,76.38,Watch
UNIT 3A,Furnace Waterwall Tube,193,2021,2021-06-15,7.1,7.01,4.3,362,157.3,4.55,Safe
UNIT 3A,Furnace Waterwall Tube,193,2022,2022-06-15,7.1,6.95,4.3,362,157.3,7.38,Safe
UNIT 3A,Furnace Waterwall Tube,193,2023,2023-06-15,7.1,6.94,4.3,362,157.3,10.34,Safe
UNIT 3A,Furnace Waterwall Tube,193,2024,2024-06-15,7.1,6.85,4.3,362,157.3,13.29,Safe
UNIT 3A,Furnace Waterwall Tube,193,2025,2025-06-15,7.1,6.81,4.3,362,157.3,16.55,Safe
UNIT 3A,Furnace Waterwall Tube,194,2021,2021-06-15,7.1,7.09,4.3,372,163.5,0.54,Safe
UNIT 3A,Furnace Waterwall Tube,194,2022,2022-06-15,7.1,7.05,4.3,372,163.5,2.54,Safe
UNIT 3A,Furnace Waterwall Tube,194,2023,2023-06-15,7.1,7.02,4.3,372,163.5,4.24,Safe
UNIT 3A,Furnace Waterwall Tube,194,2024,2024-06-15,7.1,6.98,4.3,372,163.5,6.17,Safe
UNIT 3A,Furnace Waterwall Tube,194,2025,2025-06-15,7.1,6.95,4.3,372,163.5,7.87,Safe
UNIT 3A,Furnace Waterwall Tube,195,2021,2021-06-15,7.1,7.07,4.3,366,162.5,1.81,Safe
UNIT 3A,Furnace Waterwall Tube,195,2022,2022-06-15,7.1,7.03,4.3,366,162.5,3.71,Safe
UNIT 3A,Furnace Waterwall Tube,195,2023,2023-06-15,7.1,6.99,4.3,366,162.5,5.77,Safe
UNIT 3A,Furnace Waterwall Tube,195,2024,2024-06-15,7.1,6.98,4.3,366,162.5,8.02,Safe
UNIT 3A,Furnace Waterwall Tube,195,2025,2025-06-15,7.1,6.9,4.3,366,162.5,10.27,Safe
UNIT 3A,Furnace Waterwall Tube,196,2021,2021-06-15,7.1,6.66,4.3,378,152.7,25.06,Safe
UNIT 3A,Furnace Waterwall Tube,196,2022,2022-06-15,7.1,6.59,4.3,378,152.7,31.78,Safe
UNIT 3A,Furnace Waterwall Tube,196,2023,2023-06-15,7.1,6.43,4.3,378,152.7,39.88,Safe
UNIT 3A,Furnace Waterwall Tube,196,2024,2024-06-15,7.1,6.35,4.3,378,152.7,48.09,Watch
UNIT 3A,Furnace Waterwall Tube,196,2025,2025-06-15,7.1,6.12,4.3,378,152.7,55.95,Watch
UNIT 3A,Furnace Waterwall Tube,197,2021,2021-06-15,7.1,7.02,4.3,393,158.7,4.98,Safe
UNIT 3A,Furnace Waterwall Tube,197,2022,2022-06-15,7.1,6.99,4.3,393,158.7,6.58,Safe
UNIT 3A,Furnace Waterwall Tube,197,2023,2023-06-15,7.1,6.95,4.3,393,158.7,8.39,Safe
UNIT 3A,Furnace Waterwall Tube,197,2024,2024-06-15,7.1,6.92,4.3,393,158.7,10.06,Safe
UNIT 3A,Furnace Waterwall Tube,197,2025,2025-06-15,7.1,6.91,4.3,393,158.7,11.58,Safe
UNIT 3A,Furnace Waterwall Tube,198,2021,2021-06-15,7.1,7.01,4.3,369,156.3,5.97,Safe
UNIT 3A,Furnace Waterwall Tube,198,2022,2022-06-15,7.1,6.99,4.3,369,156.3,7.08,Safe
UNIT 3A,Furnace Waterwall Tube,198,2023,2023-06-15,7.1,6.94,4.3,369,156.3,8.07,Safe
UNIT 3A,Furnace Waterwall Tube,198,2024,2024-06-15,7.1,6.91,4.3,369,156.3,9.09,Safe
UNIT 3A,Furnace Waterwall Tube,198,2025,2025-06-15,7.1,6.89,4.3,369,156.3,10.23,Safe
UNIT 3A,Furnace Waterwall Tube,199,2021,2021-06-15,7.1,7.03,4.3,369,163.6,4.39,Safe
UNIT 3A,Furnace Waterwall Tube,199,2022,2022-06-15,7.1,6.98,4.3,369,163.6,6.03,Safe
UNIT 3A,Furnace Waterwall Tube,199,2023,2023-06-15,7.1,6.95,4.3,369,163.6,7.56,Safe
UNIT 3A,Furnace Waterwall Tube,199,2024,2024-06-15,7.1,6.95,4.3,369,163.6,9.09,Safe
UNIT 3A,Furnace Waterwall Tube,199,2025,2025-06-15,7.1,6.91,4.3,369,163.6,10.73,Safe
UNIT 3A,Furnace Waterwall Tube,200,2021,2021-06-15,7.1,6.38,4.3,381,161.5,35.12,Safe
UNIT 3A,Furnace Waterwall Tube,200,2022,2022-06-15,7.1,6.38,4.3,381,161.5,44.74,Watch
UNIT 3A,Furnace Waterwall Tube,200,2023,2023-06-15,7.1,6,4.3,381,161.5,54.33,Watch
UNIT 3A,Furnace Waterwall Tube,200,2024,2024-06-15,7.1,6,4.3,381,161.5,64.53,Watch
UNIT 3A,Furnace Waterwall Tube,200,2025,2025-06-15,7.1,5.61,4.3,381,161.5,72.95,Watch
UNIT 3A,Platen Superheater,1,2021,2021-06-15,6.3,5.92,3.6,550,151.4,21.17,Safe
UNIT 3A,Platen Superheater,1,2022,2022-06-15,6.3,5.69,3.6,550,151.4,30.71,Safe
UNIT 3A,Platen Superheater,1,2023,2023-06-15,6.3,5.67,3.6,550,151.4,41.5,Watch
UNIT 3A,Platen Superheater,1,2024,2024-06-15,6.3,5.32,3.6,550,151.4,51.64,Watch
UNIT 3A,Platen Superheater,1,2025,2025-06-15,6.3,5.06,3.6,550,151.4,61.58,Watch
UNIT 3A,Platen Superheater,2,2021,2021-06-15,6.3,5.84,3.6,522,155,29.91,Safe
UNIT 3A,Platen Superheater,2,2022,2022-06-15,6.3,5.61,3.6,522,155,36.33,Safe
UNIT 3A,Platen Superheater,2,2023,2023-06-15,6.3,5.65,3.6,522,155,42.67,Watch
UNIT 3A,Platen Superheater,2,2024,2024-06-15,6.3,5.33,3.6,522,155,50.82,Watch
UNIT 3A,Platen Superheater,2,2025,2025-06-15,6.3,5.22,3.6,522,155,58.95,Watch
UNIT 3A,Platen Superheater,3,2021,2021-06-15,6.3,6.26,3.6,541,150.2,2.2,Safe
UNIT 3A,Platen Superheater,3,2022,2022-06-15,6.3,6.23,3.6,541,150.2,3.51,Safe
UNIT 3A,Platen Superheater,3,2023,2023-06-15,6.3,6.21,3.6,541,150.2,5.02,Safe
UNIT 3A,Platen Superheater,3,2024,2024-06-15,6.3,6.19,3.6,541,150.2,6.66,Safe
UNIT 3A,Platen Superheater,3,2025,2025-06-15,6.3,6.15,3.6,541,150.2,8.21,Safe
UNIT 3A,Platen Superheater,4,2021,2021-06-15,6.3,6.29,3.6,551,142.7,0.54,Safe
UNIT 3A,Platen Superheater,4,2022,2022-06-15,6.3,6.24,3.6,551,142.7,3.16,Safe
UNIT 3A,Platen Superheater,4,2023,2023-06-15,6.3,6.21,3.6,551,142.7,5.14,Safe
UNIT 3A,Platen Superheater,4,2024,2024-06-15,6.3,6.16,3.6,551,142.7,7.61,Safe
UNIT 3A,Platen Superheater,4,2025,2025-06-15,6.3,6.13,3.6,551,142.7,9.62,Safe
UNIT 3A,Platen Superheater,5,2021,2021-06-15,6.3,5.59,3.6,520,141.2,35.83,Safe
UNIT 3A,Platen Superheater,5,2022,2022-06-15,6.3,5.32,3.6,520,141.2,49.2,Watch
UNIT 3A,Platen Superheater,5,2023,2023-06-15,6.3,5.25,3.6,520,141.2,61.54,Watch
UNIT 3A,Platen Superheater,5,2024,2024-06-15,6.3,4.96,3.6,520,141.2,73.47,Watch
UNIT 3A,Platen Superheater,5,2025,2025-06-15,6.3,4.69,3.6,520,141.2,85.36,Critical
UNIT 3A,Platen Superheater,6,2021,2021-06-15,6.3,6.24,3.6,521,143.4,4.22,Safe
UNIT 3A,Platen Superheater,6,2022,2022-06-15,6.3,6.2,3.6,521,143.4,5.63,Safe
UNIT 3A,Platen Superheater,6,2023,2023-06-15,6.3,6.19,3.6,521,143.4,7.06,Safe
UNIT 3A,Platen Superheater,6,2024,2024-06-15,6.3,6.13,3.6,521,143.4,8.59,Safe
UNIT 3A,Platen Superheater,6,2025,2025-06-15,6.3,6.11,3.6,521,143.4,9.91,Safe
UNIT 3A,Platen Superheater,7,2021,2021-06-15,6.3,6.17,3.6,548,146.9,6.52,Safe
UNIT 3A,Platen Superheater,7,2022,2022-06-15,6.3,6.15,3.6,548,146.9,9.41,Safe
UNIT 3A,Platen Superheater,7,2023,2023-06-15,6.3,6.08,3.6,548,146.9,11.83,Safe
UNIT 3A,Platen Superheater,7,2024,2024-06-15,6.3,6.04,3.6,548,146.9,14.66,Safe
UNIT 3A,Platen Superheater,7,2025,2025-06-15,6.3,5.97,3.6,548,146.9,17.73,Safe
UNIT 3A,Platen Superheater,8,2021,2021-06-15,6.3,5.79,3.6,549,148.5,29.12,Safe
UNIT 3A,Platen Superheater,8,2022,2022-06-15,6.3,5.58,3.6,549,148.5,38.65,Safe
UNIT 3A,Platen Superheater,8,2023,2023-06-15,6.3,5.56,3.6,549,148.5,48.46,Watch
UNIT 3A,Platen Superheater,8,2024,2024-06-15,6.3,5.28,3.6,549,148.5,58.06,Watch
UNIT 3A,Platen Superheater,8,2025,2025-06-15,6.3,5.08,3.6,549,148.5,65.84,Watch
UNIT 3A,Platen Superheater,9,2021,2021-06-15,6.3,6.26,3.6,535,145.3,2.4,Safe
UNIT 3A,Platen Superheater,9,2022,2022-06-15,6.3,6.2,3.6,535,145.3,5.1,Safe
UNIT 3A,Platen Superheater,9,2023,2023-06-15,6.3,6.18,3.6,535,145.3,7.81,Safe
UNIT 3A,Platen Superheater,9,2024,2024-06-15,6.3,6.14,3.6,535,145.3,10.26,Safe
UNIT 3A,Platen Superheater,9,2025,2025-06-15,6.3,6.09,3.6,535,145.3,12.95,Safe
UNIT 3A,Platen Superheater,10,2021,2021-06-15,6.3,6.26,3.6,527,145,2.39,Safe
UNIT 3A,Platen Superheater,10,2022,2022-06-15,6.3,6.23,3.6,527,145,4.7,Safe
UNIT 3A,Platen Superheater,10,2023,2023-06-15,6.3,6.17,3.6,527,145,7.23,Safe
UNIT 3A,Platen Superheater,10,2024,2024-06-15,6.3,6.15,3.6,527,145,9.49,Safe
UNIT 3A,Platen Superheater,10,2025,2025-06-15,6.3,6.11,3.6,527,145,11.68,Safe
UNIT 3A,Platen Superheater,11,2021,2021-06-15,6.3,6.19,3.6,545,143.3,7.11,Safe
UNIT 3A,Platen Superheater,11,2022,2022-06-15,6.3,6.12,3.6,545,143.3,9.09,Safe
UNIT 3A,Platen Superheater,11,2023,2023-06-15,6.3,6.13,3.6,545,143.3,11.1,Safe
UNIT 3A,Platen Superheater,11,2024,2024-06-15,6.3,6.11,3.6,545,143.3,12.78,Safe
UNIT 3A,Platen Superheater,11,2025,2025-06-15,6.3,6.03,3.6,545,143.3,14.77,Safe
UNIT 3A,Platen Superheater,12,2021,2021-06-15,6.3,6.21,3.6,553,140.5,4.81,Safe
UNIT 3A,Platen Superheater,12,2022,2022-06-15,6.3,6.18,3.6,553,140.5,6.26,Safe
UNIT 3A,Platen Superheater,12,2023,2023-06-15,6.3,6.15,3.6,553,140.5,7.55,Safe
UNIT 3A,Platen Superheater,12,2024,2024-06-15,6.3,6.16,3.6,553,140.5,8.99,Safe
UNIT 3A,Platen Superheater,12,2025,2025-06-15,6.3,6.11,3.6,553,140.5,10.23,Safe
UNIT 3A,Platen Superheater,13,2021,2021-06-15,6.3,5.95,3.6,524,149.1,21.99,Safe
UNIT 3A,Platen Superheater,13,2022,2022-06-15,6.3,5.82,3.6,524,149.1,29.56,Safe
UNIT 3A,Platen Superheater,13,2023,2023-06-15,6.3,5.72,3.6,524,149.1,36.28,Safe
UNIT 3A,Platen Superheater,13,2024,2024-06-15,6.3,5.42,3.6,524,149.1,44.01,Watch
UNIT 3A,Platen Superheater,13,2025,2025-06-15,6.3,5.53,3.6,524,149.1,51.11,Watch
UNIT 3A,Platen Superheater,14,2021,2021-06-15,6.3,5.92,3.6,537,154.5,21.02,Safe
UNIT 3A,Platen Superheater,14,2022,2022-06-15,6.3,5.7,3.6,537,154.5,30.94,Safe
UNIT 3A,Platen Superheater,14,2023,2023-06-15,6.3,5.55,3.6,537,154.5,39.41,Safe
UNIT 3A,Platen Superheater,14,2024,2024-06-15,6.3,5.37,3.6,537,154.5,48.15,Watch
UNIT 3A,Platen Superheater,14,2025,2025-06-15,6.3,5.42,3.6,537,154.5,58.11,Watch
UNIT 3A,Platen Superheater,15,2021,2021-06-15,6.3,5.76,3.6,549,153.2,29.57,Safe
UNIT 3A,Platen Superheater,15,2022,2022-06-15,6.3,5.69,3.6,549,153.2,36.89,Safe
UNIT 3A,Platen Superheater,15,2023,2023-06-15,6.3,5.43,3.6,549,153.2,43.17,Watch
UNIT 3A,Platen Superheater,15,2024,2024-06-15,6.3,5.43,3.6,549,153.2,49.38,Watch
UNIT 3A,Platen Superheater,15,2025,2025-06-15,6.3,5.39,3.6,549,153.2,55.96,Watch
UNIT 3A,Platen Superheater,16,2021,2021-06-15,6.3,6.18,3.6,536,144.4,6.95,Safe
UNIT 3A,Platen Superheater,16,2022,2022-06-15,6.3,6.13,3.6,536,144.4,9.09,Safe
UNIT 3A,Platen Superheater,16,2023,2023-06-15,6.3,6.1,3.6,536,144.4,11.45,Safe
UNIT 3A,Platen Superheater,16,2024,2024-06-15,6.3,6.04,3.6,536,144.4,13.71,Safe
UNIT 3A,Platen Superheater,16,2025,2025-06-15,6.3,5.98,3.6,536,144.4,16.46,Safe
UNIT 3A,Platen Superheater,17,2021,2021-06-15,6.3,5.71,3.6,550,143.7,35.96,Safe
UNIT 3A,Platen Superheater,17,2022,2022-06-15,6.3,5.46,3.6,550,143.7,52.16,Watch
UNIT 3A,Platen Superheater,17,2023,2023-06-15,6.3,5.06,3.6,550,143.7,67.6,Watch
UNIT 3A,Platen Superheater,17,2024,2024-06-15,6.3,4.72,3.6,550,143.7,85.16,Critical
UNIT 3A,Platen Superheater,17,2025,2025-06-15,6.3,4.74,3.6,550,143.7,99.5,Critical
UNIT 3A,Platen Superheater,18,2021,2021-06-15,6.3,5.95,3.6,531,150,20.68,Safe
UNIT 3A,Platen Superheater,18,2022,2022-06-15,6.3,5.82,3.6,531,150,28.59,Safe
UNIT 3A,Platen Superheater,18,2023,2023-06-15,6.3,5.68,3.6,531,150,36.04,Safe
UNIT 3A,Platen Superheater,18,2024,2024-06-15,6.3,5.57,3.6,531,150,42.57,Watch
UNIT 3A,Platen Superheater,18,2025,2025-06-15,6.3,5.4,3.6,531,150,50.45,Watch
UNIT 3A,Platen Superheater,19,2021,2021-06-15,6.3,5.65,3.6,550,142.3,36.94,Safe
UNIT 3A,Platen Superheater,19,2022,2022-06-15,6.3,5.37,3.6,550,142.3,49.84,Watch
UNIT 3A,Platen Superheater,19,2023,2023-06-15,6.3,5.11,3.6,550,142.3,62.45,Watch
UNIT 3A,Platen Superheater,19,2024,2024-06-15,6.3,4.93,3.6,550,142.3,75.25,Watch
UNIT 3A,Platen Superheater,19,2025,2025-06-15,6.3,4.77,3.6,550,142.3,90.16,Critical
UNIT 3A,Platen Superheater,20,2021,2021-06-15,6.3,5.53,3.6,520,154.5,47.93,Watch
UNIT 3A,Platen Superheater,20,2022,2022-06-15,6.3,5.27,3.6,520,154.5,61.65,Watch
UNIT 3A,Platen Superheater,20,2023,2023-06-15,6.3,4.95,3.6,520,154.5,73.1,Watch
UNIT 3A,Platen Superheater,20,2024,2024-06-15,6.3,4.78,3.6,520,154.5,85.85,Critical
UNIT 3A,Platen Superheater,20,2025,2025-06-15,6.3,4.64,3.6,520,154.5,99.5,Critical
UNIT 3A,Platen Superheater,21,2021,2021-06-15,6.3,5.92,3.6,539,147.2,24.54,Safe
UNIT 3A,Platen Superheater,21,2022,2022-06-15,6.3,5.67,3.6,539,147.2,31.58,Safe
UNIT 3A,Platen Superheater,21,2023,2023-06-15,6.3,5.6,3.6,539,147.2,39.07,Safe
UNIT 3A,Platen Superheater,21,2024,2024-06-15,6.3,5.48,3.6,539,147.2,45.49,Watch
UNIT 3A,Platen Superheater,21,2025,2025-06-15,6.3,5.27,3.6,539,147.2,52.8,Watch
UNIT 3A,Platen Superheater,22,2021,2021-06-15,6.3,6.23,3.6,554,142.3,4.55,Safe
UNIT 3A,Platen Superheater,22,2022,2022-06-15,6.3,6.2,3.6,554,142.3,5.61,Safe
UNIT 3A,Platen Superheater,22,2023,2023-06-15,6.3,6.17,3.6,554,142.3,6.79,Safe
UNIT 3A,Platen Superheater,22,2024,2024-06-15,6.3,6.15,3.6,554,142.3,7.96,Safe
UNIT 3A,Platen Superheater,22,2025,2025-06-15,6.3,6.16,3.6,554,142.3,9.09,Safe
UNIT 3A,Platen Superheater,23,2021,2021-06-15,6.3,5.86,3.6,536,151.2,21.88,Safe
UNIT 3A,Platen Superheater,23,2022,2022-06-15,6.3,5.72,3.6,536,151.2,29.58,Safe
UNIT 3A,Platen Superheater,23,2023,2023-06-15,6.3,5.6,3.6,536,151.2,35.57,Safe
UNIT 3A,Platen Superheater,23,2024,2024-06-15,6.3,5.46,3.6,536,151.2,42.99,Watch
UNIT 3A,Platen Superheater,23,2025,2025-06-15,6.3,5.54,3.6,536,151.2,49.02,Watch
UNIT 3A,Platen Superheater,24,2021,2021-06-15,6.3,5.92,3.6,549,141.9,25.47,Safe
UNIT 3A,Platen Superheater,24,2022,2022-06-15,6.3,5.62,3.6,549,141.9,34.63,Safe
UNIT 3A,Platen Superheater,24,2023,2023-06-15,6.3,5.59,3.6,549,141.9,43.59,Watch
UNIT 3A,Platen Superheater,24,2024,2024-06-15,6.3,5.43,3.6,549,141.9,50.89,Watch
UNIT 3A,Platen Superheater,24,2025,2025-06-15,6.3,5.43,3.6,549,141.9,58.76,Watch
UNIT 3A,Platen Superheater,25,2021,2021-06-15,6.3,6.25,3.6,549,141.4,3.11,Safe
UNIT 3A,Platen Superheater,25,2022,2022-06-15,6.3,6.21,3.6,549,141.4,5.07,Safe
UNIT 3A,Platen Superheater,25,2023,2023-06-15,6.3,6.16,3.6,549,141.4,7.06,Safe
UNIT 3A,Platen Superheater,25,2024,2024-06-15,6.3,6.17,3.6,549,141.4,8.86,Safe
UNIT 3A,Platen Superheater,25,2025,2025-06-15,6.3,6.14,3.6,549,141.4,10.55,Safe
UNIT 3A,Platen Superheater,26,2021,2021-06-15,6.3,6.22,3.6,534,146,5.08,Safe
UNIT 3A,Platen Superheater,26,2022,2022-06-15,6.3,6.17,3.6,534,146,7.75,Safe
UNIT 3A,Platen Superheater,26,2023,2023-06-15,6.3,6.11,3.6,534,146,10.81,Safe
UNIT 3A,Platen Superheater,26,2024,2024-06-15,6.3,6.08,3.6,534,146,13.33,Safe
UNIT 3A,Platen Superheater,26,2025,2025-06-15,6.3,5.99,3.6,534,146,15.78,Safe
UNIT 3A,Platen Superheater,27,2021,2021-06-15,6.3,5.66,3.6,523,147.9,34.93,Safe
UNIT 3A,Platen Superheater,27,2022,2022-06-15,6.3,5.64,3.6,523,147.9,43.63,Watch
UNIT 3A,Platen Superheater,27,2023,2023-06-15,6.3,5.45,3.6,523,147.9,53.69,Watch
UNIT 3A,Platen Superheater,27,2024,2024-06-15,6.3,5.2,3.6,523,147.9,61.51,Watch
UNIT 3A,Platen Superheater,27,2025,2025-06-15,6.3,5.23,3.6,523,147.9,69.46,Watch
UNIT 3A,Platen Superheater,28,2021,2021-06-15,6.3,6.26,3.6,549,150.9,2.79,Safe
UNIT 3A,Platen Superheater,28,2022,2022-06-15,6.3,6.23,3.6,549,150.9,3.97,Safe
UNIT 3A,Platen Superheater,28,2023,2023-06-15,6.3,6.19,3.6,549,150.9,5.34,Safe
UNIT 3A,Platen Superheater,28,2024,2024-06-15,6.3,6.2,3.6,549,150.9,6.62,Safe
UNIT 3A,Platen Superheater,28,2025,2025-06-15,6.3,6.15,3.6,549,150.9,7.97,Safe
UNIT 3A,Platen Superheater,29,2021,2021-06-15,6.3,5.7,3.6,539,152.5,35.16,Safe
UNIT 3A,Platen Superheater,29,2022,2022-06-15,6.3,5.3,3.6,539,152.5,49.84,Watch
UNIT 3A,Platen Superheater,29,2023,2023-06-15,6.3,5.27,3.6,539,152.5,61.27,Watch
UNIT 3A,Platen Superheater,29,2024,2024-06-15,6.3,5.16,3.6,539,152.5,74.53,Watch
UNIT 3A,Platen Superheater,29,2025,2025-06-15,6.3,4.89,3.6,539,152.5,86.95,Critical
UNIT 3A,Platen Superheater,30,2021,2021-06-15,6.3,5.82,3.6,550,142,24.64,Safe
UNIT 3A,Platen Superheater,30,2022,2022-06-15,6.3,5.8,3.6,550,142,32.76,Safe
UNIT 3A,Platen Superheater,30,2023,2023-06-15,6.3,5.52,3.6,550,142,41.92,Watch
UNIT 3A,Platen Superheater,30,2024,2024-06-15,6.3,5.52,3.6,550,142,51.02,Watch
UNIT 3A,Platen Superheater,30,2025,2025-06-15,6.3,5.33,3.6,550,142,60.05,Watch
UNIT 3A,Platen Superheater,31,2021,2021-06-15,6.3,5.66,3.6,523,149.6,33.87,Safe
UNIT 3A,Platen Superheater,31,2022,2022-06-15,6.3,5.54,3.6,523,149.6,45.71,Watch
UNIT 3A,Platen Superheater,31,2023,2023-06-15,6.3,5.15,3.6,523,149.6,57.48,Watch
UNIT 3A,Platen Superheater,31,2024,2024-06-15,6.3,5.21,3.6,523,149.6,69.04,Watch
UNIT 3A,Platen Superheater,31,2025,2025-06-15,6.3,5.01,3.6,523,149.6,81.58,Critical
UNIT 3A,Platen Superheater,32,2021,2021-06-15,6.3,5.52,3.6,530,149.2,42.24,Watch
UNIT 3A,Platen Superheater,32,2022,2022-06-15,6.3,5.42,3.6,530,149.2,52.71,Watch
UNIT 3A,Platen Superheater,32,2023,2023-06-15,6.3,5.1,3.6,530,149.2,63.59,Watch
UNIT 3A,Platen Superheater,32,2024,2024-06-15,6.3,4.91,3.6,530,149.2,74.15,Watch
UNIT 3A,Platen Superheater,32,2025,2025-06-15,6.3,4.93,3.6,530,149.2,83.41,Critical
UNIT 3A,Platen Superheater,33,2021,2021-06-15,6.3,5.92,3.6,529,154,20.52,Safe
UNIT 3A,Platen Superheater,33,2022,2022-06-15,6.3,5.82,3.6,529,154,28.98,Safe
UNIT 3A,Platen Superheater,33,2023,2023-06-15,6.3,5.56,3.6,529,154,37.46,Safe
UNIT 3A,Platen Superheater,33,2024,2024-06-15,6.3,5.46,3.6,529,154,46.14,Watch
UNIT 3A,Platen Superheater,33,2025,2025-06-15,6.3,5.39,3.6,529,154,54.35,Watch
UNIT 3A,Platen Superheater,34,2021,2021-06-15,6.3,6.25,3.6,520,146.4,3.14,Safe
UNIT 3A,Platen Superheater,34,2022,2022-06-15,6.3,6.2,3.6,520,146.4,5.13,Safe
UNIT 3A,Platen Superheater,34,2023,2023-06-15,6.3,6.19,3.6,520,146.4,6.79,Safe
UNIT 3A,Platen Superheater,34,2024,2024-06-15,6.3,6.17,3.6,520,146.4,8.49,Safe
UNIT 3A,Platen Superheater,34,2025,2025-06-15,6.3,6.1,3.6,520,146.4,10.24,Safe
UNIT 3A,Platen Superheater,35,2021,2021-06-15,6.3,5.78,3.6,524,149.3,28.63,Safe
UNIT 3A,Platen Superheater,35,2022,2022-06-15,6.3,5.69,3.6,524,149.3,39.01,Safe
UNIT 3A,Platen Superheater,35,2023,2023-06-15,6.3,5.47,3.6,524,149.3,47.56,Watch
UNIT 3A,Platen Superheater,35,2024,2024-06-15,6.3,5.35,3.6,524,149.3,55.68,Watch
UNIT 3A,Platen Superheater,35,2025,2025-06-15,6.3,5.27,3.6,524,149.3,65.91,Watch
UNIT 3A,Platen Superheater,36,2021,2021-06-15,6.3,6.24,3.6,529,148.4,3.99,Safe
UNIT 3A,Platen Superheater,36,2022,2022-06-15,6.3,6.19,3.6,529,148.4,5.7,Safe
UNIT 3A,Platen Superheater,36,2023,2023-06-15,6.3,6.18,3.6,529,148.4,7.55,Safe
UNIT 3A,Platen Superheater,36,2024,2024-06-15,6.3,6.12,3.6,529,148.4,9.19,Safe
UNIT 3A,Platen Superheater,36,2025,2025-06-15,6.3,6.1,3.6,529,148.4,10.84,Safe
UNIT 3A,Platen Superheater,37,2021,2021-06-15,6.3,6.28,3.6,543,150.4,1.24,Safe
UNIT 3A,Platen Superheater,37,2022,2022-06-15,6.3,6.26,3.6,543,150.4,2.56,Safe
UNIT 3A,Platen Superheater,37,2023,2023-06-15,6.3,6.23,3.6,543,150.4,3.79,Safe
UNIT 3A,Platen Superheater,37,2024,2024-06-15,6.3,6.21,3.6,543,150.4,4.99,Safe
UNIT 3A,Platen Superheater,37,2025,2025-06-15,6.3,6.19,3.6,543,150.4,6.18,Safe
UNIT 3A,Platen Superheater,38,2021,2021-06-15,6.3,6.16,3.6,539,147.3,7.26,Safe
UNIT 3A,Platen Superheater,38,2022,2022-06-15,6.3,6.15,3.6,539,147.3,8.87,Safe
UNIT 3A,Platen Superheater,38,2023,2023-06-15,6.3,6.12,3.6,539,147.3,10.4,Safe
UNIT 3A,Platen Superheater,38,2024,2024-06-15,6.3,6.06,3.6,539,147.3,12.25,Safe
UNIT 3A,Platen Superheater,38,2025,2025-06-15,6.3,6.04,3.6,539,147.3,14.04,Safe
UNIT 3A,Platen Superheater,39,2021,2021-06-15,6.3,5.41,3.6,525,141.4,44.67,Watch
UNIT 3A,Platen Superheater,39,2022,2022-06-15,6.3,5.3,3.6,525,141.4,55.22,Watch
UNIT 3A,Platen Superheater,39,2023,2023-06-15,6.3,5.06,3.6,525,141.4,64.14,Watch
UNIT 3A,Platen Superheater,39,2024,2024-06-15,6.3,5.05,3.6,525,141.4,72.58,Watch
UNIT 3A,Platen Superheater,39,2025,2025-06-15,6.3,4.69,3.6,525,141.4,81.44,Critical
UNIT 3A,Platen Superheater,40,2021,2021-06-15,6.3,6.22,3.6,526,143.7,3.86,Safe
UNIT 3A,Platen Superheater,40,2022,2022-06-15,6.3,6.23,3.6,526,143.7,4.79,Safe
UNIT 3A,Platen Superheater,40,2023,2023-06-15,6.3,6.2,3.6,526,143.7,5.9,Safe
UNIT 3A,Platen Superheater,40,2024,2024-06-15,6.3,6.19,3.6,526,143.7,7.05,Safe
UNIT 3A,Platen Superheater,40,2025,2025-06-15,6.3,6.18,3.6,526,143.7,8.18,Safe
UNIT 3A,Platen Superheater,41,2021,2021-06-15,6.3,5.77,3.6,542,140.4,35.54,Safe
UNIT 3A,Platen Superheater,41,2022,2022-06-15,6.3,5.52,3.6,542,140.4,48.6,Watch
UNIT 3A,Platen Superheater,41,2023,2023-06-15,6.3,5.14,3.6,542,140.4,61.41,Watch
UNIT 3A,Platen Superheater,41,2024,2024-06-15,6.3,4.93,3.6,542,140.4,72.02,Watch
UNIT 3A,Platen Superheater,41,2025,2025-06-15,6.3,4.89,3.6,542,140.4,83.4,Critical
UNIT 3A,Platen Superheater,42,2021,2021-06-15,6.3,5.48,3.6,541,147.6,40.97,Watch
UNIT 3A,Platen Superheater,42,2022,2022-06-15,6.3,5.22,3.6,541,147.6,55.1,Watch
UNIT 3A,Platen Superheater,42,2023,2023-06-15,6.3,4.89,3.6,541,147.6,70.95,Watch
UNIT 3A,Platen Superheater,42,2024,2024-06-15,6.3,4.53,3.6,541,147.6,87.64,Critical
UNIT 3A,Platen Superheater,42,2025,2025-06-15,6.3,4.39,3.6,541,147.6,99.5,Critical
UNIT 3A,Platen Superheater,43,2021,2021-06-15,6.3,6.16,3.6,549,147.5,7.72,Safe
UNIT 3A,Platen Superheater,43,2022,2022-06-15,6.3,6.13,3.6,549,147.5,8.99,Safe
UNIT 3A,Platen Superheater,43,2023,2023-06-15,6.3,6.11,3.6,549,147.5,10.23,Safe
UNIT 3A,Platen Superheater,43,2024,2024-06-15,6.3,6.1,3.6,549,147.5,11.79,Safe
UNIT 3A,Platen Superheater,43,2025,2025-06-15,6.3,6.09,3.6,549,147.5,13.29,Safe
UNIT 3A,Platen Superheater,44,2021,2021-06-15,6.3,6.2,3.6,527,147.6,5.53,Safe
UNIT 3A,Platen Superheater,44,2022,2022-06-15,6.3,6.18,3.6,527,147.6,6.74,Safe
UNIT 3A,Platen Superheater,44,2023,2023-06-15,6.3,6.17,3.6,527,147.6,7.91,Safe
UNIT 3A,Platen Superheater,44,2024,2024-06-15,6.3,6.12,3.6,527,147.6,9.01,Safe
UNIT 3A,Platen Superheater,44,2025,2025-06-15,6.3,6.12,3.6,527,147.6,10.01,Safe
UNIT 3A,Platen Superheater,45,2021,2021-06-15,6.3,5.59,3.6,529,143.7,41.26,Watch
UNIT 3A,Platen Superheater,45,2022,2022-06-15,6.3,5.27,3.6,529,143.7,58.24,Watch
UNIT 3A,Platen Superheater,45,2023,2023-06-15,6.3,4.92,3.6,529,143.7,73.03,Watch
UNIT 3A,Platen Superheater,45,2024,2024-06-15,6.3,4.8,3.6,529,143.7,87.41,Critical
UNIT 3A,Platen Superheater,45,2025,2025-06-15,6.3,4.74,3.6,529,143.7,99.5,Critical
UNIT 3A,Platen Superheater,46,2021,2021-06-15,6.3,6.18,3.6,534,146.8,7.05,Safe
UNIT 3A,Platen Superheater,46,2022,2022-06-15,6.3,6.1,3.6,534,146.8,9.95,Safe
UNIT 3A,Platen Superheater,46,2023,2023-06-15,6.3,6.07,3.6,534,146.8,12.94,Safe
UNIT 3A,Platen Superheater,46,2024,2024-06-15,6.3,6,3.6,534,146.8,15.89,Safe
UNIT 3A,Platen Superheater,46,2025,2025-06-15,6.3,5.94,3.6,534,146.8,19.03,Safe
UNIT 3A,Platen Superheater,47,2021,2021-06-15,6.3,5.88,3.6,535,147.6,23.94,Safe
UNIT 3A,Platen Superheater,47,2022,2022-06-15,6.3,5.71,3.6,535,147.6,32.05,Safe
UNIT 3A,Platen Superheater,47,2023,2023-06-15,6.3,5.67,3.6,535,147.6,40.6,Watch
UNIT 3A,Platen Superheater,47,2024,2024-06-15,6.3,5.46,3.6,535,147.6,50.04,Watch
UNIT 3A,Platen Superheater,47,2025,2025-06-15,6.3,5.37,3.6,535,147.6,58.37,Watch
UNIT 3A,Platen Superheater,48,2021,2021-06-15,6.3,6.29,3.6,553,154.6,0.41,Safe
UNIT 3A,Platen Superheater,48,2022,2022-06-15,6.3,6.25,3.6,553,154.6,2.97,Safe
UNIT 3A,Platen Superheater,48,2023,2023-06-15,6.3,6.19,3.6,553,154.6,5.55,Safe
UNIT 3A,Platen Superheater,48,2024,2024-06-15,6.3,6.16,3.6,553,154.6,8.11,Safe
UNIT 3A,Platen Superheater,48,2025,2025-06-15,6.3,6.08,3.6,553,154.6,11.02,Safe
UNIT 3A,Platen Superheater,49,2021,2021-06-15,6.3,6.16,3.6,538,141.9,7.02,Safe
UNIT 3A,Platen Superheater,49,2022,2022-06-15,6.3,6.17,3.6,538,141.9,8.09,Safe
UNIT 3A,Platen Superheater,49,2023,2023-06-15,6.3,6.15,3.6,538,141.9,9.32,Safe
UNIT 3A,Platen Superheater,49,2024,2024-06-15,6.3,6.11,3.6,538,141.9,10.37,Safe
UNIT 3A,Platen Superheater,49,2025,2025-06-15,6.3,6.08,3.6,538,141.9,11.65,Safe
UNIT 3A,Platen Superheater,50,2021,2021-06-15,6.3,5.58,3.6,529,142.4,45.02,Watch
UNIT 3A,Platen Superheater,50,2022,2022-06-15,6.3,5.31,3.6,529,142.4,55.99,Watch
UNIT 3A,Platen Superheater,50,2023,2023-06-15,6.3,5.03,3.6,529,142.4,67.71,Watch
UNIT 3A,Platen Superheater,50,2024,2024-06-15,6.3,4.98,3.6,529,142.4,82.39,Critical
UNIT 3A,Platen Superheater,50,2025,2025-06-15,6.3,4.77,3.6,529,142.4,95.87,Critical
UNIT 3A,Platen Superheater,51,2021,2021-06-15,6.3,5.69,3.6,537,148,38.94,Safe
UNIT 3A,Platen Superheater,51,2022,2022-06-15,6.3,5.45,3.6,537,148,53.04,Watch
UNIT 3A,Platen Superheater,51,2023,2023-06-15,6.3,5.02,3.6,537,148,68.97,Watch
UNIT 3A,Platen Superheater,51,2024,2024-06-15,6.3,4.84,3.6,537,148,82.6,Critical
UNIT 3A,Platen Superheater,51,2025,2025-06-15,6.3,4.44,3.6,537,148,97.64,Critical
UNIT 3A,Platen Superheater,52,2021,2021-06-15,6.3,5.71,3.6,554,145.9,33.83,Safe
UNIT 3A,Platen Superheater,52,2022,2022-06-15,6.3,5.58,3.6,554,145.9,41.99,Watch
UNIT 3A,Platen Superheater,52,2023,2023-06-15,6.3,5.51,3.6,554,145.9,50.99,Watch
UNIT 3A,Platen Superheater,52,2024,2024-06-15,6.3,5.19,3.6,554,145.9,61.29,Watch
UNIT 3A,Platen Superheater,52,2025,2025-06-15,6.3,5.07,3.6,554,145.9,70.14,Watch
UNIT 3A,Platen Superheater,53,2021,2021-06-15,6.3,6.22,3.6,545,152.6,3.96,Safe
UNIT 3A,Platen Superheater,53,2022,2022-06-15,6.3,6.21,3.6,545,152.6,5.85,Safe
UNIT 3A,Platen Superheater,53,2023,2023-06-15,6.3,6.16,3.6,545,152.6,8.04,Safe
UNIT 3A,Platen Superheater,53,2024,2024-06-15,6.3,6.11,3.6,545,152.6,10.22,Safe
UNIT 3A,Platen Superheater,53,2025,2025-06-15,6.3,6.1,3.6,545,152.6,12.15,Safe
UNIT 3A,Platen Superheater,54,2021,2021-06-15,6.3,5.76,3.6,552,147.1,28.96,Safe
UNIT 3A,Platen Superheater,54,2022,2022-06-15,6.3,5.59,3.6,552,147.1,38.16,Safe
UNIT 3A,Platen Superheater,54,2023,2023-06-15,6.3,5.42,3.6,552,147.1,46.57,Watch
UNIT 3A,Platen Superheater,54,2024,2024-06-15,6.3,5.38,3.6,552,147.1,56.33,Watch
UNIT 3A,Platen Superheater,54,2025,2025-06-15,6.3,5.02,3.6,552,147.1,65.66,Watch
UNIT 3A,Platen Superheater,55,2021,2021-06-15,6.3,6.16,3.6,548,149.1,6.93,Safe
UNIT 3A,Platen Superheater,55,2022,2022-06-15,6.3,6.15,3.6,548,149.1,9.89,Safe
UNIT 3A,Platen Superheater,55,2023,2023-06-15,6.3,6.06,3.6,548,149.1,12.39,Safe
UNIT 3A,Platen Superheater,55,2024,2024-06-15,6.3,6.05,3.6,548,149.1,15.22,Safe
UNIT 3A,Platen Superheater,55,2025,2025-06-15,6.3,5.96,3.6,548,149.1,17.99,Safe
UNIT 3A,Platen Superheater,56,2021,2021-06-15,6.3,6.17,3.6,534,153.3,7.79,Safe
UNIT 3A,Platen Superheater,56,2022,2022-06-15,6.3,6.15,3.6,534,153.3,10.32,Safe
UNIT 3A,Platen Superheater,56,2023,2023-06-15,6.3,6.09,3.6,534,153.3,13.1,Safe
UNIT 3A,Platen Superheater,56,2024,2024-06-15,6.3,6,3.6,534,153.3,15.63,Safe
UNIT 3A,Platen Superheater,56,2025,2025-06-15,6.3,5.95,3.6,534,153.3,17.8,Safe
UNIT 3A,Platen Superheater,57,2021,2021-06-15,6.3,5.52,3.6,526,148.8,39.55,Safe
UNIT 3A,Platen Superheater,57,2022,2022-06-15,6.3,5.38,3.6,526,148.8,51.02,Watch
UNIT 3A,Platen Superheater,57,2023,2023-06-15,6.3,5.07,3.6,526,148.8,64.48,Watch
UNIT 3A,Platen Superheater,57,2024,2024-06-15,6.3,4.81,3.6,526,148.8,74.91,Watch
UNIT 3A,Platen Superheater,57,2025,2025-06-15,6.3,4.76,3.6,526,148.8,85.36,Critical
UNIT 3A,Platen Superheater,58,2021,2021-06-15,6.3,6.28,3.6,533,151.3,1.43,Safe
UNIT 3A,Platen Superheater,58,2022,2022-06-15,6.3,6.25,3.6,533,151.3,2.55,Safe
UNIT 3A,Platen Superheater,58,2023,2023-06-15,6.3,6.24,3.6,533,151.3,3.73,Safe
UNIT 3A,Platen Superheater,58,2024,2024-06-15,6.3,6.2,3.6,533,151.3,4.79,Safe
UNIT 3A,Platen Superheater,58,2025,2025-06-15,6.3,6.21,3.6,533,151.3,5.9,Safe
UNIT 3A,Platen Superheater,59,2021,2021-06-15,6.3,5.45,3.6,526,140.4,47.99,Watch
UNIT 3A,Platen Superheater,59,2022,2022-06-15,6.3,5.35,3.6,526,140.4,57.97,Watch
UNIT 3A,Platen Superheater,59,2023,2023-06-15,6.3,4.97,3.6,526,140.4,71.05,Watch
UNIT 3A,Platen Superheater,59,2024,2024-06-15,6.3,4.9,3.6,526,140.4,80.91,Critical
UNIT 3A,Platen Superheater,59,2025,2025-06-15,6.3,4.89,3.6,526,140.4,91.18,Critical
UNIT 3A,Platen Superheater,60,2021,2021-06-15,6.3,6.16,3.6,530,143.7,7.14,Safe
UNIT 3A,Platen Superheater,60,2022,2022-06-15,6.3,6.14,3.6,530,143.7,9.59,Safe
UNIT 3A,Platen Superheater,60,2023,2023-06-15,6.3,6.12,3.6,530,143.7,12.27,Safe
UNIT 3A,Platen Superheater,60,2024,2024-06-15,6.3,6.02,3.6,530,143.7,14.75,Safe
UNIT 3A,Platen Superheater,60,2025,2025-06-15,6.3,5.97,3.6,530,143.7,17.02,Safe
UNIT 3A,Platen Superheater,61,2021,2021-06-15,6.3,6.28,3.6,524,152.8,1.28,Safe
UNIT 3A,Platen Superheater,61,2022,2022-06-15,6.3,6.26,3.6,524,152.8,2.36,Safe
UNIT 3A,Platen Superheater,61,2023,2023-06-15,6.3,6.24,3.6,524,152.8,3.32,Safe
UNIT 3A,Platen Superheater,61,2024,2024-06-15,6.3,6.22,3.6,524,152.8,4.18,Safe
UNIT 3A,Platen Superheater,61,2025,2025-06-15,6.3,6.2,3.6,524,152.8,5.14,Safe
UNIT 3A,Platen Superheater,62,2021,2021-06-15,6.3,6.17,3.6,533,150.5,7.19,Safe
UNIT 3A,Platen Superheater,62,2022,2022-06-15,6.3,6.13,3.6,533,150.5,9.44,Safe
UNIT 3A,Platen Superheater,62,2023,2023-06-15,6.3,6.09,3.6,533,150.5,11.55,Safe
UNIT 3A,Platen Superheater,62,2024,2024-06-15,6.3,6.04,3.6,533,150.5,13.67,Safe
UNIT 3A,Platen Superheater,62,2025,2025-06-15,6.3,5.98,3.6,533,150.5,16.13,Safe
UNIT 3A,Platen Superheater,63,2021,2021-06-15,6.3,6.28,3.6,532,143.9,1.42,Safe
UNIT 3A,Platen Superheater,63,2022,2022-06-15,6.3,6.22,3.6,532,143.9,4.22,Safe
UNIT 3A,Platen Superheater,63,2023,2023-06-15,6.3,6.19,3.6,532,143.9,6.67,Safe
UNIT 3A,Platen Superheater,63,2024,2024-06-15,6.3,6.14,3.6,532,143.9,9.26,Safe
UNIT 3A,Platen Superheater,63,2025,2025-06-15,6.3,6.06,3.6,532,143.9,11.94,Safe
UNIT 3A,Platen Superheater,64,2021,2021-06-15,6.3,5.98,3.6,537,145.9,21.12,Safe
UNIT 3A,Platen Superheater,64,2022,2022-06-15,6.3,5.85,3.6,537,145.9,27.81,Safe
UNIT 3A,Platen Superheater,64,2023,2023-06-15,6.3,5.65,3.6,537,145.9,34.61,Safe
UNIT 3A,Platen Superheater,64,2024,2024-06-15,6.3,5.49,3.6,537,145.9,41.29,Watch
UNIT 3A,Platen Superheater,64,2025,2025-06-15,6.3,5.56,3.6,537,145.9,48.22,Watch
UNIT 3A,Platen Superheater,65,2021,2021-06-15,6.3,5.57,3.6,535,141.7,36.11,Safe
UNIT 3A,Platen Superheater,65,2022,2022-06-15,6.3,5.47,3.6,535,141.7,48.54,Watch
UNIT 3A,Platen Superheater,65,2023,2023-06-15,6.3,5.26,3.6,535,141.7,64.02,Watch
UNIT 3A,Platen Superheater,65,2024,2024-06-15,6.3,4.82,3.6,535,141.7,77.05,Watch
UNIT 3A,Platen Superheater,65,2025,2025-06-15,6.3,4.96,3.6,535,141.7,90.1,Critical
UNIT 3A,Platen Superheater,66,2021,2021-06-15,6.3,5.86,3.6,538,148.7,27.7,Safe
UNIT 3A,Platen Superheater,66,2022,2022-06-15,6.3,5.59,3.6,538,148.7,38.45,Safe
UNIT 3A,Platen Superheater,66,2023,2023-06-15,6.3,5.37,3.6,538,148.7,47.25,Watch
UNIT 3A,Platen Superheater,66,2024,2024-06-15,6.3,5.2,3.6,538,148.7,57.63,Watch
UNIT 3A,Platen Superheater,66,2025,2025-06-15,6.3,5.26,3.6,538,148.7,67.05,Watch
UNIT 3A,Platen Superheater,67,2021,2021-06-15,6.3,6.3,3.6,545,143.1,0.19,Safe
UNIT 3A,Platen Superheater,67,2022,2022-06-15,6.3,6.27,3.6,545,143.1,1.9,Safe
UNIT 3A,Platen Superheater,67,2023,2023-06-15,6.3,6.25,3.6,545,143.1,3.34,Safe
UNIT 3A,Platen Superheater,67,2024,2024-06-15,6.3,6.21,3.6,545,143.1,5.2,Safe
UNIT 3A,Platen Superheater,67,2025,2025-06-15,6.3,6.16,3.6,545,143.1,6.92,Safe
UNIT 3A,Platen Superheater,68,2021,2021-06-15,6.3,6.24,3.6,549,149,3.02,Safe
UNIT 3A,Platen Superheater,68,2022,2022-06-15,6.3,6.21,3.6,549,149,5.13,Safe
UNIT 3A,Platen Superheater,68,2023,2023-06-15,6.3,6.16,3.6,549,149,6.98,Safe
UNIT 3A,Platen Superheater,68,2024,2024-06-15,6.3,6.13,3.6,549,149,8.71,Safe
UNIT 3A,Platen Superheater,68,2025,2025-06-15,6.3,6.1,3.6,549,149,10.51,Safe
UNIT 3A,Platen Superheater,69,2021,2021-06-15,6.3,6.18,3.6,520,144.8,6.76,Safe
UNIT 3A,Platen Superheater,69,2022,2022-06-15,6.3,6.15,3.6,520,144.8,7.96,Safe
UNIT 3A,Platen Superheater,69,2023,2023-06-15,6.3,6.14,3.6,520,144.8,9.05,Safe
UNIT 3A,Platen Superheater,69,2024,2024-06-15,6.3,6.14,3.6,520,144.8,10.41,Safe
UNIT 3A,Platen Superheater,69,2025,2025-06-15,6.3,6.09,3.6,520,144.8,11.62,Safe
UNIT 3A,Platen Superheater,70,2021,2021-06-15,6.3,6.26,3.6,533,145.3,1.78,Safe
UNIT 3A,Platen Superheater,70,2022,2022-06-15,6.3,6.22,3.6,533,145.3,4.7,Safe
UNIT 3A,Platen Superheater,70,2023,2023-06-15,6.3,6.17,3.6,533,145.3,7.29,Safe
UNIT 3A,Platen Superheater,70,2024,2024-06-15,6.3,6.11,3.6,533,145.3,9.56,Safe
UNIT 3A,Platen Superheater,70,2025,2025-06-15,6.3,6.08,3.6,533,145.3,12.42,Safe
UNIT 3A,Platen Superheater,71,2021,2021-06-15,6.3,5.78,3.6,540,143.5,28.66,Safe
UNIT 3A,Platen Superheater,71,2022,2022-06-15,6.3,5.73,3.6,540,143.5,36.66,Safe
UNIT 3A,Platen Superheater,71,2023,2023-06-15,6.3,5.54,3.6,540,143.5,43.56,Watch
UNIT 3A,Platen Superheater,71,2024,2024-06-15,6.3,5.42,3.6,540,143.5,49.86,Watch
UNIT 3A,Platen Superheater,71,2025,2025-06-15,6.3,5.4,3.6,540,143.5,57.07,Watch
UNIT 3A,Platen Superheater,72,2021,2021-06-15,6.3,5.63,3.6,540,149.5,36.98,Safe
UNIT 3A,Platen Superheater,72,2022,2022-06-15,6.3,5.29,3.6,540,149.5,53.5,Watch
UNIT 3A,Platen Superheater,72,2023,2023-06-15,6.3,5.02,3.6,540,149.5,70.03,Watch
UNIT 3A,Platen Superheater,72,2024,2024-06-15,6.3,4.86,3.6,540,149.5,84.8,Critical
UNIT 3A,Platen Superheater,72,2025,2025-06-15,6.3,4.6,3.6,540,149.5,99.25,Critical
UNIT 3A,Platen Superheater,73,2021,2021-06-15,6.3,5.58,3.6,531,144.1,38.23,Safe
UNIT 3A,Platen Superheater,73,2022,2022-06-15,6.3,5.33,3.6,531,144.1,50.48,Watch
UNIT 3A,Platen Superheater,73,2023,2023-06-15,6.3,5.08,3.6,531,144.1,62.6,Watch
UNIT 3A,Platen Superheater,73,2024,2024-06-15,6.3,5.14,3.6,531,144.1,75.63,Watch
UNIT 3A,Platen Superheater,73,2025,2025-06-15,6.3,4.97,3.6,531,144.1,89.31,Critical
UNIT 3A,Platen Superheater,74,2021,2021-06-15,6.3,6.23,3.6,521,145.4,4.79,Safe
UNIT 3A,Platen Superheater,74,2022,2022-06-15,6.3,6.21,3.6,521,145.4,6.09,Safe
UNIT 3A,Platen Superheater,74,2023,2023-06-15,6.3,6.16,3.6,521,145.4,7.44,Safe
UNIT 3A,Platen Superheater,74,2024,2024-06-15,6.3,6.14,3.6,521,145.4,8.98,Safe
UNIT 3A,Platen Superheater,74,2025,2025-06-15,6.3,6.14,3.6,521,145.4,10.6,Safe
UNIT 3A,Platen Superheater,75,2021,2021-06-15,6.3,6.23,3.6,550,152,3.51,Safe
UNIT 3A,Platen Superheater,75,2022,2022-06-15,6.3,6.2,3.6,550,152,6.24,Safe
UNIT 3A,Platen Superheater,75,2023,2023-06-15,6.3,6.14,3.6,550,152,8.65,Safe
UNIT 3A,Platen Superheater,75,2024,2024-06-15,6.3,6.08,3.6,550,152,11.8,Safe
UNIT 3A,Platen Superheater,75,2025,2025-06-15,6.3,6.04,3.6,550,152,14.45,Safe
UNIT 3A,Platen Superheater,76,2021,2021-06-15,6.3,6.24,3.6,522,145.2,3.14,Safe
UNIT 3A,Platen Superheater,76,2022,2022-06-15,6.3,6.19,3.6,522,145.2,5.71,Safe
UNIT 3A,Platen Superheater,76,2023,2023-06-15,6.3,6.16,3.6,522,145.2,8.33,Safe
UNIT 3A,Platen Superheater,76,2024,2024-06-15,6.3,6.11,3.6,522,145.2,10.85,Safe
UNIT 3A,Platen Superheater,76,2025,2025-06-15,6.3,6.05,3.6,522,145.2,13.34,Safe
UNIT 3A,Platen Superheater,77,2021,2021-06-15,6.3,5.94,3.6,540,147.6,20.73,Safe
UNIT 3A,Platen Superheater,77,2022,2022-06-15,6.3,5.73,3.6,540,147.6,30.29,Safe
UNIT 3A,Platen Superheater,77,2023,2023-06-15,6.3,5.62,3.6,540,147.6,40.19,Watch
UNIT 3A,Platen Superheater,77,2024,2024-06-15,6.3,5.39,3.6,540,147.6,48.69,Watch
UNIT 3A,Platen Superheater,77,2025,2025-06-15,6.3,5.24,3.6,540,147.6,57.88,Watch
UNIT 3A,Platen Superheater,78,2021,2021-06-15,6.3,6.22,3.6,543,142.4,4.45,Safe
UNIT 3A,Platen Superheater,78,2022,2022-06-15,6.3,6.2,3.6,543,142.4,5.72,Safe
UNIT 3A,Platen Superheater,78,2023,2023-06-15,6.3,6.16,3.6,543,142.4,6.9,Safe
UNIT 3A,Platen Superheater,78,2024,2024-06-15,6.3,6.15,3.6,543,142.4,8.22,Safe
UNIT 3A,Platen Superheater,78,2025,2025-06-15,6.3,6.14,3.6,543,142.4,9.6,Safe
UNIT 3A,Platen Superheater,79,2021,2021-06-15,6.3,5.92,3.6,523,147.5,24.06,Safe
UNIT 3A,Platen Superheater,79,2022,2022-06-15,6.3,5.79,3.6,523,147.5,32.01,Safe
UNIT 3A,Platen Superheater,79,2023,2023-06-15,6.3,5.52,3.6,523,147.5,38.79,Safe
UNIT 3A,Platen Superheater,79,2024,2024-06-15,6.3,5.37,3.6,523,147.5,46.79,Watch
UNIT 3A,Platen Superheater,79,2025,2025-06-15,6.3,5.48,3.6,523,147.5,54.41,Watch
UNIT 3A,Platen Superheater,80,2021,2021-06-15,6.3,6.17,3.6,523,149.3,6.89,Safe
UNIT 3A,Platen Superheater,80,2022,2022-06-15,6.3,6.16,3.6,523,149.3,7.72,Safe
UNIT 3A,Platen Superheater,80,2023,2023-06-15,6.3,6.13,3.6,523,149.3,8.49,Safe
UNIT 3A,Platen Superheater,80,2024,2024-06-15,6.3,6.15,3.6,523,149.3,9.3,Safe
UNIT 3A,Platen Superheater,80,2025,2025-06-15,6.3,6.12,3.6,523,149.3,10.02,Safe
UNIT 3A,Platen Superheater,81,2021,2021-06-15,6.3,6.16,3.6,523,145.1,7.92,Safe
UNIT 3A,Platen Superheater,81,2022,2022-06-15,6.3,6.14,3.6,523,145.1,9.97,Safe
UNIT 3A,Platen Superheater,81,2023,2023-06-15,6.3,6.1,3.6,523,145.1,12.26,Safe
UNIT 3A,Platen Superheater,81,2024,2024-06-15,6.3,6,3.6,523,145.1,14.92,Safe
UNIT 3A,Platen Superheater,81,2025,2025-06-15,6.3,5.98,3.6,523,145.1,17.18,Safe
UNIT 3A,Platen Superheater,82,2021,2021-06-15,6.3,5.93,3.6,546,144.9,22.8,Safe
UNIT 3A,Platen Superheater,82,2022,2022-06-15,6.3,5.82,3.6,546,144.9,29.74,Safe
UNIT 3A,Platen Superheater,82,2023,2023-06-15,6.3,5.71,3.6,546,144.9,38.54,Safe
UNIT 3A,Platen Superheater,82,2024,2024-06-15,6.3,5.49,3.6,546,144.9,45.97,Watch
UNIT 3A,Platen Superheater,82,2025,2025-06-15,6.3,5.36,3.6,546,144.9,53.48,Watch
UNIT 3A,Platen Superheater,83,2021,2021-06-15,6.3,5.59,3.6,538,148.5,41.02,Watch
UNIT 3A,Platen Superheater,83,2022,2022-06-15,6.3,5.43,3.6,538,148.5,53.95,Watch
UNIT 3A,Platen Superheater,83,2023,2023-06-15,6.3,5.29,3.6,538,148.5,67.49,Watch
UNIT 3A,Platen Superheater,83,2024,2024-06-15,6.3,4.81,3.6,538,148.5,80.33,Critical
UNIT 3A,Platen Superheater,83,2025,2025-06-15,6.3,4.9,3.6,538,148.5,92.28,Critical
UNIT 3A,Platen Superheater,84,2021,2021-06-15,6.3,5.76,3.6,544,154.4,31.25,Safe
UNIT 3A,Platen Superheater,84,2022,2022-06-15,6.3,5.57,3.6,544,154.4,40.27,Watch
UNIT 3A,Platen Superheater,84,2023,2023-06-15,6.3,5.38,3.6,544,154.4,50.35,Watch
UNIT 3A,Platen Superheater,84,2024,2024-06-15,6.3,5.4,3.6,544,154.4,59.54,Watch
UNIT 3A,Platen Superheater,84,2025,2025-06-15,6.3,5.23,3.6,544,154.4,68.4,Watch
UNIT 3A,Platen Superheater,85,2021,2021-06-15,6.3,5.76,3.6,551,154.2,32.22,Safe
UNIT 3A,Platen Superheater,85,2022,2022-06-15,6.3,5.41,3.6,551,154.2,47.83,Watch
UNIT 3A,Platen Superheater,85,2023,2023-06-15,6.3,5.21,3.6,551,154.2,62.47,Watch
UNIT 3A,Platen Superheater,85,2024,2024-06-15,6.3,4.8,3.6,551,154.2,79.42,Watch
UNIT 3A,Platen Superheater,85,2025,2025-06-15,6.3,4.36,3.6,551,154.2,96.34,Critical
UNIT 3A,Platen Superheater,86,2021,2021-06-15,6.3,6.2,3.6,541,151.1,5.33,Safe
UNIT 3A,Platen Superheater,86,2022,2022-06-15,6.3,6.17,3.6,541,151.1,7.71,Safe
UNIT 3A,Platen Superheater,86,2023,2023-06-15,6.3,6.14,3.6,541,151.1,9.93,Safe
UNIT 3A,Platen Superheater,86,2024,2024-06-15,6.3,6.07,3.6,541,151.1,12.12,Safe
UNIT 3A,Platen Superheater,86,2025,2025-06-15,6.3,6.05,3.6,541,151.1,14.43,Safe
UNIT 3A,Platen Superheater,87,2021,2021-06-15,6.3,5.83,3.6,538,144.6,23.13,Safe
UNIT 3A,Platen Superheater,87,2022,2022-06-15,6.3,5.74,3.6,538,144.6,29.75,Safe
UNIT 3A,Platen Superheater,87,2023,2023-06-15,6.3,5.61,3.6,538,144.6,37.08,Safe
UNIT 3A,Platen Superheater,87,2024,2024-06-15,6.3,5.47,3.6,538,144.6,44.57,Watch
UNIT 3A,Platen Superheater,87,2025,2025-06-15,6.3,5.36,3.6,538,144.6,52.62,Watch
UNIT 3A,Platen Superheater,88,2021,2021-06-15,6.3,5.53,3.6,552,147.4,43.33,Watch
UNIT 3A,Platen Superheater,88,2022,2022-06-15,6.3,5.38,3.6,552,147.4,54.54,Watch
UNIT 3A,Platen Superheater,88,2023,2023-06-15,6.3,5.06,3.6,552,147.4,66.33,Watch
UNIT 3A,Platen Superheater,88,2024,2024-06-15,6.3,4.84,3.6,552,147.4,77.93,Watch
UNIT 3A,Platen Superheater,88,2025,2025-06-15,6.3,4.67,3.6,552,147.4,90.1,Critical
UNIT 3A,Platen Superheater,89,2021,2021-06-15,6.3,5.79,3.6,521,144.3,28.6,Safe
UNIT 3A,Platen Superheater,89,2022,2022-06-15,6.3,5.56,3.6,521,144.3,37.26,Safe
UNIT 3A,Platen Superheater,89,2023,2023-06-15,6.3,5.57,3.6,521,144.3,45.9,Watch
UNIT 3A,Platen Superheater,89,2024,2024-06-15,6.3,5.36,3.6,521,144.3,55.14,Watch
UNIT 3A,Platen Superheater,89,2025,2025-06-15,6.3,5.17,3.6,521,144.3,63.07,Watch
UNIT 3A,Platen Superheater,90,2021,2021-06-15,6.3,5.85,3.6,537,151.6,26.81,Safe
UNIT 3A,Platen Superheater,90,2022,2022-06-15,6.3,5.6,3.6,537,151.6,35.03,Safe
UNIT 3A,Platen Superheater,90,2023,2023-06-15,6.3,5.64,3.6,537,151.6,44.08,Watch
UNIT 3A,Platen Superheater,90,2024,2024-06-15,6.3,5.44,3.6,537,151.6,53.83,Watch
UNIT 3A,Platen Superheater,90,2025,2025-06-15,6.3,5.12,3.6,537,151.6,63.48,Watch
UNIT 3A,Platen Superheater,91,2021,2021-06-15,6.3,6.19,3.6,555,149.4,6.13,Safe
UNIT 3A,Platen Superheater,91,2022,2022-06-15,6.3,6.19,3.6,555,149.4,7.35,Safe
UNIT 3A,Platen Superheater,91,2023,2023-06-15,6.3,6.17,3.6,555,149.4,8.57,Safe
UNIT 3A,Platen Superheater,91,2024,2024-06-15,6.3,6.11,3.6,555,149.4,9.87,Safe
UNIT 3A,Platen Superheater,91,2025,2025-06-15,6.3,6.08,3.6,555,149.4,11.28,Safe
UNIT 3A,Platen Superheater,92,2021,2021-06-15,6.3,6.17,3.6,531,151.1,6.91,Safe
UNIT 3A,Platen Superheater,92,2022,2022-06-15,6.3,6.14,3.6,531,151.1,8.77,Safe
UNIT 3A,Platen Superheater,92,2023,2023-06-15,6.3,6.09,3.6,531,151.1,10.45,Safe
UNIT 3A,Platen Superheater,92,2024,2024-06-15,6.3,6.07,3.6,531,151.1,12.09,Safe
UNIT 3A,Platen Superheater,92,2025,2025-06-15,6.3,6.1,3.6,531,151.1,13.52,Safe
UNIT 3A,Platen Superheater,93,2021,2021-06-15,6.3,5.9,3.6,534,143.7,20.07,Safe
UNIT 3A,Platen Superheater,93,2022,2022-06-15,6.3,5.85,3.6,534,143.7,30.1,Safe
UNIT 3A,Platen Superheater,93,2023,2023-06-15,6.3,5.6,3.6,534,143.7,39.03,Safe
UNIT 3A,Platen Superheater,93,2024,2024-06-15,6.3,5.27,3.6,534,143.7,50.96,Watch
UNIT 3A,Platen Superheater,93,2025,2025-06-15,6.3,5.24,3.6,534,143.7,60.86,Watch
UNIT 3A,Platen Superheater,94,2021,2021-06-15,6.3,5.54,3.6,545,143.8,41.6,Watch
UNIT 3A,Platen Superheater,94,2022,2022-06-15,6.3,5.47,3.6,545,143.8,55.77,Watch
UNIT 3A,Platen Superheater,94,2023,2023-06-15,6.3,5.22,3.6,545,143.8,67.39,Watch
UNIT 3A,Platen Superheater,94,2024,2024-06-15,6.3,5.06,3.6,545,143.8,78.62,Watch
UNIT 3A,Platen Superheater,94,2025,2025-06-15,6.3,4.89,3.6,545,143.8,91.75,Critical
UNIT 3A,Platen Superheater,95,2021,2021-06-15,6.3,6.21,3.6,520,141.3,5.28,Safe
UNIT 3A,Platen Superheater,95,2022,2022-06-15,6.3,6.13,3.6,520,141.3,8.51,Safe
UNIT 3A,Platen Superheater,95,2023,2023-06-15,6.3,6.11,3.6,520,141.3,11.25,Safe
UNIT 3A,Platen Superheater,95,2024,2024-06-15,6.3,6.07,3.6,520,141.3,14.1,Safe
UNIT 3A,Platen Superheater,95,2025,2025-06-15,6.3,6.02,3.6,520,141.3,17.35,Safe
UNIT 3A,Platen Superheater,96,2021,2021-06-15,6.3,6.25,3.6,527,152.9,3.06,Safe
UNIT 3A,Platen Superheater,96,2022,2022-06-15,6.3,6.23,3.6,527,152.9,4.16,Safe
UNIT 3A,Platen Superheater,96,2023,2023-06-15,6.3,6.22,3.6,527,152.9,5.13,Safe
UNIT 3A,Platen Superheater,96,2024,2024-06-15,6.3,6.21,3.6,527,152.9,6.14,Safe
UNIT 3A,Platen Superheater,96,2025,2025-06-15,6.3,6.16,3.6,527,152.9,7.17,Safe
UNIT 3A,Platen Superheater,97,2021,2021-06-15,6.3,6.21,3.6,523,143.3,5.66,Safe
UNIT 3A,Platen Superheater,97,2022,2022-06-15,6.3,6.16,3.6,523,143.3,7.42,Safe
UNIT 3A,Platen Superheater,97,2023,2023-06-15,6.3,6.15,3.6,523,143.3,9.14,Safe
UNIT 3A,Platen Superheater,97,2024,2024-06-15,6.3,6.13,3.6,523,143.3,11.13,Safe
UNIT 3A,Platen Superheater,97,2025,2025-06-15,6.3,6.05,3.6,523,143.3,13.11,Safe
UNIT 3A,Platen Superheater,98,2021,2021-06-15,6.3,6.2,3.6,543,151.4,5.06,Safe
UNIT 3A,Platen Superheater,98,2022,2022-06-15,6.3,6.2,3.6,543,151.4,6.23,Safe
UNIT 3A,Platen Superheater,98,2023,2023-06-15,6.3,6.17,3.6,543,151.4,7.43,Safe
UNIT 3A,Platen Superheater,98,2024,2024-06-15,6.3,6.13,3.6,543,151.4,8.71,Safe
UNIT 3A,Platen Superheater,98,2025,2025-06-15,6.3,6.11,3.6,543,151.4,10.07,Safe
UNIT 3A,Platen Superheater,99,2021,2021-06-15,6.3,6.27,3.6,548,145.1,1.88,Safe
UNIT 3A,Platen Superheater,99,2022,2022-06-15,6.3,6.25,3.6,548,145.1,3.45,Safe
UNIT 3A,Platen Superheater,99,2023,2023-06-15,6.3,6.23,3.6,548,145.1,4.88,Safe
UNIT 3A,Platen Superheater,99,2024,2024-06-15,6.3,6.18,3.6,548,145.1,6.49,Safe
UNIT 3A,Platen Superheater,99,2025,2025-06-15,6.3,6.18,3.6,548,145.1,7.95,Safe
UNIT 3A,Platen Superheater,100,2021,2021-06-15,6.3,6.22,3.6,520,152.1,4.25,Safe
UNIT 3A,Platen Superheater,100,2022,2022-06-15,6.3,6.18,3.6,520,152.1,6.46,Safe
UNIT 3A,Platen Superheater,100,2023,2023-06-15,6.3,6.14,3.6,520,152.1,8.57,Safe
UNIT 3A,Platen Superheater,100,2024,2024-06-15,6.3,6.14,3.6,520,152.1,10.8,Safe
UNIT 3A,Platen Superheater,100,2025,2025-06-15,6.3,6.04,3.6,520,152.1,13.4,Safe
UNIT 3A,Platen Superheater,101,2021,2021-06-15,6.3,6.24,3.6,550,144.6,3.67,Safe
UNIT 3A,Platen Superheater,101,2022,2022-06-15,6.3,6.22,3.6,550,144.6,5.24,Safe
UNIT 3A,Platen Superheater,101,2023,2023-06-15,6.3,6.19,3.6,550,144.6,6.71,Safe
UNIT 3A,Platen Superheater,101,2024,2024-06-15,6.3,6.17,3.6,550,144.6,8.28,Safe
UNIT 3A,Platen Superheater,101,2025,2025-06-15,6.3,6.12,3.6,550,144.6,9.66,Safe
UNIT 3A,Platen Superheater,102,2021,2021-06-15,6.3,5.63,3.6,550,151.5,43.41,Watch
UNIT 3A,Platen Superheater,102,2022,2022-06-15,6.3,5.24,3.6,550,151.5,56.62,Watch
UNIT 3A,Platen Superheater,102,2023,2023-06-15,6.3,5.01,3.6,550,151.5,68,Watch
UNIT 3A,Platen Superheater,102,2024,2024-06-15,6.3,4.84,3.6,550,151.5,80.77,Critical
UNIT 3A,Platen Superheater,102,2025,2025-06-15,6.3,4.55,3.6,550,151.5,92.94,Critical
UNIT 3A,Platen Superheater,103,2021,2021-06-15,6.3,6.21,3.6,533,154.3,5.95,Safe
UNIT 3A,Platen Superheater,103,2022,2022-06-15,6.3,6.15,3.6,533,154.3,8.27,Safe
UNIT 3A,Platen Superheater,103,2023,2023-06-15,6.3,6.11,3.6,533,154.3,10.81,Safe
UNIT 3A,Platen Superheater,103,2024,2024-06-15,6.3,6.03,3.6,533,154.3,13.62,Safe
UNIT 3A,Platen Superheater,103,2025,2025-06-15,6.3,6,3.6,533,154.3,16.14,Safe
UNIT 3A,Platen Superheater,104,2021,2021-06-15,6.3,5.72,3.6,550,147.6,32.35,Safe
UNIT 3A,Platen Superheater,104,2022,2022-06-15,6.3,5.46,3.6,550,147.6,45.99,Watch
UNIT 3A,Platen Superheater,104,2023,2023-06-15,6.3,5.43,3.6,550,147.6,58.19,Watch
UNIT 3A,Platen Superheater,104,2024,2024-06-15,6.3,4.9,3.6,550,147.6,69.46,Watch
UNIT 3A,Platen Superheater,104,2025,2025-06-15,6.3,4.91,3.6,550,147.6,83.82,Critical
UNIT 3A,Platen Superheater,105,2021,2021-06-15,6.3,6.25,3.6,528,146,2.85,Safe
UNIT 3A,Platen Superheater,105,2022,2022-06-15,6.3,6.22,3.6,528,146,5.05,Safe
UNIT 3A,Platen Superheater,105,2023,2023-06-15,6.3,6.17,3.6,528,146,7.48,Safe
UNIT 3A,Platen Superheater,105,2024,2024-06-15,6.3,6.13,3.6,528,146,9.64,Safe
UNIT 3A,Platen Superheater,105,2025,2025-06-15,6.3,6.07,3.6,528,146,11.95,Safe
UNIT 3A,Platen Superheater,106,2021,2021-06-15,6.3,5.82,3.6,522,150.4,28.46,Safe
UNIT 3A,Platen Superheater,106,2022,2022-06-15,6.3,5.73,3.6,522,150.4,38.02,Safe
UNIT 3A,Platen Superheater,106,2023,2023-06-15,6.3,5.4,3.6,522,150.4,49.51,Watch
UNIT 3A,Platen Superheater,106,2024,2024-06-15,6.3,5.25,3.6,522,150.4,59.25,Watch
UNIT 3A,Platen Superheater,106,2025,2025-06-15,6.3,5.23,3.6,522,150.4,67.9,Watch
UNIT 3A,Platen Superheater,107,2021,2021-06-15,6.3,6.22,3.6,555,152.2,5.27,Safe
UNIT 3A,Platen Superheater,107,2022,2022-06-15,6.3,6.15,3.6,555,152.2,7.95,Safe
UNIT 3A,Platen Superheater,107,2023,2023-06-15,6.3,6.14,3.6,555,152.2,10.31,Safe
UNIT 3A,Platen Superheater,107,2024,2024-06-15,6.3,6.1,3.6,555,152.2,12.62,Safe
UNIT 3A,Platen Superheater,107,2025,2025-06-15,6.3,6.06,3.6,555,152.2,15.17,Safe
UNIT 3A,Platen Superheater,108,2021,2021-06-15,6.3,5.82,3.6,541,142.9,23.83,Safe
UNIT 3A,Platen Superheater,108,2022,2022-06-15,6.3,5.82,3.6,541,142.9,30.05,Safe
UNIT 3A,Platen Superheater,108,2023,2023-06-15,6.3,5.69,3.6,541,142.9,36.06,Safe
UNIT 3A,Platen Superheater,108,2024,2024-06-15,6.3,5.48,3.6,541,142.9,42.87,Watch
UNIT 3A,Platen Superheater,108,2025,2025-06-15,6.3,5.4,3.6,541,142.9,49.21,Watch
UNIT 3A,Platen Superheater,109,2021,2021-06-15,6.3,6.26,3.6,536,152.3,2.32,Safe
UNIT 3A,Platen Superheater,109,2022,2022-06-15,6.3,6.21,3.6,536,152.3,4.67,Safe
UNIT 3A,Platen Superheater,109,2023,2023-06-15,6.3,6.18,3.6,536,152.3,6.54,Safe
UNIT 3A,Platen Superheater,109,2024,2024-06-15,6.3,6.15,3.6,536,152.3,8.65,Safe
UNIT 3A,Platen Superheater,109,2025,2025-06-15,6.3,6.09,3.6,536,152.3,10.71,Safe
UNIT 3A,Platen Superheater,110,2021,2021-06-15,6.3,6.23,3.6,545,153.6,3.59,Safe
UNIT 3A,Platen Superheater,110,2022,2022-06-15,6.3,6.21,3.6,545,153.6,4.37,Safe
UNIT 3A,Platen Superheater,110,2023,2023-06-15,6.3,6.2,3.6,545,153.6,5.37,Safe
UNIT 3A,Platen Superheater,110,2024,2024-06-15,6.3,6.19,3.6,545,153.6,6.15,Safe
UNIT 3A,Platen Superheater,110,2025,2025-06-15,6.3,6.19,3.6,545,153.6,6.93,Safe
UNIT 3A,Platen Superheater,111,2021,2021-06-15,6.3,6.19,3.6,541,140.3,6.88,Safe
UNIT 3A,Platen Superheater,111,2022,2022-06-15,6.3,6.14,3.6,541,140.3,8.57,Safe
UNIT 3A,Platen Superheater,111,2023,2023-06-15,6.3,6.11,3.6,541,140.3,10.1,Safe
UNIT 3A,Platen Superheater,111,2024,2024-06-15,6.3,6.08,3.6,541,140.3,11.74,Safe
UNIT 3A,Platen Superheater,111,2025,2025-06-15,6.3,6.09,3.6,541,140.3,13.44,Safe
UNIT 3A,Platen Superheater,112,2021,2021-06-15,6.3,5.4,3.6,553,153.7,46.92,Watch
UNIT 3A,Platen Superheater,112,2022,2022-06-15,6.3,5.3,3.6,553,153.7,55.71,Watch
UNIT 3A,Platen Superheater,112,2023,2023-06-15,6.3,5.21,3.6,553,153.7,64.7,Watch
UNIT 3A,Platen Superheater,112,2024,2024-06-15,6.3,4.87,3.6,553,153.7,73.94,Watch
UNIT 3A,Platen Superheater,112,2025,2025-06-15,6.3,4.78,3.6,553,153.7,82.81,Critical
UNIT 3A,Platen Superheater,113,2021,2021-06-15,6.3,6.17,3.6,534,146.8,7.26,Safe
UNIT 3A,Platen Superheater,113,2022,2022-06-15,6.3,6.15,3.6,534,146.8,8.35,Safe
UNIT 3A,Platen Superheater,113,2023,2023-06-15,6.3,6.14,3.6,534,146.8,9.33,Safe
UNIT 3A,Platen Superheater,113,2024,2024-06-15,6.3,6.11,3.6,534,146.8,10.18,Safe
UNIT 3A,Platen Superheater,113,2025,2025-06-15,6.3,6.11,3.6,534,146.8,11.05,Safe
UNIT 3A,Platen Superheater,114,2021,2021-06-15,6.3,5.87,3.6,543,144.7,27.42,Safe
UNIT 3A,Platen Superheater,114,2022,2022-06-15,6.3,5.57,3.6,543,144.7,36.42,Safe
UNIT 3A,Platen Superheater,114,2023,2023-06-15,6.3,5.56,3.6,543,144.7,44.43,Watch
UNIT 3A,Platen Superheater,114,2024,2024-06-15,6.3,5.53,3.6,543,144.7,51.44,Watch
UNIT 3A,Platen Superheater,114,2025,2025-06-15,6.3,5.12,3.6,543,144.7,59.29,Watch
UNIT 3A,Platen Superheater,115,2021,2021-06-15,6.3,5.9,3.6,525,146.4,25.15,Safe
UNIT 3A,Platen Superheater,115,2022,2022-06-15,6.3,5.68,3.6,525,146.4,36.72,Safe
UNIT 3A,Platen Superheater,115,2023,2023-06-15,6.3,5.49,3.6,525,146.4,47.58,Watch
UNIT 3A,Platen Superheater,115,2024,2024-06-15,6.3,5.22,3.6,525,146.4,59.2,Watch
UNIT 3A,Platen Superheater,115,2025,2025-06-15,6.3,5.22,3.6,525,146.4,69.54,Watch
UNIT 3A,Platen Superheater,116,2021,2021-06-15,6.3,6.18,3.6,529,140.8,7.02,Safe
UNIT 3A,Platen Superheater,116,2022,2022-06-15,6.3,6.16,3.6,529,140.8,8.47,Safe
UNIT 3A,Platen Superheater,116,2023,2023-06-15,6.3,6.14,3.6,529,140.8,9.88,Safe
UNIT 3A,Platen Superheater,116,2024,2024-06-15,6.3,6.13,3.6,529,140.8,11.15,Safe
UNIT 3A,Platen Superheater,116,2025,2025-06-15,6.3,6.05,3.6,529,140.8,12.43,Safe
UNIT 3A,Platen Superheater,117,2021,2021-06-15,6.3,6.2,3.6,529,144.1,5.67,Safe
UNIT 3A,Platen Superheater,117,2022,2022-06-15,6.3,6.16,3.6,529,144.1,7.3,Safe
UNIT 3A,Platen Superheater,117,2023,2023-06-15,6.3,6.12,3.6,529,144.1,9.14,Safe
UNIT 3A,Platen Superheater,117,2024,2024-06-15,6.3,6.14,3.6,529,144.1,10.63,Safe
UNIT 3A,Platen Superheater,117,2025,2025-06-15,6.3,6.07,3.6,529,144.1,12.12,Safe
UNIT 3A,Platen Superheater,118,2021,2021-06-15,6.3,6.17,3.6,525,148,6.72,Safe
UNIT 3A,Platen Superheater,118,2022,2022-06-15,6.3,6.17,3.6,525,148,8.2,Safe
UNIT 3A,Platen Superheater,118,2023,2023-06-15,6.3,6.11,3.6,525,148,9.47,Safe
UNIT 3A,Platen Superheater,118,2024,2024-06-15,6.3,6.12,3.6,525,148,10.9,Safe
UNIT 3A,Platen Superheater,118,2025,2025-06-15,6.3,6.09,3.6,525,148,12.29,Safe
UNIT 3A,Platen Superheater,119,2021,2021-06-15,6.3,5.86,3.6,535,141.9,29.48,Safe
UNIT 3A,Platen Superheater,119,2022,2022-06-15,6.3,5.72,3.6,535,141.9,35.87,Safe
UNIT 3A,Platen Superheater,119,2023,2023-06-15,6.3,5.63,3.6,535,141.9,41.83,Watch
UNIT 3A,Platen Superheater,119,2024,2024-06-15,6.3,5.34,3.6,535,141.9,49.31,Watch
UNIT 3A,Platen Superheater,119,2025,2025-06-15,6.3,5.33,3.6,535,141.9,57.12,Watch
UNIT 3A,Platen Superheater,120,2021,2021-06-15,6.3,6.23,3.6,539,143.8,4.3,Safe
UNIT 3A,Platen Superheater,120,2022,2022-06-15,6.3,6.18,3.6,539,143.8,6.8,Safe
UNIT 3A,Platen Superheater,120,2023,2023-06-15,6.3,6.12,3.6,539,143.8,8.93,Safe
UNIT 3A,Platen Superheater,120,2024,2024-06-15,6.3,6.09,3.6,539,143.8,11.48,Safe
UNIT 3A,Platen Superheater,120,2025,2025-06-15,6.3,6.04,3.6,539,143.8,13.76,Safe
UNIT 3A,Platen Superheater,121,2021,2021-06-15,6.3,5.75,3.6,533,143.1,27.9,Safe
UNIT 3A,Platen Superheater,121,2022,2022-06-15,6.3,5.74,3.6,533,143.1,36.68,Safe
UNIT 3A,Platen Superheater,121,2023,2023-06-15,6.3,5.59,3.6,533,143.1,44.51,Watch
UNIT 3A,Platen Superheater,121,2024,2024-06-15,6.3,5.37,3.6,533,143.1,52.81,Watch
UNIT 3A,Platen Superheater,121,2025,2025-06-15,6.3,5.31,3.6,533,143.1,62.35,Watch
UNIT 3A,Platen Superheater,122,2021,2021-06-15,6.3,5.73,3.6,550,152.5,31.15,Safe
UNIT 3A,Platen Superheater,122,2022,2022-06-15,6.3,5.67,3.6,550,152.5,40.62,Watch
UNIT 3A,Platen Superheater,122,2023,2023-06-15,6.3,5.47,3.6,550,152.5,48.21,Watch
UNIT 3A,Platen Superheater,122,2024,2024-06-15,6.3,5.36,3.6,550,152.5,56.01,Watch
UNIT 3A,Platen Superheater,122,2025,2025-06-15,6.3,5.03,3.6,550,152.5,64.17,Watch
UNIT 3A,Platen Superheater,123,2021,2021-06-15,6.3,6.28,3.6,545,149.8,1.23,Safe
UNIT 3A,Platen Superheater,123,2022,2022-06-15,6.3,6.24,3.6,545,149.8,3.51,Safe
UNIT 3A,Platen Superheater,123,2023,2023-06-15,6.3,6.21,3.6,545,149.8,5.87,Safe
UNIT 3A,Platen Superheater,123,2024,2024-06-15,6.3,6.16,3.6,545,149.8,8.11,Safe
UNIT 3A,Platen Superheater,123,2025,2025-06-15,6.3,6.09,3.6,545,149.8,10.56,Safe
UNIT 3A,Platen Superheater,124,2021,2021-06-15,6.3,6.28,3.6,521,149.8,0.91,Safe
UNIT 3A,Platen Superheater,124,2022,2022-06-15,6.3,6.25,3.6,521,149.8,3.54,Safe
UNIT 3A,Platen Superheater,124,2023,2023-06-15,6.3,6.17,3.6,521,149.8,6.43,Safe
UNIT 3A,Platen Superheater,124,2024,2024-06-15,6.3,6.16,3.6,521,149.8,8.62,Safe
UNIT 3A,Platen Superheater,124,2025,2025-06-15,6.3,6.09,3.6,521,149.8,10.95,Safe
UNIT 3A,Platen Superheater,125,2021,2021-06-15,6.3,5.87,3.6,549,145.8,24.24,Safe
UNIT 3A,Platen Superheater,125,2022,2022-06-15,6.3,5.75,3.6,549,145.8,33.94,Safe
UNIT 3A,Platen Superheater,125,2023,2023-06-15,6.3,5.44,3.6,549,145.8,43.47,Watch
UNIT 3A,Platen Superheater,125,2024,2024-06-15,6.3,5.25,3.6,549,145.8,53.24,Watch
UNIT 3A,Platen Superheater,125,2025,2025-06-15,6.3,5.1,3.6,549,145.8,63.14,Watch
UNIT 3A,Platen Superheater,126,2021,2021-06-15,6.3,6.3,3.6,536,142.4,0.16,Safe
UNIT 3A,Platen Superheater,126,2022,2022-06-15,6.3,6.27,3.6,536,142.4,1.72,Safe
UNIT 3A,Platen Superheater,126,2023,2023-06-15,6.3,6.25,3.6,536,142.4,3.21,Safe
UNIT 3A,Platen Superheater,126,2024,2024-06-15,6.3,6.21,3.6,536,142.4,4.76,Safe
UNIT 3A,Platen Superheater,126,2025,2025-06-15,6.3,6.19,3.6,536,142.4,6.07,Safe
UNIT 3A,Platen Superheater,127,2021,2021-06-15,6.3,5.79,3.6,540,146.7,28.79,Safe
UNIT 3A,Platen Superheater,127,2022,2022-06-15,6.3,5.54,3.6,540,146.7,37.9,Safe
UNIT 3A,Platen Superheater,127,2023,2023-06-15,6.3,5.44,3.6,540,146.7,47.29,Watch
UNIT 3A,Platen Superheater,127,2024,2024-06-15,6.3,5.29,3.6,540,146.7,56.01,Watch
UNIT 3A,Platen Superheater,127,2025,2025-06-15,6.3,5.32,3.6,540,146.7,64.63,Watch
UNIT 3A,Platen Superheater,128,2021,2021-06-15,6.3,6.18,3.6,526,150.1,6.96,Safe
UNIT 3A,Platen Superheater,128,2022,2022-06-15,6.3,6.17,3.6,526,150.1,8.61,Safe
UNIT 3A,Platen Superheater,128,2023,2023-06-15,6.3,6.12,3.6,526,150.1,10.45,Safe
UNIT 3A,Platen Superheater,128,2024,2024-06-15,6.3,6.11,3.6,526,150.1,12.19,Safe
UNIT 3A,Platen Superheater,128,2025,2025-06-15,6.3,6.03,3.6,526,150.1,13.96,Safe
UNIT 3A,Platen Superheater,129,2021,2021-06-15,6.3,5.98,3.6,547,145.9,21.33,Safe
UNIT 3A,Platen Superheater,129,2022,2022-06-15,6.3,5.74,3.6,547,145.9,28.16,Safe
UNIT 3A,Platen Superheater,129,2023,2023-06-15,6.3,5.62,3.6,547,145.9,35.37,Safe
UNIT 3A,Platen Superheater,129,2024,2024-06-15,6.3,5.62,3.6,547,145.9,41.76,Watch
UNIT 3A,Platen Superheater,129,2025,2025-06-15,6.3,5.46,3.6,547,145.9,49.91,Watch
UNIT 3A,Platen Superheater,130,2021,2021-06-15,6.3,6.26,3.6,523,148,2.44,Safe
UNIT 3A,Platen Superheater,130,2022,2022-06-15,6.3,6.24,3.6,523,148,4.22,Safe
UNIT 3A,Platen Superheater,130,2023,2023-06-15,6.3,6.18,3.6,523,148,6.46,Safe
UNIT 3A,Platen Superheater,130,2024,2024-06-15,6.3,6.17,3.6,523,148,8.35,Safe
UNIT 3A,Platen Superheater,130,2025,2025-06-15,6.3,6.09,3.6,523,148,10.48,Safe
UNIT 3A,Platen Superheater,131,2021,2021-06-15,6.3,5.82,3.6,551,144.4,30.72,Safe
UNIT 3A,Platen Superheater,131,2022,2022-06-15,6.3,5.63,3.6,551,144.4,40.46,Watch
UNIT 3A,Platen Superheater,131,2023,2023-06-15,6.3,5.52,3.6,551,144.4,51.52,Watch
UNIT 3A,Platen Superheater,131,2024,2024-06-15,6.3,5.08,3.6,551,144.4,61.83,Watch
UNIT 3A,Platen Superheater,131,2025,2025-06-15,6.3,4.96,3.6,551,144.4,73.17,Watch
UNIT 3A,Platen Superheater,132,2021,2021-06-15,6.3,5.9,3.6,552,154.7,20.1,Safe
UNIT 3A,Platen Superheater,132,2022,2022-06-15,6.3,5.9,3.6,552,154.7,26.92,Safe
UNIT 3A,Platen Superheater,132,2023,2023-06-15,6.3,5.74,3.6,552,154.7,34.54,Safe
UNIT 3A,Platen Superheater,132,2024,2024-06-15,6.3,5.62,3.6,552,154.7,43.3,Watch
UNIT 3A,Platen Superheater,132,2025,2025-06-15,6.3,5.37,3.6,552,154.7,51.93,Watch
UNIT 3A,Platen Superheater,133,2021,2021-06-15,6.3,5.76,3.6,531,145.6,27.42,Safe
UNIT 3A,Platen Superheater,133,2022,2022-06-15,6.3,5.55,3.6,531,145.6,38.92,Safe
UNIT 3A,Platen Superheater,133,2023,2023-06-15,6.3,5.32,3.6,531,145.6,49.77,Watch
UNIT 3A,Platen Superheater,133,2024,2024-06-15,6.3,5.19,3.6,531,145.6,59.63,Watch
UNIT 3A,Platen Superheater,133,2025,2025-06-15,6.3,5.04,3.6,531,145.6,69.82,Watch
UNIT 3A,Platen Superheater,134,2021,2021-06-15,6.3,6.21,3.6,535,153.5,4.59,Safe
UNIT 3A,Platen Superheater,134,2022,2022-06-15,6.3,6.2,3.6,535,153.5,6.68,Safe
UNIT 3A,Platen Superheater,134,2023,2023-06-15,6.3,6.13,3.6,535,153.5,8.5,Safe
UNIT 3A,Platen Superheater,134,2024,2024-06-15,6.3,6.1,3.6,535,153.5,10.59,Safe
UNIT 3A,Platen Superheater,134,2025,2025-06-15,6.3,6.08,3.6,535,153.5,12.61,Safe
UNIT 3A,Platen Superheater,135,2021,2021-06-15,6.3,6.21,3.6,526,152.7,5.48,Safe
UNIT 3A,Platen Superheater,135,2022,2022-06-15,6.3,6.19,3.6,526,152.7,7.03,Safe
UNIT 3A,Platen Superheater,135,2023,2023-06-15,6.3,6.16,3.6,526,152.7,8.32,Safe
UNIT 3A,Platen Superheater,135,2024,2024-06-15,6.3,6.11,3.6,526,152.7,9.57,Safe
UNIT 3A,Platen Superheater,135,2025,2025-06-15,6.3,6.13,3.6,526,152.7,11.19,Safe
UNIT 3A,Platen Superheater,136,2021,2021-06-15,6.3,6.19,3.6,546,148.7,7.1,Safe
UNIT 3A,Platen Superheater,136,2022,2022-06-15,6.3,6.14,3.6,546,148.7,9.09,Safe
UNIT 3A,Platen Superheater,136,2023,2023-06-15,6.3,6.09,3.6,546,148.7,11.75,Safe
UNIT 3A,Platen Superheater,136,2024,2024-06-15,6.3,6.09,3.6,546,148.7,14.01,Safe
UNIT 3A,Platen Superheater,136,2025,2025-06-15,6.3,6.02,3.6,546,148.7,16.64,Safe
UNIT 3A,Platen Superheater,137,2021,2021-06-15,6.3,6.29,3.6,532,144.8,0.51,Safe
UNIT 3A,Platen Superheater,137,2022,2022-06-15,6.3,6.27,3.6,532,144.8,2,Safe
UNIT 3A,Platen Superheater,137,2023,2023-06-15,6.3,6.25,3.6,532,144.8,3.37,Safe
UNIT 3A,Platen Superheater,137,2024,2024-06-15,6.3,6.21,3.6,532,144.8,4.61,Safe
UNIT 3A,Platen Superheater,137,2025,2025-06-15,6.3,6.18,3.6,532,144.8,6.09,Safe
UNIT 3A,Platen Superheater,138,2021,2021-06-15,6.3,5.59,3.6,533,154.9,38.76,Safe
UNIT 3A,Platen Superheater,138,2022,2022-06-15,6.3,5.47,3.6,533,154.9,53.3,Watch
UNIT 3A,Platen Superheater,138,2023,2023-06-15,6.3,5.05,3.6,533,154.9,65.97,Watch
UNIT 3A,Platen Superheater,138,2024,2024-06-15,6.3,4.87,3.6,533,154.9,78.31,Watch
UNIT 3A,Platen Superheater,138,2025,2025-06-15,6.3,4.46,3.6,533,154.9,91.22,Critical
UNIT 3A,Platen Superheater,139,2021,2021-06-15,6.3,5.67,3.6,532,147.9,38.43,Safe
UNIT 3A,Platen Superheater,139,2022,2022-06-15,6.3,5.19,3.6,532,147.9,56.14,Watch
UNIT 3A,Platen Superheater,139,2023,2023-06-15,6.3,4.8,3.6,532,147.9,73.89,Watch
UNIT 3A,Platen Superheater,139,2024,2024-06-15,6.3,4.74,3.6,532,147.9,90.23,Critical
UNIT 3A,Platen Superheater,139,2025,2025-06-15,6.3,4.81,3.6,532,147.9,99.5,Critical
UNIT 3A,Platen Superheater,140,2021,2021-06-15,6.3,6.26,3.6,536,145.5,2.99,Safe
UNIT 3A,Platen Superheater,140,2022,2022-06-15,6.3,6.21,3.6,536,145.5,5.22,Safe
UNIT 3A,Platen Superheater,140,2023,2023-06-15,6.3,6.18,3.6,536,145.5,7.31,Safe
UNIT 3A,Platen Superheater,140,2024,2024-06-15,6.3,6.14,3.6,536,145.5,9.65,Safe
UNIT 3A,Platen Superheater,140,2025,2025-06-15,6.3,6.11,3.6,536,145.5,12.16,Safe
UNIT 3A,Platen Superheater,141,2021,2021-06-15,6.3,5.83,3.6,553,146.4,26.63,Safe
UNIT 3A,Platen Superheater,141,2022,2022-06-15,6.3,5.7,3.6,553,146.4,34.42,Safe
UNIT 3A,Platen Superheater,141,2023,2023-06-15,6.3,5.51,3.6,553,146.4,42.7,Watch
UNIT 3A,Platen Superheater,141,2024,2024-06-15,6.3,5.33,3.6,553,146.4,51.15,Watch
UNIT 3A,Platen Superheater,141,2025,2025-06-15,6.3,5.34,3.6,553,146.4,59.57,Watch
UNIT 3A,Platen Superheater,142,2021,2021-06-15,6.3,5.78,3.6,543,151.5,29.97,Safe
UNIT 3A,Platen Superheater,142,2022,2022-06-15,6.3,5.56,3.6,543,151.5,37.84,Safe
UNIT 3A,Platen Superheater,142,2023,2023-06-15,6.3,5.53,3.6,543,151.5,45.35,Watch
UNIT 3A,Platen Superheater,142,2024,2024-06-15,6.3,5.37,3.6,543,151.5,54.94,Watch
UNIT 3A,Platen Superheater,142,2025,2025-06-15,6.3,5.28,3.6,543,151.5,62.6,Watch
UNIT 3A,Platen Superheater,143,2021,2021-06-15,6.3,5.81,3.6,525,143.6,25.26,Safe
UNIT 3A,Platen Superheater,143,2022,2022-06-15,6.3,5.66,3.6,525,143.6,34.09,Safe
UNIT 3A,Platen Superheater,143,2023,2023-06-15,6.3,5.64,3.6,525,143.6,43.05,Watch
UNIT 3A,Platen Superheater,143,2024,2024-06-15,6.3,5.39,3.6,525,143.6,52.01,Watch
UNIT 3A,Platen Superheater,143,2025,2025-06-15,6.3,5.13,3.6,525,143.6,61.01,Watch
UNIT 3A,Platen Superheater,144,2021,2021-06-15,6.3,6.23,3.6,532,149.7,4.33,Safe
UNIT 3A,Platen Superheater,144,2022,2022-06-15,6.3,6.17,3.6,532,149.7,6.61,Safe
UNIT 3A,Platen Superheater,144,2023,2023-06-15,6.3,6.13,3.6,532,149.7,8.55,Safe
UNIT 3A,Platen Superheater,144,2024,2024-06-15,6.3,6.11,3.6,532,149.7,10.85,Safe
UNIT 3A,Platen Superheater,144,2025,2025-06-15,6.3,6.1,3.6,532,149.7,13.18,Safe
UNIT 3A,Platen Superheater,145,2021,2021-06-15,6.3,5.63,3.6,550,154.1,41.05,Watch
UNIT 3A,Platen Superheater,145,2022,2022-06-15,6.3,5.35,3.6,550,154.1,51.73,Watch
UNIT 3A,Platen Superheater,145,2023,2023-06-15,6.3,5.15,3.6,550,154.1,61.46,Watch
UNIT 3A,Platen Superheater,145,2024,2024-06-15,6.3,4.84,3.6,550,154.1,72.48,Watch
UNIT 3A,Platen Superheater,145,2025,2025-06-15,6.3,5.02,3.6,550,154.1,84.57,Critical
UNIT 3A,Platen Superheater,146,2021,2021-06-15,6.3,5.49,3.6,532,150.3,47.24,Watch
UNIT 3A,Platen Superheater,146,2022,2022-06-15,6.3,5.2,3.6,532,150.3,55.99,Watch
UNIT 3A,Platen Superheater,146,2023,2023-06-15,6.3,5.09,3.6,532,150.3,64.75,Watch
UNIT 3A,Platen Superheater,146,2024,2024-06-15,6.3,5.06,3.6,532,150.3,75.13,Watch
UNIT 3A,Platen Superheater,146,2025,2025-06-15,6.3,4.94,3.6,532,150.3,84.76,Critical
UNIT 3A,Platen Superheater,147,2021,2021-06-15,6.3,6.17,3.6,544,143.6,6.77,Safe
UNIT 3A,Platen Superheater,147,2022,2022-06-15,6.3,6.16,3.6,544,143.6,9.1,Safe
UNIT 3A,Platen Superheater,147,2023,2023-06-15,6.3,6.09,3.6,544,143.6,11.36,Safe
UNIT 3A,Platen Superheater,147,2024,2024-06-15,6.3,6.08,3.6,544,143.6,13.85,Safe
UNIT 3A,Platen Superheater,147,2025,2025-06-15,6.3,6.02,3.6,544,143.6,16.44,Safe
UNIT 3A,Platen Superheater,148,2021,2021-06-15,6.3,5.91,3.6,539,147.3,24.25,Safe
UNIT 3A,Platen Superheater,148,2022,2022-06-15,6.3,5.64,3.6,539,147.3,34.51,Safe
UNIT 3A,Platen Superheater,148,2023,2023-06-15,6.3,5.43,3.6,539,147.3,43.76,Watch
UNIT 3A,Platen Superheater,148,2024,2024-06-15,6.3,5.49,3.6,539,147.3,52.11,Watch
UNIT 3A,Platen Superheater,148,2025,2025-06-15,6.3,5.14,3.6,539,147.3,62.08,Watch
UNIT 3A,Platen Superheater,149,2021,2021-06-15,6.3,6.22,3.6,532,154.6,4.43,Safe
UNIT 3A,Platen Superheater,149,2022,2022-06-15,6.3,6.19,3.6,532,154.6,6,Safe
UNIT 3A,Platen Superheater,149,2023,2023-06-15,6.3,6.18,3.6,532,154.6,7.42,Safe
UNIT 3A,Platen Superheater,149,2024,2024-06-15,6.3,6.15,3.6,532,154.6,9.14,Safe
UNIT 3A,Platen Superheater,149,2025,2025-06-15,6.3,6.13,3.6,532,154.6,10.77,Safe
UNIT 3A,Platen Superheater,150,2021,2021-06-15,6.3,5.78,3.6,543,141.4,28.23,Safe
UNIT 3A,Platen Superheater,150,2022,2022-06-15,6.3,5.65,3.6,543,141.4,38.92,Safe
UNIT 3A,Platen Superheater,150,2023,2023-06-15,6.3,5.39,3.6,543,141.4,48.55,Watch
UNIT 3A,Platen Superheater,150,2024,2024-06-15,6.3,5.31,3.6,543,141.4,59.67,Watch
UNIT 3A,Platen Superheater,150,2025,2025-06-15,6.3,5.14,3.6,543,141.4,71.21,Watch
UNIT 3A,Platen Superheater,151,2021,2021-06-15,6.3,5.75,3.6,520,147.6,33.71,Safe
UNIT 3A,Platen Superheater,151,2022,2022-06-15,6.3,5.45,3.6,520,147.6,45.78,Watch
UNIT 3A,Platen Superheater,151,2023,2023-06-15,6.3,5.15,3.6,520,147.6,59.17,Watch
UNIT 3A,Platen Superheater,151,2024,2024-06-15,6.3,5.03,3.6,520,147.6,72.69,Watch
UNIT 3A,Platen Superheater,151,2025,2025-06-15,6.3,4.68,3.6,520,147.6,84.94,Critical
UNIT 3A,Platen Superheater,152,2021,2021-06-15,6.3,5.47,3.6,529,151.1,45.47,Watch
UNIT 3A,Platen Superheater,152,2022,2022-06-15,6.3,5.45,3.6,529,151.1,54.68,Watch
UNIT 3A,Platen Superheater,152,2023,2023-06-15,6.3,5.07,3.6,529,151.1,65.38,Watch
UNIT 3A,Platen Superheater,152,2024,2024-06-15,6.3,5.16,3.6,529,151.1,75.96,Watch
UNIT 3A,Platen Superheater,152,2025,2025-06-15,6.3,4.76,3.6,529,151.1,85.64,Critical
UNIT 3A,Platen Superheater,153,2021,2021-06-15,6.3,5.94,3.6,550,148.1,23.14,Safe
UNIT 3A,Platen Superheater,153,2022,2022-06-15,6.3,5.73,3.6,550,148.1,30.11,Safe
UNIT 3A,Platen Superheater,153,2023,2023-06-15,6.3,5.55,3.6,550,148.1,37.72,Safe
UNIT 3A,Platen Superheater,153,2024,2024-06-15,6.3,5.64,3.6,550,148.1,43.94,Watch
UNIT 3A,Platen Superheater,153,2025,2025-06-15,6.3,5.36,3.6,550,148.1,50.27,Watch
UNIT 3A,Platen Superheater,154,2021,2021-06-15,6.3,5.61,3.6,523,143.3,36.77,Safe
UNIT 3A,Platen Superheater,154,2022,2022-06-15,6.3,5.43,3.6,523,143.3,48.84,Watch
UNIT 3A,Platen Superheater,154,2023,2023-06-15,6.3,5.35,3.6,523,143.3,61.77,Watch
UNIT 3A,Platen Superheater,154,2024,2024-06-15,6.3,5.08,3.6,523,143.3,72.08,Watch
UNIT 3A,Platen Superheater,154,2025,2025-06-15,6.3,4.79,3.6,523,143.3,84.14,Critical
UNIT 3A,Platen Superheater,155,2021,2021-06-15,6.3,5.56,3.6,532,149.4,36.88,Safe
UNIT 3A,Platen Superheater,155,2022,2022-06-15,6.3,5.23,3.6,532,149.4,53.36,Watch
UNIT 3A,Platen Superheater,155,2023,2023-06-15,6.3,5.07,3.6,532,149.4,67.59,Watch
UNIT 3A,Platen Superheater,155,2024,2024-06-15,6.3,4.81,3.6,532,149.4,84.85,Critical
UNIT 3A,Platen Superheater,155,2025,2025-06-15,6.3,4.29,3.6,532,149.4,99.5,Critical
UNIT 3A,Platen Superheater,156,2021,2021-06-15,6.3,5.37,3.6,532,153.5,45.97,Watch
UNIT 3A,Platen Superheater,156,2022,2022-06-15,6.3,5.4,3.6,532,153.5,59.22,Watch
UNIT 3A,Platen Superheater,156,2023,2023-06-15,6.3,5.05,3.6,532,153.5,72.63,Watch
UNIT 3A,Platen Superheater,156,2024,2024-06-15,6.3,4.86,3.6,532,153.5,85.05,Critical
UNIT 3A,Platen Superheater,156,2025,2025-06-15,6.3,4.54,3.6,532,153.5,98.04,Critical
UNIT 3A,Platen Superheater,157,2021,2021-06-15,6.3,5.88,3.6,527,150.4,25.28,Safe
UNIT 3A,Platen Superheater,157,2022,2022-06-15,6.3,5.8,3.6,527,150.4,32.65,Safe
UNIT 3A,Platen Superheater,157,2023,2023-06-15,6.3,5.59,3.6,527,150.4,39.17,Safe
UNIT 3A,Platen Superheater,157,2024,2024-06-15,6.3,5.56,3.6,527,150.4,45.99,Watch
UNIT 3A,Platen Superheater,157,2025,2025-06-15,6.3,5.46,3.6,527,150.4,52.64,Watch
UNIT 3A,Platen Superheater,158,2021,2021-06-15,6.3,5.79,3.6,520,147.7,28.25,Safe
UNIT 3A,Platen Superheater,158,2022,2022-06-15,6.3,5.59,3.6,520,147.7,35.61,Safe
UNIT 3A,Platen Superheater,158,2023,2023-06-15,6.3,5.59,3.6,520,147.7,43.36,Watch
UNIT 3A,Platen Superheater,158,2024,2024-06-15,6.3,5.34,3.6,520,147.7,52.27,Watch
UNIT 3A,Platen Superheater,158,2025,2025-06-15,6.3,5.11,3.6,520,147.7,60.49,Watch
UNIT 3A,Platen Superheater,159,2021,2021-06-15,6.3,5.64,3.6,533,143.8,42.85,Watch
UNIT 3A,Platen Superheater,159,2022,2022-06-15,6.3,5.37,3.6,533,143.8,59.68,Watch
UNIT 3A,Platen Superheater,159,2023,2023-06-15,6.3,4.93,3.6,533,143.8,73.47,Watch
UNIT 3A,Platen Superheater,159,2024,2024-06-15,6.3,4.9,3.6,533,143.8,89.27,Critical
UNIT 3A,Platen Superheater,159,2025,2025-06-15,6.3,4.55,3.6,533,143.8,99.5,Critical
UNIT 3A,Platen Superheater,160,2021,2021-06-15,6.3,5.81,3.6,532,142.3,27.64,Safe
UNIT 3A,Platen Superheater,160,2022,2022-06-15,6.3,5.66,3.6,532,142.3,33.34,Safe
UNIT 3A,Platen Superheater,160,2023,2023-06-15,6.3,5.51,3.6,532,142.3,40.81,Watch
UNIT 3A,Platen Superheater,160,2024,2024-06-15,6.3,5.35,3.6,532,142.3,48.4,Watch
UNIT 3A,Platen Superheater,160,2025,2025-06-15,6.3,5.37,3.6,532,142.3,54.96,Watch
UNIT 3A,Platen Superheater,161,2021,2021-06-15,6.3,6.18,3.6,547,154.2,6.15,Safe
UNIT 3A,Platen Superheater,161,2022,2022-06-15,6.3,6.12,3.6,547,154.2,9.23,Safe
UNIT 3A,Platen Superheater,161,2023,2023-06-15,6.3,6.06,3.6,547,154.2,12.23,Safe
UNIT 3A,Platen Superheater,161,2024,2024-06-15,6.3,6.01,3.6,547,154.2,14.81,Safe
UNIT 3A,Platen Superheater,161,2025,2025-06-15,6.3,6.01,3.6,547,154.2,17.36,Safe
UNIT 3A,Platen Superheater,162,2021,2021-06-15,6.3,5.66,3.6,527,154.3,35.72,Safe
UNIT 3A,Platen Superheater,162,2022,2022-06-15,6.3,5.49,3.6,527,154.3,49.54,Watch
UNIT 3A,Platen Superheater,162,2023,2023-06-15,6.3,5.16,3.6,527,154.3,60.14,Watch
UNIT 3A,Platen Superheater,162,2024,2024-06-15,6.3,5,3.6,527,154.3,73.25,Watch
UNIT 3A,Platen Superheater,162,2025,2025-06-15,6.3,4.62,3.6,527,154.3,86.77,Critical
UNIT 3A,Platen Superheater,163,2021,2021-06-15,6.3,6.21,3.6,523,140,5.42,Safe
UNIT 3A,Platen Superheater,163,2022,2022-06-15,6.3,6.15,3.6,523,140,7.99,Safe
UNIT 3A,Platen Superheater,163,2023,2023-06-15,6.3,6.11,3.6,523,140,10.25,Safe
UNIT 3A,Platen Superheater,163,2024,2024-06-15,6.3,6.1,3.6,523,140,12.42,Safe
UNIT 3A,Platen Superheater,163,2025,2025-06-15,6.3,6.04,3.6,523,140,15.12,Safe
UNIT 3A,Platen Superheater,164,2021,2021-06-15,6.3,6.19,3.6,533,154.4,5.84,Safe
UNIT 3A,Platen Superheater,164,2022,2022-06-15,6.3,6.17,3.6,533,154.4,7.53,Safe
UNIT 3A,Platen Superheater,164,2023,2023-06-15,6.3,6.15,3.6,533,154.4,9.22,Safe
UNIT 3A,Platen Superheater,164,2024,2024-06-15,6.3,6.09,3.6,533,154.4,10.62,Safe
UNIT 3A,Platen Superheater,164,2025,2025-06-15,6.3,6.09,3.6,533,154.4,12.24,Safe
UNIT 3A,Platen Superheater,165,2021,2021-06-15,6.3,5.7,3.6,520,152.6,34.73,Safe
UNIT 3A,Platen Superheater,165,2022,2022-06-15,6.3,5.48,3.6,520,152.6,51.51,Watch
UNIT 3A,Platen Superheater,165,2023,2023-06-15,6.3,4.94,3.6,520,152.6,67.33,Watch
UNIT 3A,Platen Superheater,165,2024,2024-06-15,6.3,4.77,3.6,520,152.6,82.41,Critical
UNIT 3A,Platen Superheater,165,2025,2025-06-15,6.3,4.47,3.6,520,152.6,96.79,Critical
UNIT 3A,Platen Superheater,166,2021,2021-06-15,6.3,6.22,3.6,534,148.7,4.71,Safe
UNIT 3A,Platen Superheater,166,2022,2022-06-15,6.3,6.15,3.6,534,148.7,7.75,Safe
UNIT 3A,Platen Superheater,166,2023,2023-06-15,6.3,6.13,3.6,534,148.7,10.73,Safe
UNIT 3A,Platen Superheater,166,2024,2024-06-15,6.3,6.04,3.6,534,148.7,13.63,Safe
UNIT 3A,Platen Superheater,166,2025,2025-06-15,6.3,6.04,3.6,534,148.7,16.87,Safe
UNIT 3A,Platen Superheater,167,2021,2021-06-15,6.3,5.7,3.6,529,146.4,34.01,Safe
UNIT 3A,Platen Superheater,167,2022,2022-06-15,6.3,5.52,3.6,529,146.4,44.93,Watch
UNIT 3A,Platen Superheater,167,2023,2023-06-15,6.3,5.28,3.6,529,146.4,58.55,Watch
UNIT 3A,Platen Superheater,167,2024,2024-06-15,6.3,5.19,3.6,529,146.4,68.68,Watch
UNIT 3A,Platen Superheater,167,2025,2025-06-15,6.3,4.64,3.6,529,146.4,82.28,Critical
UNIT 3A,Platen Superheater,168,2021,2021-06-15,6.3,5.78,3.6,555,148.7,33.23,Safe
UNIT 3A,Platen Superheater,168,2022,2022-06-15,6.3,5.35,3.6,555,148.7,47.81,Watch
UNIT 3A,Platen Superheater,168,2023,2023-06-15,6.3,5.26,3.6,555,148.7,59.81,Watch
UNIT 3A,Platen Superheater,168,2024,2024-06-15,6.3,5.11,3.6,555,148.7,71.53,Watch
UNIT 3A,Platen Superheater,168,2025,2025-06-15,6.3,4.95,3.6,555,148.7,83.1,Critical
UNIT 3A,Platen Superheater,169,2021,2021-06-15,6.3,5.88,3.6,550,146.8,20.93,Safe
UNIT 3A,Platen Superheater,169,2022,2022-06-15,6.3,5.83,3.6,550,146.8,29.97,Safe
UNIT 3A,Platen Superheater,169,2023,2023-06-15,6.3,5.54,3.6,550,146.8,40.65,Watch
UNIT 3A,Platen Superheater,169,2024,2024-06-15,6.3,5.53,3.6,550,146.8,51.18,Watch
UNIT 3A,Platen Superheater,169,2025,2025-06-15,6.3,5.13,3.6,550,146.8,60.4,Watch
UNIT 3A,Platen Superheater,170,2021,2021-06-15,6.3,6.26,3.6,539,154.2,2.08,Safe
UNIT 3A,Platen Superheater,170,2022,2022-06-15,6.3,6.23,3.6,539,154.2,3.37,Safe
UNIT 3A,Platen Superheater,170,2023,2023-06-15,6.3,6.22,3.6,539,154.2,4.86,Safe
UNIT 3A,Platen Superheater,170,2024,2024-06-15,6.3,6.18,3.6,539,154.2,6.26,Safe
UNIT 3A,Platen Superheater,170,2025,2025-06-15,6.3,6.16,3.6,539,154.2,7.66,Safe
UNIT 3A,Platen Superheater,171,2021,2021-06-15,6.3,5.86,3.6,534,150.5,24.27,Safe
UNIT 3A,Platen Superheater,171,2022,2022-06-15,6.3,5.67,3.6,534,150.5,34.37,Safe
UNIT 3A,Platen Superheater,171,2023,2023-06-15,6.3,5.42,3.6,534,150.5,45.89,Watch
UNIT 3A,Platen Superheater,171,2024,2024-06-15,6.3,5.37,3.6,534,150.5,57.16,Watch
UNIT 3A,Platen Superheater,171,2025,2025-06-15,6.3,5.1,3.6,534,150.5,67.19,Watch
UNIT 3A,Platen Superheater,172,2021,2021-06-15,6.3,5.7,3.6,535,144.2,37.18,Safe
UNIT 3A,Platen Superheater,172,2022,2022-06-15,6.3,5.46,3.6,535,144.2,50.63,Watch
UNIT 3A,Platen Superheater,172,2023,2023-06-15,6.3,5.12,3.6,535,144.2,65.47,Watch
UNIT 3A,Platen Superheater,172,2024,2024-06-15,6.3,5.04,3.6,535,144.2,78.8,Watch
UNIT 3A,Platen Superheater,172,2025,2025-06-15,6.3,4.85,3.6,535,144.2,94.6,Critical
UNIT 3A,Platen Superheater,173,2021,2021-06-15,6.3,6.16,3.6,528,154.6,7.09,Safe
UNIT 3A,Platen Superheater,173,2022,2022-06-15,6.3,6.16,3.6,528,154.6,8.97,Safe
UNIT 3A,Platen Superheater,173,2023,2023-06-15,6.3,6.11,3.6,528,154.6,10.94,Safe
UNIT 3A,Platen Superheater,173,2024,2024-06-15,6.3,6.09,3.6,528,154.6,13.03,Safe
UNIT 3A,Platen Superheater,173,2025,2025-06-15,6.3,6.05,3.6,528,154.6,14.93,Safe
UNIT 3A,Platen Superheater,174,2021,2021-06-15,6.3,6.27,3.6,542,145.9,1.62,Safe
UNIT 3A,Platen Superheater,174,2022,2022-06-15,6.3,6.21,3.6,542,145.9,4.73,Safe
UNIT 3A,Platen Superheater,174,2023,2023-06-15,6.3,6.18,3.6,542,145.9,7.72,Safe
UNIT 3A,Platen Superheater,174,2024,2024-06-15,6.3,6.1,3.6,542,145.9,11.01,Safe
UNIT 3A,Platen Superheater,174,2025,2025-06-15,6.3,6.05,3.6,542,145.9,14.02,Safe
UNIT 3A,Platen Superheater,175,2021,2021-06-15,6.3,5.78,3.6,528,146,26.11,Safe
UNIT 3A,Platen Superheater,175,2022,2022-06-15,6.3,5.7,3.6,528,146,35.28,Safe
UNIT 3A,Platen Superheater,175,2023,2023-06-15,6.3,5.43,3.6,528,146,45.15,Watch
UNIT 3A,Platen Superheater,175,2024,2024-06-15,6.3,5.23,3.6,528,146,55.15,Watch
UNIT 3A,Platen Superheater,175,2025,2025-06-15,6.3,5.04,3.6,528,146,63.57,Watch
UNIT 3A,Platen Superheater,176,2021,2021-06-15,6.3,6.27,3.6,521,146.7,1.7,Safe
UNIT 3A,Platen Superheater,176,2022,2022-06-15,6.3,6.23,3.6,521,146.7,3.57,Safe
UNIT 3A,Platen Superheater,176,2023,2023-06-15,6.3,6.2,3.6,521,146.7,5.58,Safe
UNIT 3A,Platen Superheater,176,2024,2024-06-15,6.3,6.17,3.6,521,146.7,7.63,Safe
UNIT 3A,Platen Superheater,176,2025,2025-06-15,6.3,6.14,3.6,521,146.7,9.73,Safe
UNIT 3A,Platen Superheater,177,2021,2021-06-15,6.3,6.17,3.6,547,149.1,7.79,Safe
UNIT 3A,Platen Superheater,177,2022,2022-06-15,6.3,6.12,3.6,547,149.1,9.3,Safe
UNIT 3A,Platen Superheater,177,2023,2023-06-15,6.3,6.11,3.6,547,149.1,11.08,Safe
UNIT 3A,Platen Superheater,177,2024,2024-06-15,6.3,6.09,3.6,547,149.1,12.99,Safe
UNIT 3A,Platen Superheater,177,2025,2025-06-15,6.3,6.05,3.6,547,149.1,14.88,Safe
UNIT 3A,Platen Superheater,178,2021,2021-06-15,6.3,5.73,3.6,544,142.4,28.38,Safe
UNIT 3A,Platen Superheater,178,2022,2022-06-15,6.3,5.72,3.6,544,142.4,35.76,Safe
UNIT 3A,Platen Superheater,178,2023,2023-06-15,6.3,5.46,3.6,544,142.4,42.19,Watch
UNIT 3A,Platen Superheater,178,2024,2024-06-15,6.3,5.33,3.6,544,142.4,49.47,Watch
UNIT 3A,Platen Superheater,178,2025,2025-06-15,6.3,5.19,3.6,544,142.4,55.69,Watch
UNIT 3A,Platen Superheater,179,2021,2021-06-15,6.3,6.29,3.6,521,154.9,0.47,Safe
UNIT 3A,Platen Superheater,179,2022,2022-06-15,6.3,6.26,3.6,521,154.9,2.31,Safe
UNIT 3A,Platen Superheater,179,2023,2023-06-15,6.3,6.24,3.6,521,154.9,3.76,Safe
UNIT 3A,Platen Superheater,179,2024,2024-06-15,6.3,6.22,3.6,521,154.9,5.33,Safe
UNIT 3A,Platen Superheater,179,2025,2025-06-15,6.3,6.19,3.6,521,154.9,6.9,Safe
UNIT 3A,Platen Superheater,180,2021,2021-06-15,6.3,6.27,3.6,554,151.5,1.6,Safe
UNIT 3A,Platen Superheater,180,2022,2022-06-15,6.3,6.23,3.6,554,151.5,4.1,Safe
UNIT 3A,Platen Superheater,180,2023,2023-06-15,6.3,6.2,3.6,554,151.5,6.32,Safe
UNIT 3A,Platen Superheater,180,2024,2024-06-15,6.3,6.12,3.6,554,151.5,8.86,Safe
UNIT 3A,Platen Superheater,180,2025,2025-06-15,6.3,6.07,3.6,554,151.5,11.29,Safe
UNIT 3A,Platen Superheater,181,2021,2021-06-15,6.3,5.81,3.6,551,142.4,24.19,Safe
UNIT 3A,Platen Superheater,181,2022,2022-06-15,6.3,5.74,3.6,551,142.4,34.26,Safe
UNIT 3A,Platen Superheater,181,2023,2023-06-15,6.3,5.56,3.6,551,142.4,43.32,Watch
UNIT 3A,Platen Superheater,181,2024,2024-06-15,6.3,5.24,3.6,551,142.4,53.44,Watch
UNIT 3A,Platen Superheater,181,2025,2025-06-15,6.3,5.21,3.6,551,142.4,62.36,Watch
UNIT 3A,Platen Superheater,182,2021,2021-06-15,6.3,5.94,3.6,537,142.5,21.27,Safe
UNIT 3A,Platen Superheater,182,2022,2022-06-15,6.3,5.78,3.6,537,142.5,30.85,Safe
UNIT 3A,Platen Superheater,182,2023,2023-06-15,6.3,5.57,3.6,537,142.5,38.72,Safe
UNIT 3A,Platen Superheater,182,2024,2024-06-15,6.3,5.46,3.6,537,142.5,48.39,Watch
UNIT 3A,Platen Superheater,182,2025,2025-06-15,6.3,5.27,3.6,537,142.5,55.65,Watch
UNIT 3A,Platen Superheater,183,2021,2021-06-15,6.3,6.3,3.6,523,150.6,0.02,Safe
UNIT 3A,Platen Superheater,183,2022,2022-06-15,6.3,6.28,3.6,523,150.6,1.31,Safe
UNIT 3A,Platen Superheater,183,2023,2023-06-15,6.3,6.26,3.6,523,150.6,2.83,Safe
UNIT 3A,Platen Superheater,183,2024,2024-06-15,6.3,6.22,3.6,523,150.6,4.32,Safe
UNIT 3A,Platen Superheater,183,2025,2025-06-15,6.3,6.19,3.6,523,150.6,5.68,Safe
UNIT 3A,Platen Superheater,184,2021,2021-06-15,6.3,5.88,3.6,532,143.1,23.7,Safe
UNIT 3A,Platen Superheater,184,2022,2022-06-15,6.3,5.69,3.6,532,143.1,31.16,Safe
UNIT 3A,Platen Superheater,184,2023,2023-06-15,6.3,5.66,3.6,532,143.1,37.39,Safe
UNIT 3A,Platen Superheater,184,2024,2024-06-15,6.3,5.53,3.6,532,143.1,43.1,Watch
UNIT 3A,Platen Superheater,184,2025,2025-06-15,6.3,5.33,3.6,532,143.1,48.85,Watch
UNIT 3A,Platen Superheater,185,2021,2021-06-15,6.3,5.87,3.6,543,147.1,26.82,Safe
UNIT 3A,Platen Superheater,185,2022,2022-06-15,6.3,5.74,3.6,543,147.1,36.5,Safe
UNIT 3A,Platen Superheater,185,2023,2023-06-15,6.3,5.56,3.6,543,147.1,46.04,Watch
UNIT 3A,Platen Superheater,185,2024,2024-06-15,6.3,5.22,3.6,543,147.1,55.85,Watch
UNIT 3A,Platen Superheater,185,2025,2025-06-15,6.3,5.21,3.6,543,147.1,64.06,Watch
UNIT 3A,Platen Superheater,186,2021,2021-06-15,6.3,5.76,3.6,548,145.3,28.06,Safe
UNIT 3A,Platen Superheater,186,2022,2022-06-15,6.3,5.63,3.6,548,145.3,36.86,Safe
UNIT 3A,Platen Superheater,186,2023,2023-06-15,6.3,5.63,3.6,548,145.3,44.68,Watch
UNIT 3A,Platen Superheater,186,2024,2024-06-15,6.3,5.27,3.6,548,145.3,52.26,Watch
UNIT 3A,Platen Superheater,186,2025,2025-06-15,6.3,5.11,3.6,548,145.3,62.03,Watch
UNIT 3A,Platen Superheater,187,2021,2021-06-15,6.3,5.42,3.6,524,141.7,44.74,Watch
UNIT 3A,Platen Superheater,187,2022,2022-06-15,6.3,5.41,3.6,524,141.7,56.13,Watch
UNIT 3A,Platen Superheater,187,2023,2023-06-15,6.3,5.07,3.6,524,141.7,70.33,Watch
UNIT 3A,Platen Superheater,187,2024,2024-06-15,6.3,4.83,3.6,524,141.7,82.52,Critical
UNIT 3A,Platen Superheater,187,2025,2025-06-15,6.3,4.8,3.6,524,141.7,97.03,Critical
UNIT 3A,Platen Superheater,188,2021,2021-06-15,6.3,5.9,3.6,544,148.2,25.06,Safe
UNIT 3A,Platen Superheater,188,2022,2022-06-15,6.3,5.72,3.6,544,148.2,31.83,Safe
UNIT 3A,Platen Superheater,188,2023,2023-06-15,6.3,5.57,3.6,544,148.2,38.96,Safe
UNIT 3A,Platen Superheater,188,2024,2024-06-15,6.3,5.5,3.6,544,148.2,46.63,Watch
UNIT 3A,Platen Superheater,188,2025,2025-06-15,6.3,5.36,3.6,544,148.2,53.44,Watch
UNIT 3A,Platen Superheater,189,2021,2021-06-15,6.3,5.9,3.6,532,154.6,22.06,Safe
UNIT 3A,Platen Superheater,189,2022,2022-06-15,6.3,5.77,3.6,532,154.6,29.65,Safe
UNIT 3A,Platen Superheater,189,2023,2023-06-15,6.3,5.65,3.6,532,154.6,37.79,Safe
UNIT 3A,Platen Superheater,189,2024,2024-06-15,6.3,5.45,3.6,532,154.6,45.42,Watch
UNIT 3A,Platen Superheater,189,2025,2025-06-15,6.3,5.37,3.6,532,154.6,52.15,Watch
UNIT 3A,Platen Superheater,190,2021,2021-06-15,6.3,6.2,3.6,533,147.6,6.37,Safe
UNIT 3A,Platen Superheater,190,2022,2022-06-15,6.3,6.12,3.6,533,147.6,9.41,Safe
UNIT 3A,Platen Superheater,190,2023,2023-06-15,6.3,6.05,3.6,533,147.6,12.75,Safe
UNIT 3A,Platen Superheater,190,2024,2024-06-15,6.3,6.01,3.6,533,147.6,15.44,Safe
UNIT 3A,Platen Superheater,190,2025,2025-06-15,6.3,5.95,3.6,533,147.6,18.74,Safe
UNIT 3A,Platen Superheater,191,2021,2021-06-15,6.3,6.25,3.6,530,152.4,2.36,Safe
UNIT 3A,Platen Superheater,191,2022,2022-06-15,6.3,6.22,3.6,530,152.4,4.79,Safe
UNIT 3A,Platen Superheater,191,2023,2023-06-15,6.3,6.19,3.6,530,152.4,6.72,Safe
UNIT 3A,Platen Superheater,191,2024,2024-06-15,6.3,6.13,3.6,530,152.4,9.15,Safe
UNIT 3A,Platen Superheater,191,2025,2025-06-15,6.3,6.11,3.6,530,152.4,11.66,Safe
UNIT 3A,Platen Superheater,192,2021,2021-06-15,6.3,6.19,3.6,523,148.9,7.71,Safe
UNIT 3A,Platen Superheater,192,2022,2022-06-15,6.3,6.13,3.6,523,148.9,8.84,Safe
UNIT 3A,Platen Superheater,192,2023,2023-06-15,6.3,6.11,3.6,523,148.9,10.21,Safe
UNIT 3A,Platen Superheater,192,2024,2024-06-15,6.3,6.1,3.6,523,148.9,11.64,Safe
UNIT 3A,Platen Superheater,192,2025,2025-06-15,6.3,6.04,3.6,523,148.9,13.07,Safe
UNIT 3A,Platen Superheater,193,2021,2021-06-15,6.3,5.58,3.6,520,146.2,36.92,Safe
UNIT 3A,Platen Superheater,193,2022,2022-06-15,6.3,5.45,3.6,520,146.2,49.22,Watch
UNIT 3A,Platen Superheater,193,2023,2023-06-15,6.3,5.31,3.6,520,146.2,64.34,Watch
UNIT 3A,Platen Superheater,193,2024,2024-06-15,6.3,4.71,3.6,520,146.2,79.95,Watch
UNIT 3A,Platen Superheater,193,2025,2025-06-15,6.3,4.85,3.6,520,146.2,92.54,Critical
UNIT 3A,Platen Superheater,194,2021,2021-06-15,6.3,5.72,3.6,531,153.4,31.43,Safe
UNIT 3A,Platen Superheater,194,2022,2022-06-15,6.3,5.54,3.6,531,153.4,38.35,Safe
UNIT 3A,Platen Superheater,194,2023,2023-06-15,6.3,5.46,3.6,531,153.4,45.48,Watch
UNIT 3A,Platen Superheater,194,2024,2024-06-15,6.3,5.33,3.6,531,153.4,53,Watch
UNIT 3A,Platen Superheater,194,2025,2025-06-15,6.3,5.29,3.6,531,153.4,59.82,Watch
UNIT 3A,Platen Superheater,195,2021,2021-06-15,6.3,6.25,3.6,528,146.2,3.58,Safe
UNIT 3A,Platen Superheater,195,2022,2022-06-15,6.3,6.22,3.6,528,146.2,5.08,Safe
UNIT 3A,Platen Superheater,195,2023,2023-06-15,6.3,6.18,3.6,528,146.2,6.81,Safe
UNIT 3A,Platen Superheater,195,2024,2024-06-15,6.3,6.14,3.6,528,146.2,8.3,Safe
UNIT 3A,Platen Superheater,195,2025,2025-06-15,6.3,6.15,3.6,528,146.2,9.66,Safe
UNIT 3A,Platen Superheater,196,2021,2021-06-15,6.3,6.2,3.6,548,154.1,6.71,Safe
UNIT 3A,Platen Superheater,196,2022,2022-06-15,6.3,6.12,3.6,548,154.1,9.43,Safe
UNIT 3A,Platen Superheater,196,2023,2023-06-15,6.3,6.07,3.6,548,154.1,11.71,Safe
UNIT 3A,Platen Superheater,196,2024,2024-06-15,6.3,6.02,3.6,548,154.1,14.14,Safe
UNIT 3A,Platen Superheater,196,2025,2025-06-15,6.3,6,3.6,548,154.1,16.73,Safe
UNIT 3A,Platen Superheater,197,2021,2021-06-15,6.3,5.52,3.6,533,140.3,40.91,Watch
UNIT 3A,Platen Superheater,197,2022,2022-06-15,6.3,5.31,3.6,533,140.3,54.75,Watch
UNIT 3A,Platen Superheater,197,2023,2023-06-15,6.3,5.14,3.6,533,140.3,70.98,Watch
UNIT 3A,Platen Superheater,197,2024,2024-06-15,6.3,4.9,3.6,533,140.3,86.7,Critical
UNIT 3A,Platen Superheater,197,2025,2025-06-15,6.3,4.36,3.6,533,140.3,99.5,Critical
UNIT 3A,Platen Superheater,198,2021,2021-06-15,6.3,6.16,3.6,520,145.9,7.68,Safe
UNIT 3A,Platen Superheater,198,2022,2022-06-15,6.3,6.15,3.6,520,145.9,9.83,Safe
UNIT 3A,Platen Superheater,198,2023,2023-06-15,6.3,6.12,3.6,520,145.9,11.76,Safe
UNIT 3A,Platen Superheater,198,2024,2024-06-15,6.3,6.07,3.6,520,145.9,13.72,Safe
UNIT 3A,Platen Superheater,198,2025,2025-06-15,6.3,6.03,3.6,520,145.9,15.89,Safe
UNIT 3A,Platen Superheater,199,2021,2021-06-15,6.3,5.57,3.6,528,151.2,45.13,Watch
UNIT 3A,Platen Superheater,199,2022,2022-06-15,6.3,5.39,3.6,528,151.2,60.6,Watch
UNIT 3A,Platen Superheater,199,2023,2023-06-15,6.3,4.83,3.6,528,151.2,74.09,Watch
UNIT 3A,Platen Superheater,199,2024,2024-06-15,6.3,4.85,3.6,528,151.2,90,Critical
UNIT 3A,Platen Superheater,199,2025,2025-06-15,6.3,4.31,3.6,528,151.2,99.5,Critical
UNIT 3A,Platen Superheater,200,2021,2021-06-15,6.3,5.72,3.6,545,140.1,34.92,Safe
UNIT 3A,Platen Superheater,200,2022,2022-06-15,6.3,5.51,3.6,545,140.1,47.26,Watch
UNIT 3A,Platen Superheater,200,2023,2023-06-15,6.3,5.2,3.6,545,140.1,58.07,Watch
UNIT 3A,Platen Superheater,200,2024,2024-06-15,6.3,5,3.6,545,140.1,69.04,Watch
UNIT 3A,Platen Superheater,200,2025,2025-06-15,6.3,4.84,3.6,545,140.1,80.36,Critical
UNIT 3A,Final Superheater,1,2021,2021-06-15,6,5.89,3.4,563,145.2,6.33,Safe
UNIT 3A,Final Superheater,1,2022,2022-06-15,6,5.84,3.4,563,145.2,8.55,Safe
UNIT 3A,Final Superheater,1,2023,2023-06-15,6,5.83,3.4,563,145.2,10.78,Safe
UNIT 3A,Final Superheater,1,2024,2024-06-15,6,5.79,3.4,563,145.2,13.4,Safe
UNIT 3A,Final Superheater,1,2025,2025-06-15,6,5.75,3.4,563,145.2,15.7,Safe
UNIT 3A,Final Superheater,2,2021,2021-06-15,6,5.88,3.4,540,144.4,6.35,Safe
UNIT 3A,Final Superheater,2,2022,2022-06-15,6,5.85,3.4,540,144.4,8.89,Safe
UNIT 3A,Final Superheater,2,2023,2023-06-15,6,5.8,3.4,540,144.4,11.53,Safe
UNIT 3A,Final Superheater,2,2024,2024-06-15,6,5.79,3.4,540,144.4,13.53,Safe
UNIT 3A,Final Superheater,2,2025,2025-06-15,6,5.76,3.4,540,144.4,15.94,Safe
UNIT 3A,Final Superheater,3,2021,2021-06-15,6,5.7,3.4,554,140.4,20.02,Safe
UNIT 3A,Final Superheater,3,2022,2022-06-15,6,5.52,3.4,554,140.4,28.5,Safe
UNIT 3A,Final Superheater,3,2023,2023-06-15,6,5.36,3.4,554,140.4,37.49,Safe
UNIT 3A,Final Superheater,3,2024,2024-06-15,6,5.15,3.4,554,140.4,44.95,Watch
UNIT 3A,Final Superheater,3,2025,2025-06-15,6,5.21,3.4,554,140.4,53.47,Watch
UNIT 3A,Final Superheater,4,2021,2021-06-15,6,5.94,3.4,565,141.2,3.42,Safe
UNIT 3A,Final Superheater,4,2022,2022-06-15,6,5.92,3.4,565,141.2,5.34,Safe
UNIT 3A,Final Superheater,4,2023,2023-06-15,6,5.86,3.4,565,141.2,7.9,Safe
UNIT 3A,Final Superheater,4,2024,2024-06-15,6,5.84,3.4,565,141.2,10.07,Safe
UNIT 3A,Final Superheater,4,2025,2025-06-15,6,5.8,3.4,565,141.2,12.47,Safe
UNIT 3A,Final Superheater,5,2021,2021-06-15,6,5.35,3.4,560,136,43.67,Watch
UNIT 3A,Final Superheater,5,2022,2022-06-15,6,5.06,3.4,560,136,54.15,Watch
UNIT 3A,Final Superheater,5,2023,2023-06-15,6,5.01,3.4,560,136,64.8,Watch
UNIT 3A,Final Superheater,5,2024,2024-06-15,6,4.55,3.4,560,136,75.57,Watch
UNIT 3A,Final Superheater,5,2025,2025-06-15,6,4.68,3.4,560,136,85.95,Critical
UNIT 3A,Final Superheater,6,2021,2021-06-15,6,5.61,3.4,558,148.6,23.63,Safe
UNIT 3A,Final Superheater,6,2022,2022-06-15,6,5.47,3.4,558,148.6,31.06,Safe
UNIT 3A,Final Superheater,6,2023,2023-06-15,6,5.46,3.4,558,148.6,37.79,Safe
UNIT 3A,Final Superheater,6,2024,2024-06-15,6,5.33,3.4,558,148.6,44.76,Watch
UNIT 3A,Final Superheater,6,2025,2025-06-15,6,5.2,3.4,558,148.6,51.42,Watch
UNIT 3A,Final Superheater,7,2021,2021-06-15,6,5.96,3.4,553,135.9,2.28,Safe
UNIT 3A,Final Superheater,7,2022,2022-06-15,6,5.95,3.4,553,135.9,3.06,Safe
UNIT 3A,Final Superheater,7,2023,2023-06-15,6,5.94,3.4,553,135.9,3.94,Safe
UNIT 3A,Final Superheater,7,2024,2024-06-15,6,5.92,3.4,553,135.9,4.76,Safe
UNIT 3A,Final Superheater,7,2025,2025-06-15,6,5.89,3.4,553,135.9,5.55,Safe
UNIT 3A,Final Superheater,8,2021,2021-06-15,6,5.62,3.4,570,137.8,22.5,Safe
UNIT 3A,Final Superheater,8,2022,2022-06-15,6,5.5,3.4,570,137.8,30.52,Safe
UNIT 3A,Final Superheater,8,2023,2023-06-15,6,5.4,3.4,570,137.8,37.86,Safe
UNIT 3A,Final Superheater,8,2024,2024-06-15,6,5.1,3.4,570,137.8,46.9,Watch
UNIT 3A,Final Superheater,8,2025,2025-06-15,6,5.05,3.4,570,137.8,53.77,Watch
UNIT 3A,Final Superheater,9,2021,2021-06-15,6,5.86,3.4,538,140.2,7.11,Safe
UNIT 3A,Final Superheater,9,2022,2022-06-15,6,5.86,3.4,538,140.2,9.03,Safe
UNIT 3A,Final Superheater,9,2023,2023-06-15,6,5.79,3.4,538,140.2,11.28,Safe
UNIT 3A,Final Superheater,9,2024,2024-06-15,6,5.75,3.4,538,140.2,13.51,Safe
UNIT 3A,Final Superheater,9,2025,2025-06-15,6,5.76,3.4,538,140.2,15.74,Safe
UNIT 3A,Final Superheater,10,2021,2021-06-15,6,5.96,3.4,537,136.9,1.97,Safe
UNIT 3A,Final Superheater,10,2022,2022-06-15,6,5.94,3.4,537,136.9,4.48,Safe
UNIT 3A,Final Superheater,10,2023,2023-06-15,6,5.87,3.4,537,136.9,7.44,Safe
UNIT 3A,Final Superheater,10,2024,2024-06-15,6,5.86,3.4,537,136.9,10.01,Safe
UNIT 3A,Final Superheater,10,2025,2025-06-15,6,5.77,3.4,537,136.9,12.34,Safe
UNIT 3A,Final Superheater,11,2021,2021-06-15,6,5.62,3.4,543,139.1,21.98,Safe
UNIT 3A,Final Superheater,11,2022,2022-06-15,6,5.53,3.4,543,139.1,29.23,Safe
UNIT 3A,Final Superheater,11,2023,2023-06-15,6,5.39,3.4,543,139.1,37.11,Safe
UNIT 3A,Final Superheater,11,2024,2024-06-15,6,5.36,3.4,543,139.1,44.16,Watch
UNIT 3A,Final Superheater,11,2025,2025-06-15,6,5.18,3.4,543,139.1,50.99,Watch
UNIT 3A,Final Superheater,12,2021,2021-06-15,6,5.59,3.4,539,135.1,28.59,Safe
UNIT 3A,Final Superheater,12,2022,2022-06-15,6,5.45,3.4,539,135.1,37.35,Safe
UNIT 3A,Final Superheater,12,2023,2023-06-15,6,5.32,3.4,539,135.1,47.09,Watch
UNIT 3A,Final Superheater,12,2024,2024-06-15,6,5.03,3.4,539,135.1,57.62,Watch
UNIT 3A,Final Superheater,12,2025,2025-06-15,6,4.76,3.4,539,135.1,67.92,Watch
UNIT 3A,Final Superheater,13,2021,2021-06-15,6,5.96,3.4,538,140.4,2.87,Safe
UNIT 3A,Final Superheater,13,2022,2022-06-15,6,5.9,3.4,538,140.4,5.88,Safe
UNIT 3A,Final Superheater,13,2023,2023-06-15,6,5.84,3.4,538,140.4,8.84,Safe
UNIT 3A,Final Superheater,13,2024,2024-06-15,6,5.8,3.4,538,140.4,11.62,Safe
UNIT 3A,Final Superheater,13,2025,2025-06-15,6,5.73,3.4,538,140.4,14.45,Safe
UNIT 3A,Final Superheater,14,2021,2021-06-15,6,5.62,3.4,539,145.9,22.04,Safe
UNIT 3A,Final Superheater,14,2022,2022-06-15,6,5.45,3.4,539,145.9,30.91,Safe
UNIT 3A,Final Superheater,14,2023,2023-06-15,6,5.25,3.4,539,145.9,41.03,Watch
UNIT 3A,Final Superheater,14,2024,2024-06-15,6,5.09,3.4,539,145.9,50.29,Watch
UNIT 3A,Final Superheater,14,2025,2025-06-15,6,4.91,3.4,539,145.9,59.2,Watch
UNIT 3A,Final Superheater,15,2021,2021-06-15,6,5.64,3.4,552,140.9,23.24,Safe
UNIT 3A,Final Superheater,15,2022,2022-06-15,6,5.54,3.4,552,140.9,30.91,Safe
UNIT 3A,Final Superheater,15,2023,2023-06-15,6,5.33,3.4,552,140.9,37.84,Safe
UNIT 3A,Final Superheater,15,2024,2024-06-15,6,5.26,3.4,552,140.9,45.07,Watch
UNIT 3A,Final Superheater,15,2025,2025-06-15,6,4.97,3.4,552,140.9,53.19,Watch
UNIT 3A,Final Superheater,16,2021,2021-06-15,6,5.42,3.4,540,145.2,31.62,Safe
UNIT 3A,Final Superheater,16,2022,2022-06-15,6,5.41,3.4,540,145.2,38.9,Safe
UNIT 3A,Final Superheater,16,2023,2023-06-15,6,5.16,3.4,540,145.2,45.7,Watch
UNIT 3A,Final Superheater,16,2024,2024-06-15,6,5.17,3.4,540,145.2,53.37,Watch
UNIT 3A,Final Superheater,16,2025,2025-06-15,6,5.09,3.4,540,145.2,60.48,Watch
UNIT 3A,Final Superheater,17,2021,2021-06-15,6,5.64,3.4,543,144.9,22.77,Safe
UNIT 3A,Final Superheater,17,2022,2022-06-15,6,5.37,3.4,543,144.9,33.08,Safe
UNIT 3A,Final Superheater,17,2023,2023-06-15,6,5.3,3.4,543,144.9,43.49,Watch
UNIT 3A,Final Superheater,17,2024,2024-06-15,6,5.08,3.4,543,144.9,53.58,Watch
UNIT 3A,Final Superheater,17,2025,2025-06-15,6,4.94,3.4,543,144.9,63.25,Watch
UNIT 3A,Final Superheater,18,2021,2021-06-15,6,5.67,3.4,557,139.2,22.13,Safe
UNIT 3A,Final Superheater,18,2022,2022-06-15,6,5.46,3.4,557,139.2,29.57,Safe
UNIT 3A,Final Superheater,18,2023,2023-06-15,6,5.45,3.4,557,139.2,37.82,Safe
UNIT 3A,Final Superheater,18,2024,2024-06-15,6,5.11,3.4,557,139.2,46.66,Watch
UNIT 3A,Final Superheater,18,2025,2025-06-15,6,4.96,3.4,557,139.2,55.73,Watch
UNIT 3A,Final Superheater,19,2021,2021-06-15,6,5.86,3.4,547,148,7.59,Safe
UNIT 3A,Final Superheater,19,2022,2022-06-15,6,5.8,3.4,547,148,10.75,Safe
UNIT 3A,Final Superheater,19,2023,2023-06-15,6,5.78,3.4,547,148,13.57,Safe
UNIT 3A,Final Superheater,19,2024,2024-06-15,6,5.7,3.4,547,148,16.61,Safe
UNIT 3A,Final Superheater,19,2025,2025-06-15,6,5.63,3.4,547,148,19.86,Safe
UNIT 3A,Final Superheater,20,2021,2021-06-15,6,5.87,3.4,546,136,7.6,Safe
UNIT 3A,Final Superheater,20,2022,2022-06-15,6,5.85,3.4,546,136,8.65,Safe
UNIT 3A,Final Superheater,20,2023,2023-06-15,6,5.86,3.4,546,136,9.8,Safe
UNIT 3A,Final Superheater,20,2024,2024-06-15,6,5.8,3.4,546,136,11.05,Safe
UNIT 3A,Final Superheater,20,2025,2025-06-15,6,5.78,3.4,546,136,12.13,Safe
UNIT 3A,Final Superheater,21,2021,2021-06-15,6,5.4,3.4,567,146.7,34.36,Safe
UNIT 3A,Final Superheater,21,2022,2022-06-15,6,5.21,3.4,567,146.7,45.24,Watch
UNIT 3A,Final Superheater,21,2023,2023-06-15,6,4.91,3.4,567,146.7,56.09,Watch
UNIT 3A,Final Superheater,21,2024,2024-06-15,6,5.01,3.4,567,146.7,65.73,Watch
UNIT 3A,Final Superheater,21,2025,2025-06-15,6,4.7,3.4,567,146.7,74.6,Watch
UNIT 3A,Final Superheater,22,2021,2021-06-15,6,5.52,3.4,556,138.8,31.48,Safe
UNIT 3A,Final Superheater,22,2022,2022-06-15,6,5.34,3.4,556,138.8,40.65,Watch
UNIT 3A,Final Superheater,22,2023,2023-06-15,6,5.1,3.4,556,138.8,51.74,Watch
UNIT 3A,Final Superheater,22,2024,2024-06-15,6,4.99,3.4,556,138.8,60.47,Watch
UNIT 3A,Final Superheater,22,2025,2025-06-15,6,4.86,3.4,556,138.8,69.26,Watch
UNIT 3A,Final Superheater,23,2021,2021-06-15,6,5.9,3.4,545,146.6,7,Safe
UNIT 3A,Final Superheater,23,2022,2022-06-15,6,5.83,3.4,545,146.6,8.89,Safe
UNIT 3A,Final Superheater,23,2023,2023-06-15,6,5.83,3.4,545,146.6,11.01,Safe
UNIT 3A,Final Superheater,23,2024,2024-06-15,6,5.77,3.4,545,146.6,13.02,Safe
UNIT 3A,Final Superheater,23,2025,2025-06-15,6,5.73,3.4,545,146.6,15.29,Safe
UNIT 3A,Final Superheater,24,2021,2021-06-15,6,5.4,3.4,535,135.7,34.45,Safe
UNIT 3A,Final Superheater,24,2022,2022-06-15,6,5.3,3.4,535,135.7,47.98,Watch
UNIT 3A,Final Superheater,24,2023,2023-06-15,6,4.89,3.4,535,135.7,61.54,Watch
UNIT 3A,Final Superheater,24,2024,2024-06-15,6,4.83,3.4,535,135.7,74.99,Watch
UNIT 3A,Final Superheater,24,2025,2025-06-15,6,4.7,3.4,535,135.7,87.09,Critical
UNIT 3A,Final Superheater,25,2021,2021-06-15,6,5.3,3.4,566,137.8,37.11,Safe
UNIT 3A,Final Superheater,25,2022,2022-06-15,6,5.21,3.4,566,137.8,49.18,Watch
UNIT 3A,Final Superheater,25,2023,2023-06-15,6,5.04,3.4,566,137.8,61.79,Watch
UNIT 3A,Final Superheater,25,2024,2024-06-15,6,4.65,3.4,566,137.8,72.6,Watch
UNIT 3A,Final Superheater,25,2025,2025-06-15,6,4.7,3.4,566,137.8,83.53,Critical
UNIT 3A,Final Superheater,26,2021,2021-06-15,6,5.95,3.4,541,141.5,3.24,Safe
UNIT 3A,Final Superheater,26,2022,2022-06-15,6,5.92,3.4,541,141.5,5.43,Safe
UNIT 3A,Final Superheater,26,2023,2023-06-15,6,5.86,3.4,541,141.5,7.84,Safe
UNIT 3A,Final Superheater,26,2024,2024-06-15,6,5.82,3.4,541,141.5,9.94,Safe
UNIT 3A,Final Superheater,26,2025,2025-06-15,6,5.81,3.4,541,141.5,11.79,Safe
UNIT 3A,Final Superheater,27,2021,2021-06-15,6,5.87,3.4,564,140.3,7.7,Safe
UNIT 3A,Final Superheater,27,2022,2022-06-15,6,5.85,3.4,564,140.3,9.99,Safe
UNIT 3A,Final Superheater,27,2023,2023-06-15,6,5.76,3.4,564,140.3,12.78,Safe
UNIT 3A,Final Superheater,27,2024,2024-06-15,6,5.76,3.4,564,140.3,15.56,Safe
UNIT 3A,Final Superheater,27,2025,2025-06-15,6,5.71,3.4,564,140.3,17.65,Safe
UNIT 3A,Final Superheater,28,2021,2021-06-15,6,5.62,3.4,548,146.5,20.83,Safe
UNIT 3A,Final Superheater,28,2022,2022-06-15,6,5.59,3.4,548,146.5,28.2,Safe
UNIT 3A,Final Superheater,28,2023,2023-06-15,6,5.41,3.4,548,146.5,35.64,Safe
UNIT 3A,Final Superheater,28,2024,2024-06-15,6,5.34,3.4,548,146.5,41.89,Watch
UNIT 3A,Final Superheater,28,2025,2025-06-15,6,5.22,3.4,548,146.5,48.86,Watch
UNIT 3A,Final Superheater,29,2021,2021-06-15,6,5.91,3.4,562,135,5.39,Safe
UNIT 3A,Final Superheater,29,2022,2022-06-15,6,5.89,3.4,562,135,6.88,Safe
UNIT 3A,Final Superheater,29,2023,2023-06-15,6,5.85,3.4,562,135,8.6,Safe
UNIT 3A,Final Superheater,29,2024,2024-06-15,6,5.85,3.4,562,135,10.15,Safe
UNIT 3A,Final Superheater,29,2025,2025-06-15,6,5.81,3.4,562,135,11.77,Safe
UNIT 3A,Final Superheater,30,2021,2021-06-15,6,5.95,3.4,558,147.4,3.12,Safe
UNIT 3A,Final Superheater,30,2022,2022-06-15,6,5.92,3.4,558,147.4,5.66,Safe
UNIT 3A,Final Superheater,30,2023,2023-06-15,6,5.85,3.4,558,147.4,7.99,Safe
UNIT 3A,Final Superheater,30,2024,2024-06-15,6,5.81,3.4,558,147.4,10.87,Safe
UNIT 3A,Final Superheater,30,2025,2025-06-15,6,5.77,3.4,558,147.4,13.6,Safe
UNIT 3A,Final Superheater,31,2021,2021-06-15,6,5.91,3.4,553,149.7,5.99,Safe
UNIT 3A,Final Superheater,31,2022,2022-06-15,6,5.85,3.4,553,149.7,8.03,Safe
UNIT 3A,Final Superheater,31,2023,2023-06-15,6,5.85,3.4,553,149.7,9.94,Safe
UNIT 3A,Final Superheater,31,2024,2024-06-15,6,5.8,3.4,553,149.7,11.97,Safe
UNIT 3A,Final Superheater,31,2025,2025-06-15,6,5.73,3.4,553,149.7,14.36,Safe
UNIT 3A,Final Superheater,32,2021,2021-06-15,6,5.88,3.4,545,138.7,6.99,Safe
UNIT 3A,Final Superheater,32,2022,2022-06-15,6,5.87,3.4,545,138.7,8.89,Safe
UNIT 3A,Final Superheater,32,2023,2023-06-15,6,5.83,3.4,545,138.7,11.24,Safe
UNIT 3A,Final Superheater,32,2024,2024-06-15,6,5.76,3.4,545,138.7,13.48,Safe
UNIT 3A,Final Superheater,32,2025,2025-06-15,6,5.74,3.4,545,138.7,15.39,Safe
UNIT 3A,Final Superheater,33,2021,2021-06-15,6,5.87,3.4,540,144.8,7.79,Safe
UNIT 3A,Final Superheater,33,2022,2022-06-15,6,5.83,3.4,540,144.8,9.34,Safe
UNIT 3A,Final Superheater,33,2023,2023-06-15,6,5.79,3.4,540,144.8,10.72,Safe
UNIT 3A,Final Superheater,33,2024,2024-06-15,6,5.79,3.4,540,144.8,12.35,Safe
UNIT 3A,Final Superheater,33,2025,2025-06-15,6,5.76,3.4,540,144.8,13.91,Safe
UNIT 3A,Final Superheater,34,2021,2021-06-15,6,5.99,3.4,565,140,0.63,Safe
UNIT 3A,Final Superheater,34,2022,2022-06-15,6,5.97,3.4,565,140,1.46,Safe
UNIT 3A,Final Superheater,34,2023,2023-06-15,6,5.96,3.4,565,140,2.3,Safe
UNIT 3A,Final Superheater,34,2024,2024-06-15,6,5.94,3.4,565,140,3.25,Safe
UNIT 3A,Final Superheater,34,2025,2025-06-15,6,5.94,3.4,565,140,4.07,Safe
UNIT 3A,Final Superheater,35,2021,2021-06-15,6,5.45,3.4,560,139.6,37.84,Safe
UNIT 3A,Final Superheater,35,2022,2022-06-15,6,5.23,3.4,560,139.6,47.11,Watch
UNIT 3A,Final Superheater,35,2023,2023-06-15,6,5.04,3.4,560,139.6,58.56,Watch
UNIT 3A,Final Superheater,35,2024,2024-06-15,6,4.83,3.4,560,139.6,67.3,Watch
UNIT 3A,Final Superheater,35,2025,2025-06-15,6,4.56,3.4,560,139.6,78.53,Watch
UNIT 3A,Final Superheater,36,2021,2021-06-15,6,5.85,3.4,556,135.5,7.96,Safe
UNIT 3A,Final Superheater,36,2022,2022-06-15,6,5.8,3.4,556,135.5,10.4,Safe
UNIT 3A,Final Superheater,36,2023,2023-06-15,6,5.77,3.4,556,135.5,12.58,Safe
UNIT 3A,Final Superheater,36,2024,2024-06-15,6,5.75,3.4,556,135.5,14.58,Safe
UNIT 3A,Final Superheater,36,2025,2025-06-15,6,5.71,3.4,556,135.5,16.69,Safe
UNIT 3A,Final Superheater,37,2021,2021-06-15,6,5.57,3.4,559,145.2,23.86,Safe
UNIT 3A,Final Superheater,37,2022,2022-06-15,6,5.44,3.4,559,145.2,30.4,Safe
UNIT 3A,Final Superheater,37,2023,2023-06-15,6,5.45,3.4,559,145.2,38.18,Safe
UNIT 3A,Final Superheater,37,2024,2024-06-15,6,5.24,3.4,559,145.2,45.18,Watch
UNIT 3A,Final Superheater,37,2025,2025-06-15,6,5.22,3.4,559,145.2,52.24,Watch
UNIT 3A,Final Superheater,38,2021,2021-06-15,6,5.38,3.4,558,139,33.49,Safe
UNIT 3A,Final Superheater,38,2022,2022-06-15,6,5.29,3.4,558,139,42.73,Watch
UNIT 3A,Final Superheater,38,2023,2023-06-15,6,5.1,3.4,558,139,52.35,Watch
UNIT 3A,Final Superheater,38,2024,2024-06-15,6,5.06,3.4,558,139,60.51,Watch
UNIT 3A,Final Superheater,38,2025,2025-06-15,6,4.8,3.4,558,139,68.92,Watch
UNIT 3A,Final Superheater,39,2021,2021-06-15,6,5.47,3.4,548,142.8,31.64,Safe
UNIT 3A,Final Superheater,39,2022,2022-06-15,6,5.26,3.4,548,142.8,40.94,Watch
UNIT 3A,Final Superheater,39,2023,2023-06-15,6,5.23,3.4,548,142.8,50.26,Watch
UNIT 3A,Final Superheater,39,2024,2024-06-15,6,4.91,3.4,548,142.8,58.85,Watch
UNIT 3A,Final Superheater,39,2025,2025-06-15,6,4.69,3.4,548,142.8,67.27,Watch
UNIT 3A,Final Superheater,40,2021,2021-06-15,6,5.95,3.4,546,147.7,3.47,Safe
UNIT 3A,Final Superheater,40,2022,2022-06-15,6,5.91,3.4,546,147.7,5.35,Safe
UNIT 3A,Final Superheater,40,2023,2023-06-15,6,5.87,3.4,546,147.7,7.39,Safe
UNIT 3A,Final Superheater,40,2024,2024-06-15,6,5.82,3.4,546,147.7,9.49,Safe
UNIT 3A,Final Superheater,40,2025,2025-06-15,6,5.79,3.4,546,147.7,11.25,Safe
UNIT 3A,Final Superheater,41,2021,2021-06-15,6,5.58,3.4,542,136.4,23.38,Safe
UNIT 3A,Final Superheater,41,2022,2022-06-15,6,5.44,3.4,542,136.4,32.11,Safe
UNIT 3A,Final Superheater,41,2023,2023-06-15,6,5.29,3.4,542,136.4,39.78,Safe
UNIT 3A,Final Superheater,41,2024,2024-06-15,6,5.15,3.4,542,136.4,48.71,Watch
UNIT 3A,Final Superheater,41,2025,2025-06-15,6,5.14,3.4,542,136.4,57.15,Watch
UNIT 3A,Final Superheater,42,2021,2021-06-15,6,5.9,3.4,558,135.7,5.41,Safe
UNIT 3A,Final Superheater,42,2022,2022-06-15,6,5.89,3.4,558,135.7,6.61,Safe
UNIT 3A,Final Superheater,42,2023,2023-06-15,6,5.88,3.4,558,135.7,7.86,Safe
UNIT 3A,Final Superheater,42,2024,2024-06-15,6,5.85,3.4,558,135.7,9.1,Safe
UNIT 3A,Final Superheater,42,2025,2025-06-15,6,5.8,3.4,558,135.7,10.41,Safe
UNIT 3A,Final Superheater,43,2021,2021-06-15,6,5.99,3.4,545,141.1,0.86,Safe
UNIT 3A,Final Superheater,43,2022,2022-06-15,6,5.95,3.4,545,141.1,2.88,Safe
UNIT 3A,Final Superheater,43,2023,2023-06-15,6,5.92,3.4,545,141.1,4.73,Safe
UNIT 3A,Final Superheater,43,2024,2024-06-15,6,5.89,3.4,545,141.1,6.49,Safe
UNIT 3A,Final Superheater,43,2025,2025-06-15,6,5.88,3.4,545,141.1,8.1,Safe
UNIT 3A,Final Superheater,44,2021,2021-06-15,6,5.61,3.4,543,137.4,20.3,Safe
UNIT 3A,Final Superheater,44,2022,2022-06-15,6,5.48,3.4,543,137.4,30.88,Safe
UNIT 3A,Final Superheater,44,2023,2023-06-15,6,5.27,3.4,543,137.4,40.08,Watch
UNIT 3A,Final Superheater,44,2024,2024-06-15,6,5.21,3.4,543,137.4,48,Watch
UNIT 3A,Final Superheater,44,2025,2025-06-15,6,5.08,3.4,543,137.4,56.11,Watch
UNIT 3A,Final Superheater,45,2021,2021-06-15,6,5.89,3.4,562,146.3,5.97,Safe
UNIT 3A,Final Superheater,45,2022,2022-06-15,6,5.86,3.4,562,146.3,8.9,Safe
UNIT 3A,Final Superheater,45,2023,2023-06-15,6,5.81,3.4,562,146.3,11.89,Safe
UNIT 3A,Final Superheater,45,2024,2024-06-15,6,5.78,3.4,562,146.3,14.84,Safe
UNIT 3A,Final Superheater,45,2025,2025-06-15,6,5.72,3.4,562,146.3,17.87,Safe
UNIT 3A,Final Superheater,46,2021,2021-06-15,6,5.88,3.4,556,141.7,7.7,Safe
UNIT 3A,Final Superheater,46,2022,2022-06-15,6,5.84,3.4,556,141.7,8.69,Safe
UNIT 3A,Final Superheater,46,2023,2023-06-15,6,5.84,3.4,556,141.7,9.89,Safe
UNIT 3A,Final Superheater,46,2024,2024-06-15,6,5.8,3.4,556,141.7,10.96,Safe
UNIT 3A,Final Superheater,46,2025,2025-06-15,6,5.8,3.4,556,141.7,12.28,Safe
UNIT 3A,Final Superheater,47,2021,2021-06-15,6,5.38,3.4,563,149.7,32.1,Safe
UNIT 3A,Final Superheater,47,2022,2022-06-15,6,5.35,3.4,563,149.7,42.7,Watch
UNIT 3A,Final Superheater,47,2023,2023-06-15,6,5.14,3.4,563,149.7,53.86,Watch
UNIT 3A,Final Superheater,47,2024,2024-06-15,6,4.87,3.4,563,149.7,63.14,Watch
UNIT 3A,Final Superheater,47,2025,2025-06-15,6,4.67,3.4,563,149.7,71.58,Watch
UNIT 3A,Final Superheater,48,2021,2021-06-15,6,5.94,3.4,561,136,3.12,Safe
UNIT 3A,Final Superheater,48,2022,2022-06-15,6,5.89,3.4,561,136,5.72,Safe
UNIT 3A,Final Superheater,48,2023,2023-06-15,6,5.87,3.4,561,136,7.95,Safe
UNIT 3A,Final Superheater,48,2024,2024-06-15,6,5.82,3.4,561,136,10.36,Safe
UNIT 3A,Final Superheater,48,2025,2025-06-15,6,5.75,3.4,561,136,13.1,Safe
UNIT 3A,Final Superheater,49,2021,2021-06-15,6,5.97,3.4,569,143.9,2.02,Safe
UNIT 3A,Final Superheater,49,2022,2022-06-15,6,5.95,3.4,569,143.9,2.85,Safe
UNIT 3A,Final Superheater,49,2023,2023-06-15,6,5.94,3.4,569,143.9,3.8,Safe
UNIT 3A,Final Superheater,49,2024,2024-06-15,6,5.92,3.4,569,143.9,4.62,Safe
UNIT 3A,Final Superheater,49,2025,2025-06-15,6,5.9,3.4,569,143.9,5.56,Safe
UNIT 3A,Final Superheater,50,2021,2021-06-15,6,5.23,3.4,548,140.9,46.4,Watch
UNIT 3A,Final Superheater,50,2022,2022-06-15,6,5.09,3.4,548,140.9,61.03,Watch
UNIT 3A,Final Superheater,50,2023,2023-06-15,6,4.6,3.4,548,140.9,74.6,Watch
UNIT 3A,Final Superheater,50,2024,2024-06-15,6,4.45,3.4,548,140.9,86.03,Critical
UNIT 3A,Final Superheater,50,2025,2025-06-15,6,4.15,3.4,548,140.9,98.69,Critical
UNIT 3A,Final Superheater,51,2021,2021-06-15,6,5.89,3.4,568,144.3,6.05,Safe
UNIT 3A,Final Superheater,51,2022,2022-06-15,6,5.87,3.4,568,144.3,6.87,Safe
UNIT 3A,Final Superheater,51,2023,2023-06-15,6,5.88,3.4,568,144.3,7.68,Safe
UNIT 3A,Final Superheater,51,2024,2024-06-15,6,5.83,3.4,568,144.3,8.74,Safe
UNIT 3A,Final Superheater,51,2025,2025-06-15,6,5.84,3.4,568,144.3,9.82,Safe
UNIT 3A,Final Superheater,52,2021,2021-06-15,6,5.42,3.4,568,148.1,33.64,Safe
UNIT 3A,Final Superheater,52,2022,2022-06-15,6,5.33,3.4,568,148.1,45.7,Watch
UNIT 3A,Final Superheater,52,2023,2023-06-15,6,4.91,3.4,568,148.1,57.76,Watch
UNIT 3A,Final Superheater,52,2024,2024-06-15,6,4.96,3.4,568,148.1,70.93,Watch
UNIT 3A,Final Superheater,52,2025,2025-06-15,6,4.66,3.4,568,148.1,82.08,Critical
UNIT 3A,Final Superheater,53,2021,2021-06-15,6,5.31,3.4,553,146.8,42.44,Watch
UNIT 3A,Final Superheater,53,2022,2022-06-15,6,5.02,3.4,553,146.8,56.79,Watch
UNIT 3A,Final Superheater,53,2023,2023-06-15,6,4.83,3.4,553,146.8,70.06,Watch
UNIT 3A,Final Superheater,53,2024,2024-06-15,6,4.33,3.4,553,146.8,87.2,Critical
UNIT 3A,Final Superheater,53,2025,2025-06-15,6,4.24,3.4,553,146.8,99.5,Critical
UNIT 3A,Final Superheater,54,2021,2021-06-15,6,5.45,3.4,538,143.6,36.06,Safe
UNIT 3A,Final Superheater,54,2022,2022-06-15,6,5.04,3.4,538,143.6,50.7,Watch
UNIT 3A,Final Superheater,54,2023,2023-06-15,6,4.84,3.4,538,143.6,62.99,Watch
UNIT 3A,Final Superheater,54,2024,2024-06-15,6,4.65,3.4,538,143.6,74.34,Watch
UNIT 3A,Final Superheater,54,2025,2025-06-15,6,4.7,3.4,538,143.6,86.42,Critical
UNIT 3A,Final Superheater,55,2021,2021-06-15,6,5.93,3.4,569,135.8,4.16,Safe
UNIT 3A,Final Superheater,55,2022,2022-06-15,6,5.91,3.4,569,135.8,6.2,Safe
UNIT 3A,Final Superheater,55,2023,2023-06-15,6,5.86,3.4,569,135.8,8.1,Safe
UNIT 3A,Final Superheater,55,2024,2024-06-15,6,5.81,3.4,569,135.8,10.16,Safe
UNIT 3A,Final Superheater,55,2025,2025-06-15,6,5.79,3.4,569,135.8,12.08,Safe
UNIT 3A,Final Superheater,56,2021,2021-06-15,6,5.69,3.4,537,147.5,20.05,Safe
UNIT 3A,Final Superheater,56,2022,2022-06-15,6,5.53,3.4,537,147.5,27.03,Safe
UNIT 3A,Final Superheater,56,2023,2023-06-15,6,5.37,3.4,537,147.5,33.54,Safe
UNIT 3A,Final Superheater,56,2024,2024-06-15,6,5.41,3.4,537,147.5,40.66,Watch
UNIT 3A,Final Superheater,56,2025,2025-06-15,6,5.19,3.4,537,147.5,47.93,Watch
UNIT 3A,Final Superheater,57,2021,2021-06-15,6,5.96,3.4,563,144.7,2.48,Safe
UNIT 3A,Final Superheater,57,2022,2022-06-15,6,5.93,3.4,563,144.7,4.5,Safe
UNIT 3A,Final Superheater,57,2023,2023-06-15,6,5.88,3.4,563,144.7,6.77,Safe
UNIT 3A,Final Superheater,57,2024,2024-06-15,6,5.83,3.4,563,144.7,9.09,Safe
UNIT 3A,Final Superheater,57,2025,2025-06-15,6,5.8,3.4,563,144.7,11.23,Safe
UNIT 3A,Final Superheater,58,2021,2021-06-15,6,5.87,3.4,570,136.3,7.11,Safe
UNIT 3A,Final Superheater,58,2022,2022-06-15,6,5.83,3.4,570,136.3,9.95,Safe
UNIT 3A,Final Superheater,58,2023,2023-06-15,6,5.76,3.4,570,136.3,12.24,Safe
UNIT 3A,Final Superheater,58,2024,2024-06-15,6,5.77,3.4,570,136.3,14.49,Safe
UNIT 3A,Final Superheater,58,2025,2025-06-15,6,5.72,3.4,570,136.3,16.74,Safe
UNIT 3A,Final Superheater,59,2021,2021-06-15,6,5.93,3.4,561,148.3,3.83,Safe
UNIT 3A,Final Superheater,59,2022,2022-06-15,6,5.91,3.4,561,148.3,6.45,Safe
UNIT 3A,Final Superheater,59,2023,2023-06-15,6,5.82,3.4,561,148.3,9.4,Safe
UNIT 3A,Final Superheater,59,2024,2024-06-15,6,5.81,3.4,561,148.3,12.28,Safe
UNIT 3A,Final Superheater,59,2025,2025-06-15,6,5.73,3.4,561,148.3,15.33,Safe
UNIT 3A,Final Superheater,60,2021,2021-06-15,6,5.91,3.4,553,145,5.34,Safe
UNIT 3A,Final Superheater,60,2022,2022-06-15,6,5.87,3.4,553,145,7.89,Safe
UNIT 3A,Final Superheater,60,2023,2023-06-15,6,5.82,3.4,553,145,10.57,Safe
UNIT 3A,Final Superheater,60,2024,2024-06-15,6,5.8,3.4,553,145,13.09,Safe
UNIT 3A,Final Superheater,60,2025,2025-06-15,6,5.72,3.4,553,145,15.77,Safe
UNIT 3A,Final Superheater,61,2021,2021-06-15,6,5.48,3.4,552,143.4,31.54,Safe
UNIT 3A,Final Superheater,61,2022,2022-06-15,6,5.33,3.4,552,143.4,39.56,Safe
UNIT 3A,Final Superheater,61,2023,2023-06-15,6,5.3,3.4,552,143.4,48.12,Watch
UNIT 3A,Final Superheater,61,2024,2024-06-15,6,5.06,3.4,552,143.4,54.56,Watch
UNIT 3A,Final Superheater,61,2025,2025-06-15,6,4.93,3.4,552,143.4,61.38,Watch
UNIT 3A,Final Superheater,62,2021,2021-06-15,6,5.52,3.4,565,147.5,28.26,Safe
UNIT 3A,Final Superheater,62,2022,2022-06-15,6,5.38,3.4,565,147.5,35.8,Safe
UNIT 3A,Final Superheater,62,2023,2023-06-15,6,5.2,3.4,565,147.5,43.95,Watch
UNIT 3A,Final Superheater,62,2024,2024-06-15,6,5.18,3.4,565,147.5,52.35,Watch
UNIT 3A,Final Superheater,62,2025,2025-06-15,6,4.96,3.4,565,147.5,61.24,Watch
UNIT 3A,Final Superheater,63,2021,2021-06-15,6,5.15,3.4,553,139.5,47.17,Watch
UNIT 3A,Final Superheater,63,2022,2022-06-15,6,4.99,3.4,553,139.5,59.27,Watch
UNIT 3A,Final Superheater,63,2023,2023-06-15,6,4.87,3.4,553,139.5,72.32,Watch
UNIT 3A,Final Superheater,63,2024,2024-06-15,6,4.37,3.4,553,139.5,84.67,Critical
UNIT 3A,Final Superheater,63,2025,2025-06-15,6,4.22,3.4,553,139.5,96.64,Critical
UNIT 3A,Final Superheater,64,2021,2021-06-15,6,5.97,3.4,560,137.7,1.64,Safe
UNIT 3A,Final Superheater,64,2022,2022-06-15,6,5.95,3.4,560,137.7,2.9,Safe
UNIT 3A,Final Superheater,64,2023,2023-06-15,6,5.94,3.4,560,137.7,3.84,Safe
UNIT 3A,Final Superheater,64,2024,2024-06-15,6,5.91,3.4,560,137.7,4.83,Safe
UNIT 3A,Final Superheater,64,2025,2025-06-15,6,5.91,3.4,560,137.7,5.85,Safe
UNIT 3A,Final Superheater,65,2021,2021-06-15,6,5.92,3.4,570,135.3,5.36,Safe
UNIT 3A,Final Superheater,65,2022,2022-06-15,6,5.87,3.4,570,135.3,6.61,Safe
UNIT 3A,Final Superheater,65,2023,2023-06-15,6,5.86,3.4,570,135.3,7.92,Safe
UNIT 3A,Final Superheater,65,2024,2024-06-15,6,5.83,3.4,570,135.3,9.15,Safe
UNIT 3A,Final Superheater,65,2025,2025-06-15,6,5.83,3.4,570,135.3,10.63,Safe
UNIT 3A,Final Superheater,66,2021,2021-06-15,6,5.97,3.4,538,144.6,2.02,Safe
UNIT 3A,Final Superheater,66,2022,2022-06-15,6,5.91,3.4,538,144.6,4.8,Safe
UNIT 3A,Final Superheater,66,2023,2023-06-15,6,5.86,3.4,538,144.6,7.17,Safe
UNIT 3A,Final Superheater,66,2024,2024-06-15,6,5.83,3.4,538,144.6,9.9,Safe
UNIT 3A,Final Superheater,66,2025,2025-06-15,6,5.82,3.4,538,144.6,12.04,Safe
UNIT 3A,Final Superheater,67,2021,2021-06-15,6,5.16,3.4,549,145.4,47.63,Watch
UNIT 3A,Final Superheater,67,2022,2022-06-15,6,5.11,3.4,549,145.4,57.77,Watch
UNIT 3A,Final Superheater,67,2023,2023-06-15,6,4.81,3.4,549,145.4,67.76,Watch
UNIT 3A,Final Superheater,67,2024,2024-06-15,6,4.81,3.4,549,145.4,77.72,Watch
UNIT 3A,Final Superheater,67,2025,2025-06-15,6,4.71,3.4,549,145.4,88.13,Critical
UNIT 3A,Final Superheater,68,2021,2021-06-15,6,5.88,3.4,542,137.6,6.46,Safe
UNIT 3A,Final Superheater,68,2022,2022-06-15,6,5.87,3.4,542,137.6,7.97,Safe
UNIT 3A,Final Superheater,68,2023,2023-06-15,6,5.86,3.4,542,137.6,9.24,Safe
UNIT 3A,Final Superheater,68,2024,2024-06-15,6,5.81,3.4,542,137.6,10.76,Safe
UNIT 3A,Final Superheater,68,2025,2025-06-15,6,5.8,3.4,542,137.6,11.92,Safe
UNIT 3A,Final Superheater,69,2021,2021-06-15,6,5.37,3.4,536,147.2,40.14,Watch
UNIT 3A,Final Superheater,69,2022,2022-06-15,6,5.06,3.4,536,147.2,53.32,Watch
UNIT 3A,Final Superheater,69,2023,2023-06-15,6,4.85,3.4,536,147.2,68.14,Watch
UNIT 3A,Final Superheater,69,2024,2024-06-15,6,4.66,3.4,536,147.2,82.79,Critical
UNIT 3A,Final Superheater,69,2025,2025-06-15,6,4.49,3.4,536,147.2,97.2,Critical
UNIT 3A,Final Superheater,70,2021,2021-06-15,6,5.46,3.4,537,141.6,31.45,Safe
UNIT 3A,Final Superheater,70,2022,2022-06-15,6,5.34,3.4,537,141.6,42.2,Watch
UNIT 3A,Final Superheater,70,2023,2023-06-15,6,5.05,3.4,537,141.6,53.19,Watch
UNIT 3A,Final Superheater,70,2024,2024-06-15,6,5.04,3.4,537,141.6,63.71,Watch
UNIT 3A,Final Superheater,70,2025,2025-06-15,6,4.88,3.4,537,141.6,75.47,Watch
UNIT 3A,Final Superheater,71,2021,2021-06-15,6,5.66,3.4,560,144.6,20.25,Safe
UNIT 3A,Final Superheater,71,2022,2022-06-15,6,5.51,3.4,560,144.6,27.7,Safe
UNIT 3A,Final Superheater,71,2023,2023-06-15,6,5.5,3.4,560,144.6,34.02,Safe
UNIT 3A,Final Superheater,71,2024,2024-06-15,6,5.27,3.4,560,144.6,41.37,Watch
UNIT 3A,Final Superheater,71,2025,2025-06-15,6,5.24,3.4,560,144.6,48.58,Watch
UNIT 3A,Final Superheater,72,2021,2021-06-15,6,5.65,3.4,548,144.8,21.44,Safe
UNIT 3A,Final Superheater,72,2022,2022-06-15,6,5.55,3.4,548,144.8,31.06,Safe
UNIT 3A,Final Superheater,72,2023,2023-06-15,6,5.39,3.4,548,144.8,40.24,Watch
UNIT 3A,Final Superheater,72,2024,2024-06-15,6,5.26,3.4,548,144.8,49.77,Watch
UNIT 3A,Final Superheater,72,2025,2025-06-15,6,4.96,3.4,548,144.8,57.64,Watch
UNIT 3A,Final Superheater,73,2021,2021-06-15,6,5.28,3.4,570,147.8,45.2,Watch
UNIT 3A,Final Superheater,73,2022,2022-06-15,6,4.98,3.4,570,147.8,55.86,Watch
UNIT 3A,Final Superheater,73,2023,2023-06-15,6,4.82,3.4,570,147.8,65.28,Watch
UNIT 3A,Final Superheater,73,2024,2024-06-15,6,4.58,3.4,570,147.8,74.57,Watch
UNIT 3A,Final Superheater,73,2025,2025-06-15,6,4.56,3.4,570,147.8,85.58,Critical
UNIT 3A,Final Superheater,74,2021,2021-06-15,6,5.51,3.4,564,143.1,28.73,Safe
UNIT 3A,Final Superheater,74,2022,2022-06-15,6,5.36,3.4,564,143.1,35.89,Safe
UNIT 3A,Final Superheater,74,2023,2023-06-15,6,5.34,3.4,564,143.1,43.52,Watch
UNIT 3A,Final Superheater,74,2024,2024-06-15,6,5.11,3.4,564,143.1,52.45,Watch
UNIT 3A,Final Superheater,74,2025,2025-06-15,6,4.83,3.4,564,143.1,60.4,Watch
UNIT 3A,Final Superheater,75,2021,2021-06-15,6,5.92,3.4,550,135.8,5.06,Safe
UNIT 3A,Final Superheater,75,2022,2022-06-15,6,5.9,3.4,550,135.8,7.05,Safe
UNIT 3A,Final Superheater,75,2023,2023-06-15,6,5.83,3.4,550,135.8,9.45,Safe
UNIT 3A,Final Superheater,75,2024,2024-06-15,6,5.79,3.4,550,135.8,11.54,Safe
UNIT 3A,Final Superheater,75,2025,2025-06-15,6,5.74,3.4,550,135.8,14.19,Safe
UNIT 3A,Final Superheater,76,2021,2021-06-15,6,5.95,3.4,543,149.2,2.89,Safe
UNIT 3A,Final Superheater,76,2022,2022-06-15,6,5.92,3.4,543,149.2,4.29,Safe
UNIT 3A,Final Superheater,76,2023,2023-06-15,6,5.91,3.4,543,149.2,5.48,Safe
UNIT 3A,Final Superheater,76,2024,2024-06-15,6,5.9,3.4,543,149.2,6.83,Safe
UNIT 3A,Final Superheater,76,2025,2025-06-15,6,5.85,3.4,543,149.2,8.16,Safe
UNIT 3A,Final Superheater,77,2021,2021-06-15,6,5.59,3.4,566,136.5,21.75,Safe
UNIT 3A,Final Superheater,77,2022,2022-06-15,6,5.49,3.4,566,136.5,31.14,Safe
UNIT 3A,Final Superheater,77,2023,2023-06-15,6,5.38,3.4,566,136.5,40.54,Watch
UNIT 3A,Final Superheater,77,2024,2024-06-15,6,5.07,3.4,566,136.5,49.82,Watch
UNIT 3A,Final Superheater,77,2025,2025-06-15,6,5.09,3.4,566,136.5,60.06,Watch
UNIT 3A,Final Superheater,78,2021,2021-06-15,6,5.93,3.4,567,135.7,3.41,Safe
UNIT 3A,Final Superheater,78,2022,2022-06-15,6,5.9,3.4,567,135.7,5.93,Safe
UNIT 3A,Final Superheater,78,2023,2023-06-15,6,5.86,3.4,567,135.7,8.73,Safe
UNIT 3A,Final Superheater,78,2024,2024-06-15,6,5.83,3.4,567,135.7,11.6,Safe
UNIT 3A,Final Superheater,78,2025,2025-06-15,6,5.72,3.4,567,135.7,14.39,Safe
UNIT 3A,Final Superheater,79,2021,2021-06-15,6,5.96,3.4,543,148.9,2.23,Safe
UNIT 3A,Final Superheater,79,2022,2022-06-15,6,5.93,3.4,543,148.9,4.87,Safe
UNIT 3A,Final Superheater,79,2023,2023-06-15,6,5.86,3.4,543,148.9,7.66,Safe
UNIT 3A,Final Superheater,79,2024,2024-06-15,6,5.83,3.4,543,148.9,10.29,Safe
UNIT 3A,Final Superheater,79,2025,2025-06-15,6,5.81,3.4,543,148.9,13.07,Safe
UNIT 3A,Final Superheater,80,2021,2021-06-15,6,5.62,3.4,569,147.9,20.07,Safe
UNIT 3A,Final Superheater,80,2022,2022-06-15,6,5.6,3.4,569,147.9,26.27,Safe
UNIT 3A,Final Superheater,80,2023,2023-06-15,6,5.49,3.4,569,147.9,33.23,Safe
UNIT 3A,Final Superheater,80,2024,2024-06-15,6,5.4,3.4,569,147.9,40.79,Watch
UNIT 3A,Final Superheater,80,2025,2025-06-15,6,5.22,3.4,569,147.9,47.96,Watch
UNIT 3A,Final Superheater,81,2021,2021-06-15,6,5.97,3.4,547,136.7,1.76,Safe
UNIT 3A,Final Superheater,81,2022,2022-06-15,6,5.96,3.4,547,136.7,2.82,Safe
UNIT 3A,Final Superheater,81,2023,2023-06-15,6,5.93,3.4,547,136.7,3.83,Safe
UNIT 3A,Final Superheater,81,2024,2024-06-15,6,5.91,3.4,547,136.7,5.12,Safe
UNIT 3A,Final Superheater,81,2025,2025-06-15,6,5.88,3.4,547,136.7,6.29,Safe
UNIT 3A,Final Superheater,82,2021,2021-06-15,6,6,3.4,537,142.3,0.01,Safe
UNIT 3A,Final Superheater,82,2022,2022-06-15,6,5.96,3.4,537,142.3,2.25,Safe
UNIT 3A,Final Superheater,82,2023,2023-06-15,6,5.92,3.4,537,142.3,4.43,Safe
UNIT 3A,Final Superheater,82,2024,2024-06-15,6,5.88,3.4,537,142.3,7.36,Safe
UNIT 3A,Final Superheater,82,2025,2025-06-15,6,5.83,3.4,537,142.3,9.82,Safe
UNIT 3A,Final Superheater,83,2021,2021-06-15,6,5.56,3.4,561,139.5,27.29,Safe
UNIT 3A,Final Superheater,83,2022,2022-06-15,6,5.45,3.4,561,139.5,35.9,Safe
UNIT 3A,Final Superheater,83,2023,2023-06-15,6,5.26,3.4,561,139.5,42.45,Watch
UNIT 3A,Final Superheater,83,2024,2024-06-15,6,5.26,3.4,561,139.5,48.88,Watch
UNIT 3A,Final Superheater,83,2025,2025-06-15,6,5,3.4,561,139.5,56.66,Watch
UNIT 3A,Final Superheater,84,2021,2021-06-15,6,5.49,3.4,568,147.1,27.72,Safe
UNIT 3A,Final Superheater,84,2022,2022-06-15,6,5.3,3.4,568,147.1,36.96,Safe
UNIT 3A,Final Superheater,84,2023,2023-06-15,6,5.3,3.4,568,147.1,46.66,Watch
UNIT 3A,Final Superheater,84,2024,2024-06-15,6,4.93,3.4,568,147.1,56.67,Watch
UNIT 3A,Final Superheater,84,2025,2025-06-15,6,5.06,3.4,568,147.1,65,Watch
UNIT 3A,Final Superheater,85,2021,2021-06-15,6,5.92,3.4,565,138.7,4.2,Safe
UNIT 3A,Final Superheater,85,2022,2022-06-15,6,5.89,3.4,565,138.7,6.31,Safe
UNIT 3A,Final Superheater,85,2023,2023-06-15,6,5.86,3.4,565,138.7,8.6,Safe
UNIT 3A,Final Superheater,85,2024,2024-06-15,6,5.83,3.4,565,138.7,11.07,Safe
UNIT 3A,Final Superheater,85,2025,2025-06-15,6,5.76,3.4,565,138.7,13.63,Safe
UNIT 3A,Final Superheater,86,2021,2021-06-15,6,5.25,3.4,537,145.8,43.91,Watch
UNIT 3A,Final Superheater,86,2022,2022-06-15,6,5.16,3.4,537,145.8,56.5,Watch
UNIT 3A,Final Superheater,86,2023,2023-06-15,6,4.82,3.4,537,145.8,66.78,Watch
UNIT 3A,Final Superheater,86,2024,2024-06-15,6,4.53,3.4,537,145.8,79.07,Watch
UNIT 3A,Final Superheater,86,2025,2025-06-15,6,4.48,3.4,537,145.8,89.58,Critical
UNIT 3A,Final Superheater,87,2021,2021-06-15,6,5.57,3.4,550,140.6,27.66,Safe
UNIT 3A,Final Superheater,87,2022,2022-06-15,6,5.42,3.4,550,140.6,37.26,Safe
UNIT 3A,Final Superheater,87,2023,2023-06-15,6,5.35,3.4,550,140.6,44.86,Watch
UNIT 3A,Final Superheater,87,2024,2024-06-15,6,5.2,3.4,550,140.6,52.26,Watch
UNIT 3A,Final Superheater,87,2025,2025-06-15,6,5.12,3.4,550,140.6,61.1,Watch
UNIT 3A,Final Superheater,88,2021,2021-06-15,6,5.63,3.4,542,144.1,20.58,Safe
UNIT 3A,Final Superheater,88,2022,2022-06-15,6,5.55,3.4,542,144.1,29.26,Safe
UNIT 3A,Final Superheater,88,2023,2023-06-15,6,5.32,3.4,542,144.1,38.27,Safe
UNIT 3A,Final Superheater,88,2024,2024-06-15,6,5.25,3.4,542,144.1,45.31,Watch
UNIT 3A,Final Superheater,88,2025,2025-06-15,6,5.14,3.4,542,144.1,54.07,Watch
UNIT 3A,Final Superheater,89,2021,2021-06-15,6,5.89,3.4,547,135.4,7.74,Safe
UNIT 3A,Final Superheater,89,2022,2022-06-15,6,5.84,3.4,547,135.4,8.63,Safe
UNIT 3A,Final Superheater,89,2023,2023-06-15,6,5.82,3.4,547,135.4,9.64,Safe
UNIT 3A,Final Superheater,89,2024,2024-06-15,6,5.82,3.4,547,135.4,10.57,Safe
UNIT 3A,Final Superheater,89,2025,2025-06-15,6,5.83,3.4,547,135.4,11.46,Safe
UNIT 3A,Final Superheater,90,2021,2021-06-15,6,5.94,3.4,541,146.9,4.12,Safe
UNIT 3A,Final Superheater,90,2022,2022-06-15,6,5.89,3.4,541,146.9,6.04,Safe
UNIT 3A,Final Superheater,90,2023,2023-06-15,6,5.88,3.4,541,146.9,8.03,Safe
UNIT 3A,Final Superheater,90,2024,2024-06-15,6,5.84,3.4,541,146.9,9.65,Safe
UNIT 3A,Final Superheater,90,2025,2025-06-15,6,5.78,3.4,541,146.9,11.64,Safe
UNIT 3A,Final Superheater,91,2021,2021-06-15,6,5.48,3.4,553,143.3,27.67,Safe
UNIT 3A,Final Superheater,91,2022,2022-06-15,6,5.44,3.4,553,143.3,34.67,Safe
UNIT 3A,Final Superheater,91,2023,2023-06-15,6,5.36,3.4,553,143.3,40.9,Watch
UNIT 3A,Final Superheater,91,2024,2024-06-15,6,5.21,3.4,553,143.3,48.57,Watch
UNIT 3A,Final Superheater,91,2025,2025-06-15,6,5.18,3.4,553,143.3,55.07,Watch
UNIT 3A,Final Superheater,92,2021,2021-06-15,6,5.29,3.4,542,142.8,41.8,Watch
UNIT 3A,Final Superheater,92,2022,2022-06-15,6,5.09,3.4,542,142.8,54,Watch
UNIT 3A,Final Superheater,92,2023,2023-06-15,6,4.74,3.4,542,142.8,65.82,Watch
UNIT 3A,Final Superheater,92,2024,2024-06-15,6,4.72,3.4,542,142.8,77.62,Watch
UNIT 3A,Final Superheater,92,2025,2025-06-15,6,4.36,3.4,542,142.8,89.2,Critical
UNIT 3A,Final Superheater,93,2021,2021-06-15,6,5.49,3.4,568,144.8,32.7,Safe
UNIT 3A,Final Superheater,93,2022,2022-06-15,6,5.24,3.4,568,144.8,46.8,Watch
UNIT 3A,Final Superheater,93,2023,2023-06-15,6,4.8,3.4,568,144.8,63.8,Watch
UNIT 3A,Final Superheater,93,2024,2024-06-15,6,4.75,3.4,568,144.8,77.76,Watch
UNIT 3A,Final Superheater,93,2025,2025-06-15,6,4.63,3.4,568,144.8,92.02,Critical
UNIT 3A,Final Superheater,94,2021,2021-06-15,6,5.44,3.4,564,146.2,30.39,Safe
UNIT 3A,Final Superheater,94,2022,2022-06-15,6,5.3,3.4,564,146.2,36.77,Safe
UNIT 3A,Final Superheater,94,2023,2023-06-15,6,5.25,3.4,564,146.2,44.34,Watch
UNIT 3A,Final Superheater,94,2024,2024-06-15,6,5.04,3.4,564,146.2,50.65,Watch
UNIT 3A,Final Superheater,94,2025,2025-06-15,6,4.92,3.4,564,146.2,58.15,Watch
UNIT 3A,Final Superheater,95,2021,2021-06-15,6,5.87,3.4,538,138,7.37,Safe
UNIT 3A,Final Superheater,95,2022,2022-06-15,6,5.83,3.4,538,138,9.69,Safe
UNIT 3A,Final Superheater,95,2023,2023-06-15,6,5.79,3.4,538,138,12.16,Safe
UNIT 3A,Final Superheater,95,2024,2024-06-15,6,5.77,3.4,538,138,14.69,Safe
UNIT 3A,Final Superheater,95,2025,2025-06-15,6,5.74,3.4,538,138,17.26,Safe
UNIT 3A,Final Superheater,96,2021,2021-06-15,6,5.95,3.4,543,139.6,2.61,Safe
UNIT 3A,Final Superheater,96,2022,2022-06-15,6,5.94,3.4,543,139.6,3.94,Safe
UNIT 3A,Final Superheater,96,2023,2023-06-15,6,5.92,3.4,543,139.6,5.45,Safe
UNIT 3A,Final Superheater,96,2024,2024-06-15,6,5.88,3.4,543,139.6,6.82,Safe
UNIT 3A,Final Superheater,96,2025,2025-06-15,6,5.88,3.4,543,139.6,7.99,Safe
UNIT 3A,Final Superheater,97,2021,2021-06-15,6,5.89,3.4,551,136.1,6.35,Safe
UNIT 3A,Final Superheater,97,2022,2022-06-15,6,5.89,3.4,551,136.1,7.23,Safe
UNIT 3A,Final Superheater,97,2023,2023-06-15,6,5.87,3.4,551,136.1,8.2,Safe
UNIT 3A,Final Superheater,97,2024,2024-06-15,6,5.86,3.4,551,136.1,9.02,Safe
UNIT 3A,Final Superheater,97,2025,2025-06-15,6,5.82,3.4,551,136.1,9.96,Safe
UNIT 3A,Final Superheater,98,2021,2021-06-15,6,5.61,3.4,553,139.6,26.88,Safe
UNIT 3A,Final Superheater,98,2022,2022-06-15,6,5.42,3.4,553,139.6,37.44,Safe
UNIT 3A,Final Superheater,98,2023,2023-06-15,6,5.19,3.4,553,139.6,47.47,Watch
UNIT 3A,Final Superheater,98,2024,2024-06-15,6,4.92,3.4,553,139.6,55.68,Watch
UNIT 3A,Final Superheater,98,2025,2025-06-15,6,4.89,3.4,553,139.6,66.24,Watch
UNIT 3A,Final Superheater,99,2021,2021-06-15,6,5.98,3.4,537,140,1.07,Safe
UNIT 3A,Final Superheater,99,2022,2022-06-15,6,5.95,3.4,537,140,3.48,Safe
UNIT 3A,Final Superheater,99,2023,2023-06-15,6,5.91,3.4,537,140,6.26,Safe
UNIT 3A,Final Superheater,99,2024,2024-06-15,6,5.86,3.4,537,140,8.34,Safe
UNIT 3A,Final Superheater,99,2025,2025-06-15,6,5.83,3.4,537,140,10.87,Safe
UNIT 3A,Final Superheater,100,2021,2021-06-15,6,5.86,3.4,551,140.1,7.88,Safe
UNIT 3A,Final Superheater,100,2022,2022-06-15,6,5.84,3.4,551,140.1,8.76,Safe
UNIT 3A,Final Superheater,100,2023,2023-06-15,6,5.85,3.4,551,140.1,9.87,Safe
UNIT 3A,Final Superheater,100,2024,2024-06-15,6,5.83,3.4,551,140.1,10.77,Safe
UNIT 3A,Final Superheater,100,2025,2025-06-15,6,5.77,3.4,551,140.1,11.63,Safe
UNIT 3A,Final Superheater,101,2021,2021-06-15,6,5.89,3.4,553,140.1,6.66,Safe
UNIT 3A,Final Superheater,101,2022,2022-06-15,6,5.85,3.4,553,140.1,9.38,Safe
UNIT 3A,Final Superheater,101,2023,2023-06-15,6,5.82,3.4,553,140.1,12.18,Safe
UNIT 3A,Final Superheater,101,2024,2024-06-15,6,5.75,3.4,553,140.1,14.96,Safe
UNIT 3A,Final Superheater,101,2025,2025-06-15,6,5.73,3.4,553,140.1,17.71,Safe
UNIT 3A,Final Superheater,102,2021,2021-06-15,6,5.92,3.4,564,138,5.69,Safe
UNIT 3A,Final Superheater,102,2022,2022-06-15,6,5.88,3.4,564,138,7.94,Safe
UNIT 3A,Final Superheater,102,2023,2023-06-15,6,5.8,3.4,564,138,10.25,Safe
UNIT 3A,Final Superheater,102,2024,2024-06-15,6,5.8,3.4,564,138,12.4,Safe
UNIT 3A,Final Superheater,102,2025,2025-06-15,6,5.75,3.4,564,138,14.95,Safe
UNIT 3A,Final Superheater,103,2021,2021-06-15,6,5.13,3.4,567,144.5,46.96,Watch
UNIT 3A,Final Superheater,103,2022,2022-06-15,6,4.98,3.4,567,144.5,56.38,Watch
UNIT 3A,Final Superheater,103,2023,2023-06-15,6,4.97,3.4,567,144.5,65.51,Watch
UNIT 3A,Final Superheater,103,2024,2024-06-15,6,4.54,3.4,567,144.5,75.07,Watch
UNIT 3A,Final Superheater,103,2025,2025-06-15,6,4.74,3.4,567,144.5,84.34,Critical
UNIT 3A,Final Superheater,104,2021,2021-06-15,6,5.49,3.4,538,143.7,27.81,Safe
UNIT 3A,Final Superheater,104,2022,2022-06-15,6,5.43,3.4,538,143.7,38.5,Safe
UNIT 3A,Final Superheater,104,2023,2023-06-15,6,5.04,3.4,538,143.7,50.02,Watch
UNIT 3A,Final Superheater,104,2024,2024-06-15,6,4.93,3.4,538,143.7,61.23,Watch
UNIT 3A,Final Superheater,104,2025,2025-06-15,6,4.78,3.4,538,143.7,71.31,Watch
UNIT 3A,Final Superheater,105,2021,2021-06-15,6,5.3,3.4,547,140,41.98,Watch
UNIT 3A,Final Superheater,105,2022,2022-06-15,6,5.09,3.4,547,140,54.99,Watch
UNIT 3A,Final Superheater,105,2023,2023-06-15,6,4.76,3.4,547,140,69.22,Watch
UNIT 3A,Final Superheater,105,2024,2024-06-15,6,4.85,3.4,547,140,79.84,Watch
UNIT 3A,Final Superheater,105,2025,2025-06-15,6,4.47,3.4,547,140,93.05,Critical
UNIT 3A,Final Superheater,106,2021,2021-06-15,6,5.52,3.4,558,146,24.66,Safe
UNIT 3A,Final Superheater,106,2022,2022-06-15,6,5.46,3.4,558,146,31.97,Safe
UNIT 3A,Final Superheater,106,2023,2023-06-15,6,5.43,3.4,558,146,39.14,Safe
UNIT 3A,Final Superheater,106,2024,2024-06-15,6,5.12,3.4,558,146,45.83,Watch
UNIT 3A,Final Superheater,106,2025,2025-06-15,6,4.99,3.4,558,146,52.19,Watch
UNIT 3A,Final Superheater,107,2021,2021-06-15,6,5.25,3.4,555,139.7,40.4,Watch
UNIT 3A,Final Superheater,107,2022,2022-06-15,6,5.11,3.4,555,139.7,49.17,Watch
UNIT 3A,Final Superheater,107,2023,2023-06-15,6,5.1,3.4,555,139.7,59.08,Watch
UNIT 3A,Final Superheater,107,2024,2024-06-15,6,4.75,3.4,555,139.7,69.45,Watch
UNIT 3A,Final Superheater,107,2025,2025-06-15,6,4.77,3.4,555,139.7,79.24,Watch
UNIT 3A,Final Superheater,108,2021,2021-06-15,6,5.24,3.4,567,147.1,42.49,Watch
UNIT 3A,Final Superheater,108,2022,2022-06-15,6,5.1,3.4,567,147.1,59.75,Watch
UNIT 3A,Final Superheater,108,2023,2023-06-15,6,4.66,3.4,567,147.1,75.43,Watch
UNIT 3A,Final Superheater,108,2024,2024-06-15,6,4.65,3.4,567,147.1,89.26,Critical
UNIT 3A,Final Superheater,108,2025,2025-06-15,6,4.13,3.4,567,147.1,99.5,Critical
UNIT 3A,Final Superheater,109,2021,2021-06-15,6,5.6,3.4,549,149.6,21.67,Safe
UNIT 3A,Final Superheater,109,2022,2022-06-15,6,5.38,3.4,549,149.6,33.42,Safe
UNIT 3A,Final Superheater,109,2023,2023-06-15,6,5.3,3.4,549,149.6,44.27,Watch
UNIT 3A,Final Superheater,109,2024,2024-06-15,6,4.96,3.4,549,149.6,54.11,Watch
UNIT 3A,Final Superheater,109,2025,2025-06-15,6,4.94,3.4,549,149.6,65.62,Watch
UNIT 3A,Final Superheater,110,2021,2021-06-15,6,5.5,3.4,543,135.2,30.33,Safe
UNIT 3A,Final Superheater,110,2022,2022-06-15,6,5.33,3.4,543,135.2,39.17,Safe
UNIT 3A,Final Superheater,110,2023,2023-06-15,6,5.25,3.4,543,135.2,46.86,Watch
UNIT 3A,Final Superheater,110,2024,2024-06-15,6,5.17,3.4,543,135.2,53.66,Watch
UNIT 3A,Final Superheater,110,2025,2025-06-15,6,5.09,3.4,543,135.2,60.51,Watch
UNIT 3A,Final Superheater,111,2021,2021-06-15,6,5.48,3.4,539,136.9,32.18,Safe
UNIT 3A,Final Superheater,111,2022,2022-06-15,6,5.34,3.4,539,136.9,44.56,Watch
UNIT 3A,Final Superheater,111,2023,2023-06-15,6,4.96,3.4,539,136.9,55.62,Watch
UNIT 3A,Final Superheater,111,2024,2024-06-15,6,4.97,3.4,539,136.9,66.92,Watch
UNIT 3A,Final Superheater,111,2025,2025-06-15,6,4.59,3.4,539,136.9,78.82,Watch
UNIT 3A,Final Superheater,112,2021,2021-06-15,6,5.55,3.4,569,139.8,29.9,Safe
UNIT 3A,Final Superheater,112,2022,2022-06-15,6,5.3,3.4,569,139.8,36.47,Safe
UNIT 3A,Final Superheater,112,2023,2023-06-15,6,5.39,3.4,569,139.8,42.04,Watch
UNIT 3A,Final Superheater,112,2024,2024-06-15,6,5.14,3.4,569,139.8,48.41,Watch
UNIT 3A,Final Superheater,112,2025,2025-06-15,6,4.96,3.4,569,139.8,54.89,Watch
UNIT 3A,Final Superheater,113,2021,2021-06-15,6,5.31,3.4,538,142.3,37.62,Safe
UNIT 3A,Final Superheater,113,2022,2022-06-15,6,5.12,3.4,538,142.3,48.38,Watch
UNIT 3A,Final Superheater,113,2023,2023-06-15,6,4.99,3.4,538,142.3,58.55,Watch
UNIT 3A,Final Superheater,113,2024,2024-06-15,6,4.81,3.4,538,142.3,69.51,Watch
UNIT 3A,Final Superheater,113,2025,2025-06-15,6,4.47,3.4,538,142.3,79.55,Watch
UNIT 3A,Final Superheater,114,2021,2021-06-15,6,5.98,3.4,547,142.6,1.17,Safe
UNIT 3A,Final Superheater,114,2022,2022-06-15,6,5.93,3.4,547,142.6,4.26,Safe
UNIT 3A,Final Superheater,114,2023,2023-06-15,6,5.88,3.4,547,142.6,6.79,Safe
UNIT 3A,Final Superheater,114,2024,2024-06-15,6,5.83,3.4,547,142.6,9.21,Safe
UNIT 3A,Final Superheater,114,2025,2025-06-15,6,5.79,3.4,547,142.6,11.79,Safe
UNIT 3A,Final Superheater,115,2021,2021-06-15,6,5.99,3.4,548,136.3,0.39,Safe
UNIT 3A,Final Superheater,115,2022,2022-06-15,6,5.98,3.4,548,136.3,1.6,Safe
UNIT 3A,Final Superheater,115,2023,2023-06-15,6,5.95,3.4,548,136.3,2.76,Safe
UNIT 3A,Final Superheater,115,2024,2024-06-15,6,5.94,3.4,548,136.3,3.89,Safe
UNIT 3A,Final Superheater,115,2025,2025-06-15,6,5.93,3.4,548,136.3,5.14,Safe
UNIT 3A,Final Superheater,116,2021,2021-06-15,6,5.51,3.4,536,147.1,27.55,Safe
UNIT 3A,Final Superheater,116,2022,2022-06-15,6,5.38,3.4,536,147.1,37.52,Safe
UNIT 3A,Final Superheater,116,2023,2023-06-15,6,5.16,3.4,536,147.1,46.72,Watch
UNIT 3A,Final Superheater,116,2024,2024-06-15,6,5.05,3.4,536,147.1,56.14,Watch
UNIT 3A,Final Superheater,116,2025,2025-06-15,6,4.99,3.4,536,147.1,64.55,Watch
UNIT 3A,Final Superheater,117,2021,2021-06-15,6,5.65,3.4,535,145.6,20.03,Safe
UNIT 3A,Final Superheater,117,2022,2022-06-15,6,5.59,3.4,535,145.6,28.68,Safe
UNIT 3A,Final Superheater,117,2023,2023-06-15,6,5.36,3.4,535,145.6,35.77,Safe
UNIT 3A,Final Superheater,117,2024,2024-06-15,6,5.19,3.4,535,145.6,44.68,Watch
UNIT 3A,Final Superheater,117,2025,2025-06-15,6,5.04,3.4,535,145.6,53.25,Watch
UNIT 3A,Final Superheater,118,2021,2021-06-15,6,5.99,3.4,555,135.9,0.59,Safe
UNIT 3A,Final Superheater,118,2022,2022-06-15,6,5.94,3.4,555,135.9,3.04,Safe
UNIT 3A,Final Superheater,118,2023,2023-06-15,6,5.92,3.4,555,135.9,5.34,Safe
UNIT 3A,Final Superheater,118,2024,2024-06-15,6,5.88,3.4,555,135.9,7.97,Safe
UNIT 3A,Final Superheater,118,2025,2025-06-15,6,5.84,3.4,555,135.9,10.62,Safe
UNIT 3A,Final Superheater,119,2021,2021-06-15,6,5.68,3.4,543,140.1,20.04,Safe
UNIT 3A,Final Superheater,119,2022,2022-06-15,6,5.59,3.4,543,140.1,28.4,Safe
UNIT 3A,Final Superheater,119,2023,2023-06-15,6,5.48,3.4,543,140.1,35.84,Safe
UNIT 3A,Final Superheater,119,2024,2024-06-15,6,5.18,3.4,543,140.1,44.53,Watch
UNIT 3A,Final Superheater,119,2025,2025-06-15,6,4.98,3.4,543,140.1,53.34,Watch
UNIT 3A,Final Superheater,120,2021,2021-06-15,6,5.88,3.4,543,141.2,7.11,Safe
UNIT 3A,Final Superheater,120,2022,2022-06-15,6,5.84,3.4,543,141.2,8.76,Safe
UNIT 3A,Final Superheater,120,2023,2023-06-15,6,5.85,3.4,543,141.2,10.44,Safe
UNIT 3A,Final Superheater,120,2024,2024-06-15,6,5.81,3.4,543,141.2,11.8,Safe
UNIT 3A,Final Superheater,120,2025,2025-06-15,6,5.78,3.4,543,141.2,13.25,Safe
UNIT 3A,Final Superheater,121,2021,2021-06-15,6,5.91,3.4,543,144.1,5.57,Safe
UNIT 3A,Final Superheater,121,2022,2022-06-15,6,5.9,3.4,543,144.1,6.74,Safe
UNIT 3A,Final Superheater,121,2023,2023-06-15,6,5.86,3.4,543,144.1,8.13,Safe
UNIT 3A,Final Superheater,121,2024,2024-06-15,6,5.82,3.4,543,144.1,9.24,Safe
UNIT 3A,Final Superheater,121,2025,2025-06-15,6,5.8,3.4,543,144.1,10.6,Safe
UNIT 3A,Final Superheater,122,2021,2021-06-15,6,5.97,3.4,565,148.4,1.48,Safe
UNIT 3A,Final Superheater,122,2022,2022-06-15,6,5.96,3.4,565,148.4,2.72,Safe
UNIT 3A,Final Superheater,122,2023,2023-06-15,6,5.93,3.4,565,148.4,3.89,Safe
UNIT 3A,Final Superheater,122,2024,2024-06-15,6,5.92,3.4,565,148.4,5.25,Safe
UNIT 3A,Final Superheater,122,2025,2025-06-15,6,5.89,3.4,565,148.4,6.33,Safe
UNIT 3A,Final Superheater,123,2021,2021-06-15,6,5.86,3.4,564,143.6,7.9,Safe
UNIT 3A,Final Superheater,123,2022,2022-06-15,6,5.81,3.4,564,143.6,10.01,Safe
UNIT 3A,Final Superheater,123,2023,2023-06-15,6,5.79,3.4,564,143.6,12.16,Safe
UNIT 3A,Final Superheater,123,2024,2024-06-15,6,5.75,3.4,564,143.6,14.01,Safe
UNIT 3A,Final Superheater,123,2025,2025-06-15,6,5.77,3.4,564,143.6,15.86,Safe
UNIT 3A,Final Superheater,124,2021,2021-06-15,6,5.91,3.4,543,147.7,5.7,Safe
UNIT 3A,Final Superheater,124,2022,2022-06-15,6,5.83,3.4,543,147.7,8.7,Safe
UNIT 3A,Final Superheater,124,2023,2023-06-15,6,5.78,3.4,543,147.7,11.63,Safe
UNIT 3A,Final Superheater,124,2024,2024-06-15,6,5.77,3.4,543,147.7,14.65,Safe
UNIT 3A,Final Superheater,124,2025,2025-06-15,6,5.73,3.4,543,147.7,17.72,Safe
UNIT 3A,Final Superheater,125,2021,2021-06-15,6,5.43,3.4,551,148.3,35.09,Safe
UNIT 3A,Final Superheater,125,2022,2022-06-15,6,5.19,3.4,551,148.3,46.84,Watch
UNIT 3A,Final Superheater,125,2023,2023-06-15,6,5.15,3.4,551,148.3,55.92,Watch
UNIT 3A,Final Superheater,125,2024,2024-06-15,6,4.81,3.4,551,148.3,67.95,Watch
UNIT 3A,Final Superheater,125,2025,2025-06-15,6,4.73,3.4,551,148.3,79.98,Watch
UNIT 3A,Final Superheater,126,2021,2021-06-15,6,6,3.4,548,149.3,0.15,Safe
UNIT 3A,Final Superheater,126,2022,2022-06-15,6,5.94,3.4,548,149.3,3.39,Safe
UNIT 3A,Final Superheater,126,2023,2023-06-15,6,5.9,3.4,548,149.3,6.39,Safe
UNIT 3A,Final Superheater,126,2024,2024-06-15,6,5.85,3.4,548,149.3,9.63,Safe
UNIT 3A,Final Superheater,126,2025,2025-06-15,6,5.78,3.4,548,149.3,12.57,Safe
UNIT 3A,Final Superheater,127,2021,2021-06-15,6,5.93,3.4,546,145.1,3.88,Safe
UNIT 3A,Final Superheater,127,2022,2022-06-15,6,5.89,3.4,546,145.1,6.4,Safe
UNIT 3A,Final Superheater,127,2023,2023-06-15,6,5.85,3.4,546,145.1,8.49,Safe
UNIT 3A,Final Superheater,127,2024,2024-06-15,6,5.84,3.4,546,145.1,10.49,Safe
UNIT 3A,Final Superheater,127,2025,2025-06-15,6,5.78,3.4,546,145.1,12.99,Safe
UNIT 3A,Final Superheater,128,2021,2021-06-15,6,6,3.4,558,136.7,0.16,Safe
UNIT 3A,Final Superheater,128,2022,2022-06-15,6,5.97,3.4,558,136.7,1.56,Safe
UNIT 3A,Final Superheater,128,2023,2023-06-15,6,5.95,3.4,558,136.7,2.91,Safe
UNIT 3A,Final Superheater,128,2024,2024-06-15,6,5.94,3.4,558,136.7,4.23,Safe
UNIT 3A,Final Superheater,128,2025,2025-06-15,6,5.9,3.4,558,136.7,5.62,Safe
UNIT 3A,Final Superheater,129,2021,2021-06-15,6,5.23,3.4,537,144.5,44.21,Watch
UNIT 3A,Final Superheater,129,2022,2022-06-15,6,5.12,3.4,537,144.5,57.36,Watch
UNIT 3A,Final Superheater,129,2023,2023-06-15,6,4.6,3.4,537,144.5,72.89,Watch
UNIT 3A,Final Superheater,129,2024,2024-06-15,6,4.48,3.4,537,144.5,87.94,Critical
UNIT 3A,Final Superheater,129,2025,2025-06-15,6,4.35,3.4,537,144.5,99.5,Critical
UNIT 3A,Final Superheater,130,2021,2021-06-15,6,5.11,3.4,546,147.1,46.4,Watch
UNIT 3A,Final Superheater,130,2022,2022-06-15,6,5.04,3.4,546,147.1,56.95,Watch
UNIT 3A,Final Superheater,130,2023,2023-06-15,6,4.94,3.4,546,147.1,69.03,Watch
UNIT 3A,Final Superheater,130,2024,2024-06-15,6,4.54,3.4,546,147.1,79.75,Watch
UNIT 3A,Final Superheater,130,2025,2025-06-15,6,4.37,3.4,546,147.1,92.13,Critical
UNIT 3A,Final Superheater,131,2021,2021-06-15,6,5.98,3.4,559,139.6,1.04,Safe
UNIT 3A,Final Superheater,131,2022,2022-06-15,6,5.97,3.4,559,139.6,1.88,Safe
UNIT 3A,Final Superheater,131,2023,2023-06-15,6,5.95,3.4,559,139.6,2.61,Safe
UNIT 3A,Final Superheater,131,2024,2024-06-15,6,5.95,3.4,559,139.6,3.38,Safe
UNIT 3A,Final Superheater,131,2025,2025-06-15,6,5.93,3.4,559,139.6,4.21,Safe
UNIT 3A,Final Superheater,132,2021,2021-06-15,6,5.89,3.4,553,141.4,6.28,Safe
UNIT 3A,Final Superheater,132,2022,2022-06-15,6,5.87,3.4,553,141.4,7.17,Safe
UNIT 3A,Final Superheater,132,2023,2023-06-15,6,5.86,3.4,553,141.4,8.14,Safe
UNIT 3A,Final Superheater,132,2024,2024-06-15,6,5.82,3.4,553,141.4,9.13,Safe
UNIT 3A,Final Superheater,132,2025,2025-06-15,6,5.81,3.4,553,141.4,10.09,Safe
UNIT 3A,Final Superheater,133,2021,2021-06-15,6,5.95,3.4,535,144.3,3.05,Safe
UNIT 3A,Final Superheater,133,2022,2022-06-15,6,5.92,3.4,535,144.3,4.31,Safe
UNIT 3A,Final Superheater,133,2023,2023-06-15,6,5.92,3.4,535,144.3,5.6,Safe
UNIT 3A,Final Superheater,133,2024,2024-06-15,6,5.88,3.4,535,144.3,6.97,Safe
UNIT 3A,Final Superheater,133,2025,2025-06-15,6,5.84,3.4,535,144.3,8.61,Safe
UNIT 3A,Final Superheater,134,2021,2021-06-15,6,5.32,3.4,570,142.9,44.48,Watch
UNIT 3A,Final Superheater,134,2022,2022-06-15,6,5.02,3.4,570,142.9,55.73,Watch
UNIT 3A,Final Superheater,134,2023,2023-06-15,6,4.78,3.4,570,142.9,68.98,Watch
UNIT 3A,Final Superheater,134,2024,2024-06-15,6,4.58,3.4,570,142.9,78.9,Watch
UNIT 3A,Final Superheater,134,2025,2025-06-15,6,4.32,3.4,570,142.9,89.64,Critical
UNIT 3A,Final Superheater,135,2021,2021-06-15,6,5.58,3.4,563,143.6,23.06,Safe
UNIT 3A,Final Superheater,135,2022,2022-06-15,6,5.47,3.4,563,143.6,32.28,Safe
UNIT 3A,Final Superheater,135,2023,2023-06-15,6,5.33,3.4,563,143.6,39.56,Safe
UNIT 3A,Final Superheater,135,2024,2024-06-15,6,5.27,3.4,563,143.6,47.76,Watch
UNIT 3A,Final Superheater,135,2025,2025-06-15,6,4.89,3.4,563,143.6,57.13,Watch
UNIT 3A,Final Superheater,136,2021,2021-06-15,6,5.25,3.4,543,138.9,42.33,Watch
UNIT 3A,Final Superheater,136,2022,2022-06-15,6,5.19,3.4,543,138.9,55.28,Watch
UNIT 3A,Final Superheater,136,2023,2023-06-15,6,4.73,3.4,543,138.9,72.01,Watch
UNIT 3A,Final Superheater,136,2024,2024-06-15,6,4.58,3.4,543,138.9,85.5,Critical
UNIT 3A,Final Superheater,136,2025,2025-06-15,6,4.35,3.4,543,138.9,99.5,Critical
UNIT 3A,Final Superheater,137,2021,2021-06-15,6,5.91,3.4,563,146.6,5.57,Safe
UNIT 3A,Final Superheater,137,2022,2022-06-15,6,5.89,3.4,563,146.6,6.92,Safe
UNIT 3A,Final Superheater,137,2023,2023-06-15,6,5.84,3.4,563,146.6,8.53,Safe
UNIT 3A,Final Superheater,137,2024,2024-06-15,6,5.82,3.4,563,146.6,10.2,Safe
UNIT 3A,Final Superheater,137,2025,2025-06-15,6,5.83,3.4,563,146.6,11.57,Safe
UNIT 3A,Final Superheater,138,2021,2021-06-15,6,5.98,3.4,558,141.1,1.3,Safe
UNIT 3A,Final Superheater,138,2022,2022-06-15,6,5.95,3.4,558,141.1,3.58,Safe
UNIT 3A,Final Superheater,138,2023,2023-06-15,6,5.89,3.4,558,141.1,6.21,Safe
UNIT 3A,Final Superheater,138,2024,2024-06-15,6,5.83,3.4,558,141.1,9.08,Safe
UNIT 3A,Final Superheater,138,2025,2025-06-15,6,5.83,3.4,558,141.1,11.79,Safe
UNIT 3A,Final Superheater,139,2021,2021-06-15,6,5.87,3.4,567,136.6,7.7,Safe
UNIT 3A,Final Superheater,139,2022,2022-06-15,6,5.86,3.4,567,136.6,9.55,Safe
UNIT 3A,Final Superheater,139,2023,2023-06-15,6,5.8,3.4,567,136.6,11.23,Safe
UNIT 3A,Final Superheater,139,2024,2024-06-15,6,5.79,3.4,567,136.6,12.8,Safe
UNIT 3A,Final Superheater,139,2025,2025-06-15,6,5.73,3.4,567,136.6,14.65,Safe
UNIT 3A,Final Superheater,140,2021,2021-06-15,6,5.93,3.4,558,137.4,3.79,Safe
UNIT 3A,Final Superheater,140,2022,2022-06-15,6,5.88,3.4,558,137.4,6.4,Safe
UNIT 3A,Final Superheater,140,2023,2023-06-15,6,5.85,3.4,558,137.4,9.31,Safe
UNIT 3A,Final Superheater,140,2024,2024-06-15,6,5.79,3.4,558,137.4,12.2,Safe
UNIT 3A,Final Superheater,140,2025,2025-06-15,6,5.76,3.4,558,137.4,15.4,Safe
UNIT 3A,Final Superheater,141,2021,2021-06-15,6,5.43,3.4,542,136.1,31.04,Safe
UNIT 3A,Final Superheater,141,2022,2022-06-15,6,5.33,3.4,542,136.1,41.6,Watch
UNIT 3A,Final Superheater,141,2023,2023-06-15,6,5.05,3.4,542,136.1,51.23,Watch
UNIT 3A,Final Superheater,141,2024,2024-06-15,6,4.95,3.4,542,136.1,59.92,Watch
UNIT 3A,Final Superheater,141,2025,2025-06-15,6,4.95,3.4,542,136.1,69.3,Watch
UNIT 3A,Final Superheater,142,2021,2021-06-15,6,5.56,3.4,549,142.7,26.83,Safe
UNIT 3A,Final Superheater,142,2022,2022-06-15,6,5.32,3.4,549,142.7,36.76,Safe
UNIT 3A,Final Superheater,142,2023,2023-06-15,6,5.13,3.4,549,142.7,47.54,Watch
UNIT 3A,Final Superheater,142,2024,2024-06-15,6,5.1,3.4,549,142.7,57.54,Watch
UNIT 3A,Final Superheater,142,2025,2025-06-15,6,4.78,3.4,549,142.7,66.51,Watch
UNIT 3A,Final Superheater,143,2021,2021-06-15,6,5.93,3.4,544,144.1,3.45,Safe
UNIT 3A,Final Superheater,143,2022,2022-06-15,6,5.91,3.4,544,144.1,5.08,Safe
UNIT 3A,Final Superheater,143,2023,2023-06-15,6,5.88,3.4,544,144.1,6.68,Safe
UNIT 3A,Final Superheater,143,2024,2024-06-15,6,5.86,3.4,544,144.1,8.57,Safe
UNIT 3A,Final Superheater,143,2025,2025-06-15,6,5.82,3.4,544,144.1,10.57,Safe
UNIT 3A,Final Superheater,144,2021,2021-06-15,6,5.4,3.4,559,148.5,33.13,Safe
UNIT 3A,Final Superheater,144,2022,2022-06-15,6,5.13,3.4,559,148.5,46.4,Watch
UNIT 3A,Final Superheater,144,2023,2023-06-15,6,5.01,3.4,559,148.5,59.79,Watch
UNIT 3A,Final Superheater,144,2024,2024-06-15,6,4.85,3.4,559,148.5,70.69,Watch
UNIT 3A,Final Superheater,144,2025,2025-06-15,6,4.37,3.4,559,148.5,84.6,Critical
UNIT 3A,Final Superheater,145,2021,2021-06-15,6,5.5,3.4,539,143.8,30.56,Safe
UNIT 3A,Final Superheater,145,2022,2022-06-15,6,5.33,3.4,539,143.8,37.4,Safe
UNIT 3A,Final Superheater,145,2023,2023-06-15,6,5.16,3.4,539,143.8,45.68,Watch
UNIT 3A,Final Superheater,145,2024,2024-06-15,6,5.12,3.4,539,143.8,52.93,Watch
UNIT 3A,Final Superheater,145,2025,2025-06-15,6,4.94,3.4,539,143.8,61.1,Watch
UNIT 3A,Final Superheater,146,2021,2021-06-15,6,5.99,3.4,540,147.8,0.51,Safe
UNIT 3A,Final Superheater,146,2022,2022-06-15,6,5.97,3.4,540,147.8,1.7,Safe
UNIT 3A,Final Superheater,146,2023,2023-06-15,6,5.94,3.4,540,147.8,3.21,Safe
UNIT 3A,Final Superheater,146,2024,2024-06-15,6,5.93,3.4,540,147.8,4.59,Safe
UNIT 3A,Final Superheater,146,2025,2025-06-15,6,5.88,3.4,540,147.8,6.1,Safe
UNIT 3A,Final Superheater,147,2021,2021-06-15,6,5.47,3.4,566,149.7,30,Safe
UNIT 3A,Final Superheater,147,2022,2022-06-15,6,5.34,3.4,566,149.7,38.79,Safe
UNIT 3A,Final Superheater,147,2023,2023-06-15,6,5.23,3.4,566,149.7,48.97,Watch
UNIT 3A,Final Superheater,147,2024,2024-06-15,6,4.96,3.4,566,149.7,57.51,Watch
UNIT 3A,Final Superheater,147,2025,2025-06-15,6,4.76,3.4,566,149.7,66.65,Watch
UNIT 3A,Final Superheater,148,2021,2021-06-15,6,5.34,3.4,563,145.5,36.29,Safe
UNIT 3A,Final Superheater,148,2022,2022-06-15,6,5.2,3.4,563,145.5,47.49,Watch
UNIT 3A,Final Superheater,148,2023,2023-06-15,6,4.97,3.4,563,145.5,57.59,Watch
UNIT 3A,Final Superheater,148,2024,2024-06-15,6,4.7,3.4,563,145.5,70.61,Watch
UNIT 3A,Final Superheater,148,2025,2025-06-15,6,4.58,3.4,563,145.5,81.02,Critical
UNIT 3A,Final Superheater,149,2021,2021-06-15,6,5.66,3.4,563,146.9,21.23,Safe
UNIT 3A,Final Superheater,149,2022,2022-06-15,6,5.44,3.4,563,146.9,29.01,Safe
UNIT 3A,Final Superheater,149,2023,2023-06-15,6,5.39,3.4,563,146.9,36.39,Safe
UNIT 3A,Final Superheater,149,2024,2024-06-15,6,5.35,3.4,563,146.9,44.15,Watch
UNIT 3A,Final Superheater,149,2025,2025-06-15,6,5.13,3.4,563,146.9,51.21,Watch
UNIT 3A,Final Superheater,150,2021,2021-06-15,6,5.9,3.4,542,143,5.58,Safe
UNIT 3A,Final Superheater,150,2022,2022-06-15,6,5.86,3.4,542,143,8.55,Safe
UNIT 3A,Final Superheater,150,2023,2023-06-15,6,5.78,3.4,542,143,11.6,Safe
UNIT 3A,Final Superheater,150,2024,2024-06-15,6,5.79,3.4,542,143,14.28,Safe
UNIT 3A,Final Superheater,150,2025,2025-06-15,6,5.69,3.4,542,143,16.72,Safe
UNIT 3A,Final Superheater,151,2021,2021-06-15,6,5.24,3.4,549,147.7,41.68,Watch
UNIT 3A,Final Superheater,151,2022,2022-06-15,6,5.19,3.4,549,147.7,53.63,Watch
UNIT 3A,Final Superheater,151,2023,2023-06-15,6,4.99,3.4,549,147.7,66.54,Watch
UNIT 3A,Final Superheater,151,2024,2024-06-15,6,4.47,3.4,549,147.7,79.05,Watch
UNIT 3A,Final Superheater,151,2025,2025-06-15,6,4.38,3.4,549,147.7,91.53,Critical
UNIT 3A,Final Superheater,152,2021,2021-06-15,6,5.93,3.4,566,137.6,3.98,Safe
UNIT 3A,Final Superheater,152,2022,2022-06-15,6,5.9,3.4,566,137.6,5.63,Safe
UNIT 3A,Final Superheater,152,2023,2023-06-15,6,5.89,3.4,566,137.6,7.53,Safe
UNIT 3A,Final Superheater,152,2024,2024-06-15,6,5.86,3.4,566,137.6,9.32,Safe
UNIT 3A,Final Superheater,152,2025,2025-06-15,6,5.84,3.4,566,137.6,10.96,Safe
UNIT 3A,Final Superheater,153,2021,2021-06-15,6,5.12,3.4,535,144.2,47.98,Watch
UNIT 3A,Final Superheater,153,2022,2022-06-15,6,4.88,3.4,535,144.2,65.78,Watch
UNIT 3A,Final Superheater,153,2023,2023-06-15,6,4.57,3.4,535,144.2,79.46,Watch
UNIT 3A,Final Superheater,153,2024,2024-06-15,6,4.47,3.4,535,144.2,97.68,Critical
UNIT 3A,Final Superheater,153,2025,2025-06-15,6,4.39,3.4,535,144.2,99.5,Critical
UNIT 3A,Final Superheater,154,2021,2021-06-15,6,5.89,3.4,560,146.8,7.53,Safe
UNIT 3A,Final Superheater,154,2022,2022-06-15,6,5.83,3.4,560,146.8,9.32,Safe
UNIT 3A,Final Superheater,154,2023,2023-06-15,6,5.81,3.4,560,146.8,10.96,Safe
UNIT 3A,Final Superheater,154,2024,2024-06-15,6,5.79,3.4,560,146.8,12.75,Safe
UNIT 3A,Final Superheater,154,2025,2025-06-15,6,5.77,3.4,560,146.8,14.22,Safe
UNIT 3A,Final Superheater,155,2021,2021-06-15,6,5.91,3.4,553,147.6,5.16,Safe
UNIT 3A,Final Superheater,155,2022,2022-06-15,6,5.88,3.4,553,147.6,6.51,Safe
UNIT 3A,Final Superheater,155,2023,2023-06-15,6,5.86,3.4,553,147.6,7.59,Safe
UNIT 3A,Final Superheater,155,2024,2024-06-15,6,5.84,3.4,553,147.6,8.68,Safe
UNIT 3A,Final Superheater,155,2025,2025-06-15,6,5.84,3.4,553,147.6,9.92,Safe
UNIT 3A,Final Superheater,156,2021,2021-06-15,6,5.9,3.4,551,135.5,6.37,Safe
UNIT 3A,Final Superheater,156,2022,2022-06-15,6,5.85,3.4,551,135.5,8.87,Safe
UNIT 3A,Final Superheater,156,2023,2023-06-15,6,5.82,3.4,551,135.5,11.16,Safe
UNIT 3A,Final Superheater,156,2024,2024-06-15,6,5.76,3.4,551,135.5,14.02,Safe
UNIT 3A,Final Superheater,156,2025,2025-06-15,6,5.72,3.4,551,135.5,16.77,Safe
UNIT 3A,Final Superheater,157,2021,2021-06-15,6,5.96,3.4,568,148,2,Safe
UNIT 3A,Final Superheater,157,2022,2022-06-15,6,5.95,3.4,568,148,3.22,Safe
UNIT 3A,Final Superheater,157,2023,2023-06-15,6,5.91,3.4,568,148,4.46,Safe
UNIT 3A,Final Superheater,157,2024,2024-06-15,6,5.9,3.4,568,148,5.96,Safe
UNIT 3A,Final Superheater,157,2025,2025-06-15,6,5.89,3.4,568,148,7.52,Safe
UNIT 3A,Final Superheater,158,2021,2021-06-15,6,5.54,3.4,570,148,31.28,Safe
UNIT 3A,Final Superheater,158,2022,2022-06-15,6,5.33,3.4,570,148,38.43,Safe
UNIT 3A,Final Superheater,158,2023,2023-06-15,6,5.23,3.4,570,148,45.14,Watch
UNIT 3A,Final Superheater,158,2024,2024-06-15,6,5.16,3.4,570,148,53.06,Watch
UNIT 3A,Final Superheater,158,2025,2025-06-15,6,5.07,3.4,570,148,60.3,Watch
UNIT 3A,Final Superheater,159,2021,2021-06-15,6,5.65,3.4,536,136.5,23.62,Safe
UNIT 3A,Final Superheater,159,2022,2022-06-15,6,5.4,3.4,536,136.5,33.11,Safe
UNIT 3A,Final Superheater,159,2023,2023-06-15,6,5.33,3.4,536,136.5,41.33,Watch
UNIT 3A,Final Superheater,159,2024,2024-06-15,6,5.24,3.4,536,136.5,51.38,Watch
UNIT 3A,Final Superheater,159,2025,2025-06-15,6,5.02,3.4,536,136.5,59.38,Watch
UNIT 3A,Final Superheater,160,2021,2021-06-15,6,5.93,3.4,560,144.2,4.21,Safe
UNIT 3A,Final Superheater,160,2022,2022-06-15,6,5.9,3.4,560,144.2,6.71,Safe
UNIT 3A,Final Superheater,160,2023,2023-06-15,6,5.84,3.4,560,144.2,8.9,Safe
UNIT 3A,Final Superheater,160,2024,2024-06-15,6,5.84,3.4,560,144.2,11.1,Safe
UNIT 3A,Final Superheater,160,2025,2025-06-15,6,5.76,3.4,560,144.2,13.31,Safe
UNIT 3A,Final Superheater,161,2021,2021-06-15,6,5.18,3.4,550,138.7,44.41,Watch
UNIT 3A,Final Superheater,161,2022,2022-06-15,6,4.91,3.4,550,138.7,57.27,Watch
UNIT 3A,Final Superheater,161,2023,2023-06-15,6,4.95,3.4,550,138.7,72.22,Watch
UNIT 3A,Final Superheater,161,2024,2024-06-15,6,4.52,3.4,550,138.7,87.55,Critical
UNIT 3A,Final Superheater,161,2025,2025-06-15,6,4.36,3.4,550,138.7,99.5,Critical
UNIT 3A,Final Superheater,162,2021,2021-06-15,6,5.96,3.4,557,144.5,2.18,Safe
UNIT 3A,Final Superheater,162,2022,2022-06-15,6,5.91,3.4,557,144.5,5.1,Safe
UNIT 3A,Final Superheater,162,2023,2023-06-15,6,5.86,3.4,557,144.5,7.78,Safe
UNIT 3A,Final Superheater,162,2024,2024-06-15,6,5.84,3.4,557,144.5,10.39,Safe
UNIT 3A,Final Superheater,162,2025,2025-06-15,6,5.79,3.4,557,144.5,13.19,Safe
UNIT 3A,Final Superheater,163,2021,2021-06-15,6,5.35,3.4,562,141.8,43.12,Watch
UNIT 3A,Final Superheater,163,2022,2022-06-15,6,5.16,3.4,562,141.8,53.37,Watch
UNIT 3A,Final Superheater,163,2023,2023-06-15,6,4.9,3.4,562,141.8,64.13,Watch
UNIT 3A,Final Superheater,163,2024,2024-06-15,6,4.77,3.4,562,141.8,72.74,Watch
UNIT 3A,Final Superheater,163,2025,2025-06-15,6,4.5,3.4,562,141.8,81.64,Critical
UNIT 3A,Final Superheater,164,2021,2021-06-15,6,5.16,3.4,570,147.9,44.28,Watch
UNIT 3A,Final Superheater,164,2022,2022-06-15,6,5.01,3.4,570,147.9,58.06,Watch
UNIT 3A,Final Superheater,164,2023,2023-06-15,6,4.79,3.4,570,147.9,74.63,Watch
UNIT 3A,Final Superheater,164,2024,2024-06-15,6,4.61,3.4,570,147.9,87.66,Critical
UNIT 3A,Final Superheater,164,2025,2025-06-15,6,4.13,3.4,570,147.9,99.5,Critical
UNIT 3A,Final Superheater,165,2021,2021-06-15,6,5.96,3.4,546,135.3,2.39,Safe
UNIT 3A,Final Superheater,165,2022,2022-06-15,6,5.92,3.4,546,135.3,5.01,Safe
UNIT 3A,Final Superheater,165,2023,2023-06-15,6,5.87,3.4,546,135.3,7.85,Safe
UNIT 3A,Final Superheater,165,2024,2024-06-15,6,5.85,3.4,546,135.3,10.54,Safe
UNIT 3A,Final Superheater,165,2025,2025-06-15,6,5.8,3.4,546,135.3,13.61,Safe
UNIT 3A,Final Superheater,166,2021,2021-06-15,6,5.92,3.4,562,144.9,4.77,Safe
UNIT 3A,Final Superheater,166,2022,2022-06-15,6,5.86,3.4,562,144.9,7.44,Safe
UNIT 3A,Final Superheater,166,2023,2023-06-15,6,5.83,3.4,562,144.9,9.75,Safe
UNIT 3A,Final Superheater,166,2024,2024-06-15,6,5.82,3.4,562,144.9,12.32,Safe
UNIT 3A,Final Superheater,166,2025,2025-06-15,6,5.74,3.4,562,144.9,14.71,Safe
UNIT 3A,Final Superheater,167,2021,2021-06-15,6,5.58,3.4,548,148.8,22.19,Safe
UNIT 3A,Final Superheater,167,2022,2022-06-15,6,5.54,3.4,548,148.8,29.55,Safe
UNIT 3A,Final Superheater,167,2023,2023-06-15,6,5.32,3.4,548,148.8,37.89,Safe
UNIT 3A,Final Superheater,167,2024,2024-06-15,6,5.26,3.4,548,148.8,45.59,Watch
UNIT 3A,Final Superheater,167,2025,2025-06-15,6,5.04,3.4,548,148.8,52.4,Watch
UNIT 3A,Final Superheater,168,2021,2021-06-15,6,5.53,3.4,555,148.9,27.92,Safe
UNIT 3A,Final Superheater,168,2022,2022-06-15,6,5.27,3.4,555,148.9,37.95,Safe
UNIT 3A,Final Superheater,168,2023,2023-06-15,6,5.04,3.4,555,148.9,49.53,Watch
UNIT 3A,Final Superheater,168,2024,2024-06-15,6,4.99,3.4,555,148.9,60.68,Watch
UNIT 3A,Final Superheater,168,2025,2025-06-15,6,4.86,3.4,555,148.9,69.97,Watch
UNIT 3A,Final Superheater,169,2021,2021-06-15,6,5.47,3.4,566,149.2,31.08,Safe
UNIT 3A,Final Superheater,169,2022,2022-06-15,6,5.21,3.4,566,149.2,40.58,Watch
UNIT 3A,Final Superheater,169,2023,2023-06-15,6,5.25,3.4,566,149.2,49.3,Watch
UNIT 3A,Final Superheater,169,2024,2024-06-15,6,4.92,3.4,566,149.2,60.15,Watch
UNIT 3A,Final Superheater,169,2025,2025-06-15,6,4.95,3.4,566,149.2,69.78,Watch
UNIT 3A,Final Superheater,170,2021,2021-06-15,6,5.94,3.4,569,143.3,3.24,Safe
UNIT 3A,Final Superheater,170,2022,2022-06-15,6,5.91,3.4,569,143.3,5.63,Safe
UNIT 3A,Final Superheater,170,2023,2023-06-15,6,5.88,3.4,569,143.3,7.82,Safe
UNIT 3A,Final Superheater,170,2024,2024-06-15,6,5.85,3.4,569,143.3,9.92,Safe
UNIT 3A,Final Superheater,170,2025,2025-06-15,6,5.79,3.4,569,143.3,12.06,Safe
UNIT 3A,Final Superheater,171,2021,2021-06-15,6,5.68,3.4,548,138.3,21.67,Safe
UNIT 3A,Final Superheater,171,2022,2022-06-15,6,5.53,3.4,548,138.3,29.84,Safe
UNIT 3A,Final Superheater,171,2023,2023-06-15,6,5.34,3.4,548,138.3,37.79,Safe
UNIT 3A,Final Superheater,171,2024,2024-06-15,6,5.22,3.4,548,138.3,45.35,Watch
UNIT 3A,Final Superheater,171,2025,2025-06-15,6,5.03,3.4,548,138.3,51.78,Watch
UNIT 3A,Final Superheater,172,2021,2021-06-15,6,5.51,3.4,560,148.6,26.52,Safe
UNIT 3A,Final Superheater,172,2022,2022-06-15,6,5.34,3.4,560,148.6,34.76,Safe
UNIT 3A,Final Superheater,172,2023,2023-06-15,6,5.17,3.4,560,148.6,45.65,Watch
UNIT 3A,Final Superheater,172,2024,2024-06-15,6,5,3.4,560,148.6,54.12,Watch
UNIT 3A,Final Superheater,172,2025,2025-06-15,6,4.97,3.4,560,148.6,64.1,Watch
UNIT 3A,Final Superheater,173,2021,2021-06-15,6,5.91,3.4,563,149.6,5.36,Safe
UNIT 3A,Final Superheater,173,2022,2022-06-15,6,5.87,3.4,563,149.6,8.05,Safe
UNIT 3A,Final Superheater,173,2023,2023-06-15,6,5.81,3.4,563,149.6,10.44,Safe
UNIT 3A,Final Superheater,173,2024,2024-06-15,6,5.75,3.4,563,149.6,13.06,Safe
UNIT 3A,Final Superheater,173,2025,2025-06-15,6,5.71,3.4,563,149.6,16.11,Safe
UNIT 3A,Final Superheater,174,2021,2021-06-15,6,5.87,3.4,545,142.4,6.61,Safe
UNIT 3A,Final Superheater,174,2022,2022-06-15,6,5.88,3.4,545,142.4,7.43,Safe
UNIT 3A,Final Superheater,174,2023,2023-06-15,6,5.86,3.4,545,142.4,8.4,Safe
UNIT 3A,Final Superheater,174,2024,2024-06-15,6,5.82,3.4,545,142.4,9.33,Safe
UNIT 3A,Final Superheater,174,2025,2025-06-15,6,5.83,3.4,545,142.4,10.18,Safe
UNIT 3A,Final Superheater,175,2021,2021-06-15,6,5.95,3.4,536,139.3,2.63,Safe
UNIT 3A,Final Superheater,175,2022,2022-06-15,6,5.89,3.4,536,139.3,5.82,Safe
UNIT 3A,Final Superheater,175,2023,2023-06-15,6,5.86,3.4,536,139.3,8.69,Safe
UNIT 3A,Final Superheater,175,2024,2024-06-15,6,5.83,3.4,536,139.3,11.4,Safe
UNIT 3A,Final Superheater,175,2025,2025-06-15,6,5.73,3.4,536,139.3,14.2,Safe
UNIT 3A,Final Superheater,176,2021,2021-06-15,6,5.57,3.4,561,138.8,22.59,Safe
UNIT 3A,Final Superheater,176,2022,2022-06-15,6,5.49,3.4,561,138.8,30.86,Safe
UNIT 3A,Final Superheater,176,2023,2023-06-15,6,5.37,3.4,561,138.8,40.53,Watch
UNIT 3A,Final Superheater,176,2024,2024-06-15,6,5.24,3.4,561,138.8,49.37,Watch
UNIT 3A,Final Superheater,176,2025,2025-06-15,6,4.89,3.4,561,138.8,58.38,Watch
UNIT 3A,Final Superheater,177,2021,2021-06-15,6,5.49,3.4,549,148.1,31.57,Safe
UNIT 3A,Final Superheater,177,2022,2022-06-15,6,5.35,3.4,549,148.1,40.72,Watch
UNIT 3A,Final Superheater,177,2023,2023-06-15,6,5.19,3.4,549,148.1,47.76,Watch
UNIT 3A,Final Superheater,177,2024,2024-06-15,6,5,3.4,549,148.1,55.15,Watch
UNIT 3A,Final Superheater,177,2025,2025-06-15,6,4.86,3.4,549,148.1,63.57,Watch
UNIT 3A,Final Superheater,178,2021,2021-06-15,6,5.33,3.4,539,150,36.98,Safe
UNIT 3A,Final Superheater,178,2022,2022-06-15,6,5.03,3.4,539,150,51.32,Watch
UNIT 3A,Final Superheater,178,2023,2023-06-15,6,4.87,3.4,539,150,65.65,Watch
UNIT 3A,Final Superheater,178,2024,2024-06-15,6,4.6,3.4,539,150,78.52,Watch
UNIT 3A,Final Superheater,178,2025,2025-06-15,6,4.66,3.4,539,150,91.95,Critical
UNIT 3A,Final Superheater,179,2021,2021-06-15,6,5.68,3.4,568,147.9,21.88,Safe
UNIT 3A,Final Superheater,179,2022,2022-06-15,6,5.45,3.4,568,147.9,31.53,Safe
UNIT 3A,Final Superheater,179,2023,2023-06-15,6,5.37,3.4,568,147.9,41.73,Watch
UNIT 3A,Final Superheater,179,2024,2024-06-15,6,5.14,3.4,568,147.9,51.75,Watch
UNIT 3A,Final Superheater,179,2025,2025-06-15,6,5.02,3.4,568,147.9,60.74,Watch
UNIT 3A,Final Superheater,180,2021,2021-06-15,6,5.94,3.4,550,144.8,3.4,Safe
UNIT 3A,Final Superheater,180,2022,2022-06-15,6,5.93,3.4,550,144.8,4.33,Safe
UNIT 3A,Final Superheater,180,2023,2023-06-15,6,5.9,3.4,550,144.8,5.35,Safe
UNIT 3A,Final Superheater,180,2024,2024-06-15,6,5.89,3.4,550,144.8,6.51,Safe
UNIT 3A,Final Superheater,180,2025,2025-06-15,6,5.89,3.4,550,144.8,7.6,Safe
UNIT 3A,Final Superheater,181,2021,2021-06-15,6,5.65,3.4,541,146.9,22.67,Safe
UNIT 3A,Final Superheater,181,2022,2022-06-15,6,5.54,3.4,541,146.9,30.08,Safe
UNIT 3A,Final Superheater,181,2023,2023-06-15,6,5.28,3.4,541,146.9,39.12,Safe
UNIT 3A,Final Superheater,181,2024,2024-06-15,6,5.1,3.4,541,146.9,48.06,Watch
UNIT 3A,Final Superheater,181,2025,2025-06-15,6,5.04,3.4,541,146.9,56.94,Watch
UNIT 3A,Final Superheater,182,2021,2021-06-15,6,5.47,3.4,538,145.8,36.68,Safe
UNIT 3A,Final Superheater,182,2022,2022-06-15,6,5.17,3.4,538,145.8,46.76,Watch
UNIT 3A,Final Superheater,182,2023,2023-06-15,6,5.17,3.4,538,145.8,56.77,Watch
UNIT 3A,Final Superheater,182,2024,2024-06-15,6,4.81,3.4,538,145.8,66.73,Watch
UNIT 3A,Final Superheater,182,2025,2025-06-15,6,4.84,3.4,538,145.8,76.8,Watch
UNIT 3A,Final Superheater,183,2021,2021-06-15,6,5.34,3.4,535,148.6,35.21,Safe
UNIT 3A,Final Superheater,183,2022,2022-06-15,6,5.25,3.4,535,148.6,48.11,Watch
UNIT 3A,Final Superheater,183,2023,2023-06-15,6,4.9,3.4,535,148.6,61.04,Watch
UNIT 3A,Final Superheater,183,2024,2024-06-15,6,4.58,3.4,535,148.6,74.23,Watch
UNIT 3A,Final Superheater,183,2025,2025-06-15,6,4.44,3.4,535,148.6,89.88,Critical
UNIT 3A,Final Superheater,184,2021,2021-06-15,6,5.36,3.4,536,146.8,43.64,Watch
UNIT 3A,Final Superheater,184,2022,2022-06-15,6,4.9,3.4,536,146.8,59.78,Watch
UNIT 3A,Final Superheater,184,2023,2023-06-15,6,4.67,3.4,536,146.8,77.05,Watch
UNIT 3A,Final Superheater,184,2024,2024-06-15,6,4.48,3.4,536,146.8,92.27,Critical
UNIT 3A,Final Superheater,184,2025,2025-06-15,6,4.1,3.4,536,146.8,99.5,Critical
UNIT 3A,Final Superheater,185,2021,2021-06-15,6,5.55,3.4,543,136,27.43,Safe
UNIT 3A,Final Superheater,185,2022,2022-06-15,6,5.41,3.4,543,136,34.87,Safe
UNIT 3A,Final Superheater,185,2023,2023-06-15,6,5.34,3.4,543,136,40.89,Watch
UNIT 3A,Final Superheater,185,2024,2024-06-15,6,5.3,3.4,543,136,47.28,Watch
UNIT 3A,Final Superheater,185,2025,2025-06-15,6,5.06,3.4,543,136,54.16,Watch
UNIT 3A,Final Superheater,186,2021,2021-06-15,6,5.98,3.4,566,137.5,1.4,Safe
UNIT 3A,Final Superheater,186,2022,2022-06-15,6,5.97,3.4,566,137.5,2.29,Safe
UNIT 3A,Final Superheater,186,2023,2023-06-15,6,5.95,3.4,566,137.5,3.17,Safe
UNIT 3A,Final Superheater,186,2024,2024-06-15,6,5.94,3.4,566,137.5,3.91,Safe
UNIT 3A,Final Superheater,186,2025,2025-06-15,6,5.92,3.4,566,137.5,4.75,Safe
UNIT 3A,Final Superheater,187,2021,2021-06-15,6,5.56,3.4,561,136.2,29.29,Safe
UNIT 3A,Final Superheater,187,2022,2022-06-15,6,5.3,3.4,561,136.2,37.15,Safe
UNIT 3A,Final Superheater,187,2023,2023-06-15,6,5.22,3.4,561,136.2,45.79,Watch
UNIT 3A,Final Superheater,187,2024,2024-06-15,6,5.1,3.4,561,136.2,55.47,Watch
UNIT 3A,Final Superheater,187,2025,2025-06-15,6,5.05,3.4,561,136.2,64.84,Watch
UNIT 3A,Final Superheater,188,2021,2021-06-15,6,5.58,3.4,546,145.8,23.52,Safe
UNIT 3A,Final Superheater,188,2022,2022-06-15,6,5.54,3.4,546,145.8,31.57,Safe
UNIT 3A,Final Superheater,188,2023,2023-06-15,6,5.41,3.4,546,145.8,40.17,Watch
UNIT 3A,Final Superheater,188,2024,2024-06-15,6,5.12,3.4,546,145.8,48.4,Watch
UNIT 3A,Final Superheater,188,2025,2025-06-15,6,5.07,3.4,546,145.8,56.1,Watch
UNIT 3A,Final Superheater,189,2021,2021-06-15,6,5.89,3.4,565,142.5,6.34,Safe
UNIT 3A,Final Superheater,189,2022,2022-06-15,6,5.87,3.4,565,142.5,7.55,Safe
UNIT 3A,Final Superheater,189,2023,2023-06-15,6,5.86,3.4,565,142.5,8.56,Safe
UNIT 3A,Final Superheater,189,2024,2024-06-15,6,5.84,3.4,565,142.5,9.58,Safe
UNIT 3A,Final Superheater,189,2025,2025-06-15,6,5.8,3.4,565,142.5,10.67,Safe
UNIT 3A,Final Superheater,190,2021,2021-06-15,6,5.67,3.4,537,138.4,20.61,Safe
UNIT 3A,Final Superheater,190,2022,2022-06-15,6,5.55,3.4,537,138.4,28.97,Safe
UNIT 3A,Final Superheater,190,2023,2023-06-15,6,5.29,3.4,537,138.4,37.52,Safe
UNIT 3A,Final Superheater,190,2024,2024-06-15,6,5.27,3.4,537,138.4,46.03,Watch
UNIT 3A,Final Superheater,190,2025,2025-06-15,6,5.2,3.4,537,138.4,53.32,Watch
UNIT 3A,Final Superheater,191,2021,2021-06-15,6,5.97,3.4,546,139.8,1.48,Safe
UNIT 3A,Final Superheater,191,2022,2022-06-15,6,5.97,3.4,546,139.8,2.31,Safe
UNIT 3A,Final Superheater,191,2023,2023-06-15,6,5.95,3.4,546,139.8,3.18,Safe
UNIT 3A,Final Superheater,191,2024,2024-06-15,6,5.93,3.4,546,139.8,3.99,Safe
UNIT 3A,Final Superheater,191,2025,2025-06-15,6,5.93,3.4,546,139.8,4.85,Safe
UNIT 3A,Final Superheater,192,2021,2021-06-15,6,5.87,3.4,546,139.3,6.9,Safe
UNIT 3A,Final Superheater,192,2022,2022-06-15,6,5.87,3.4,546,139.3,8,Safe
UNIT 3A,Final Superheater,192,2023,2023-06-15,6,5.83,3.4,546,139.3,8.89,Safe
UNIT 3A,Final Superheater,192,2024,2024-06-15,6,5.85,3.4,546,139.3,9.82,Safe
UNIT 3A,Final Superheater,192,2025,2025-06-15,6,5.82,3.4,546,139.3,10.8,Safe
UNIT 3A,Final Superheater,193,2021,2021-06-15,6,5.89,3.4,545,142.5,5.88,Safe
UNIT 3A,Final Superheater,193,2022,2022-06-15,6,5.83,3.4,545,142.5,8.98,Safe
UNIT 3A,Final Superheater,193,2023,2023-06-15,6,5.79,3.4,545,142.5,11.93,Safe
UNIT 3A,Final Superheater,193,2024,2024-06-15,6,5.73,3.4,545,142.5,14.46,Safe
UNIT 3A,Final Superheater,193,2025,2025-06-15,6,5.74,3.4,545,142.5,16.79,Safe
UNIT 3A,Final Superheater,194,2021,2021-06-15,6,5.98,3.4,558,136.6,1.41,Safe
UNIT 3A,Final Superheater,194,2022,2022-06-15,6,5.95,3.4,558,136.6,3.35,Safe
UNIT 3A,Final Superheater,194,2023,2023-06-15,6,5.91,3.4,558,136.6,5.5,Safe
UNIT 3A,Final Superheater,194,2024,2024-06-15,6,5.88,3.4,558,136.6,7.44,Safe
UNIT 3A,Final Superheater,194,2025,2025-06-15,6,5.82,3.4,558,136.6,9.48,Safe
UNIT 3A,Final Superheater,195,2021,2021-06-15,6,5.17,3.4,552,147.4,43.07,Watch
UNIT 3A,Final Superheater,195,2022,2022-06-15,6,4.94,3.4,552,147.4,54.83,Watch
UNIT 3A,Final Superheater,195,2023,2023-06-15,6,4.92,3.4,552,147.4,65.91,Watch
UNIT 3A,Final Superheater,195,2024,2024-06-15,6,4.9,3.4,552,147.4,75.95,Watch
UNIT 3A,Final Superheater,195,2025,2025-06-15,6,4.55,3.4,552,147.4,86.47,Critical
UNIT 3A,Final Superheater,196,2021,2021-06-15,6,5.66,3.4,536,139.9,22.17,Safe
UNIT 3A,Final Superheater,196,2022,2022-06-15,6,5.46,3.4,536,139.9,31.65,Safe
UNIT 3A,Final Superheater,196,2023,2023-06-15,6,5.4,3.4,536,139.9,41.24,Watch
UNIT 3A,Final Superheater,196,2024,2024-06-15,6,5.03,3.4,536,139.9,49.99,Watch
UNIT 3A,Final Superheater,196,2025,2025-06-15,6,5.05,3.4,536,139.9,57.74,Watch
UNIT 3A,Final Superheater,197,2021,2021-06-15,6,5.25,3.4,561,142.8,39.4,Safe
UNIT 3A,Final Superheater,197,2022,2022-06-15,6,5.28,3.4,561,142.8,48.53,Watch
UNIT 3A,Final Superheater,197,2023,2023-06-15,6,5.01,3.4,561,142.8,59.53,Watch
UNIT 3A,Final Superheater,197,2024,2024-06-15,6,4.88,3.4,561,142.8,70.71,Watch
UNIT 3A,Final Superheater,197,2025,2025-06-15,6,4.45,3.4,561,142.8,81.12,Critical
UNIT 3A,Final Superheater,198,2021,2021-06-15,6,5.36,3.4,540,147.2,42.1,Watch
UNIT 3A,Final Superheater,198,2022,2022-06-15,6,5.16,3.4,540,147.2,56.42,Watch
UNIT 3A,Final Superheater,198,2023,2023-06-15,6,4.93,3.4,540,147.2,73.04,Watch
UNIT 3A,Final Superheater,198,2024,2024-06-15,6,4.37,3.4,540,147.2,85.74,Critical
UNIT 3A,Final Superheater,198,2025,2025-06-15,6,4.27,3.4,540,147.2,99.47,Critical
UNIT 3A,Final Superheater,199,2021,2021-06-15,6,5.94,3.4,547,140,3.67,Safe
UNIT 3A,Final Superheater,199,2022,2022-06-15,6,5.91,3.4,547,140,4.76,Safe
UNIT 3A,Final Superheater,199,2023,2023-06-15,6,5.91,3.4,547,140,5.86,Safe
UNIT 3A,Final Superheater,199,2024,2024-06-15,6,5.88,3.4,547,140,7.03,Safe
UNIT 3A,Final Superheater,199,2025,2025-06-15,6,5.86,3.4,547,140,8.33,Safe
UNIT 3A,Final Superheater,200,2021,2021-06-15,6,5.89,3.4,554,137.2,5.73,Safe
UNIT 3A,Final Superheater,200,2022,2022-06-15,6,5.85,3.4,554,137.2,8.6,Safe
UNIT 3A,Final Superheater,200,2023,2023-06-15,6,5.83,3.4,554,137.2,10.98,Safe
UNIT 3A,Final Superheater,200,2024,2024-06-15,6,5.77,3.4,554,137.2,13.72,Safe
UNIT 3A,Final Superheater,200,2025,2025-06-15,6,5.73,3.4,554,137.2,16.5,Safe
UNIT 3A,Low Temperature Superheater,1,2021,2021-06-15,5.6,5.23,3.2,432,148.3,20.91,Safe
UNIT 3A,Low Temperature Superheater,1,2022,2022-06-15,5.6,5.12,3.2,432,148.3,28.56,Safe
UNIT 3A,Low Temperature Superheater,1,2023,2023-06-15,5.6,4.99,3.2,432,148.3,35.7,Safe
UNIT 3A,Low Temperature Superheater,1,2024,2024-06-15,5.6,4.87,3.2,432,148.3,43.77,Watch
UNIT 3A,Low Temperature Superheater,1,2025,2025-06-15,5.6,4.78,3.2,432,148.3,50.05,Watch
UNIT 3A,Low Temperature Superheater,2,2021,2021-06-15,5.6,5,3.2,463,152.5,43.09,Watch
UNIT 3A,Low Temperature Superheater,2,2022,2022-06-15,5.6,4.7,3.2,463,152.5,51.41,Watch
UNIT 3A,Low Temperature Superheater,2,2023,2023-06-15,5.6,4.8,3.2,463,152.5,59.9,Watch
UNIT 3A,Low Temperature Superheater,2,2024,2024-06-15,5.6,4.39,3.2,463,152.5,70.07,Watch
UNIT 3A,Low Temperature Superheater,2,2025,2025-06-15,5.6,4.34,3.2,463,152.5,79.65,Watch
UNIT 3A,Low Temperature Superheater,3,2021,2021-06-15,5.6,5.16,3.2,443,144.1,30.19,Safe
UNIT 3A,Low Temperature Superheater,3,2022,2022-06-15,5.6,5.04,3.2,443,144.1,38.43,Safe
UNIT 3A,Low Temperature Superheater,3,2023,2023-06-15,5.6,4.81,3.2,443,144.1,46.59,Watch
UNIT 3A,Low Temperature Superheater,3,2024,2024-06-15,5.6,4.68,3.2,443,144.1,55.42,Watch
UNIT 3A,Low Temperature Superheater,3,2025,2025-06-15,5.6,4.48,3.2,443,144.1,65.06,Watch
UNIT 3A,Low Temperature Superheater,4,2021,2021-06-15,5.6,5.19,3.2,443,140.3,29,Safe
UNIT 3A,Low Temperature Superheater,4,2022,2022-06-15,5.6,4.99,3.2,443,140.3,34.93,Safe
UNIT 3A,Low Temperature Superheater,4,2023,2023-06-15,5.6,4.97,3.2,443,140.3,40.77,Watch
UNIT 3A,Low Temperature Superheater,4,2024,2024-06-15,5.6,4.82,3.2,443,140.3,47.46,Watch
UNIT 3A,Low Temperature Superheater,4,2025,2025-06-15,5.6,4.66,3.2,443,140.3,53.89,Watch
UNIT 3A,Low Temperature Superheater,5,2021,2021-06-15,5.6,5.5,3.2,442,146,6.53,Safe
UNIT 3A,Low Temperature Superheater,5,2022,2022-06-15,5.6,5.49,3.2,442,146,7.9,Safe
UNIT 3A,Low Temperature Superheater,5,2023,2023-06-15,5.6,5.48,3.2,442,146,9.27,Safe
UNIT 3A,Low Temperature Superheater,5,2024,2024-06-15,5.6,5.41,3.2,442,146,10.69,Safe
UNIT 3A,Low Temperature Superheater,5,2025,2025-06-15,5.6,5.39,3.2,442,146,12.42,Safe
UNIT 3A,Low Temperature Superheater,6,2021,2021-06-15,5.6,5.51,3.2,461,144.2,5.59,Safe
UNIT 3A,Low Temperature Superheater,6,2022,2022-06-15,5.6,5.48,3.2,461,144.2,6.81,Safe
UNIT 3A,Low Temperature Superheater,6,2023,2023-06-15,5.6,5.47,3.2,461,144.2,7.8,Safe
UNIT 3A,Low Temperature Superheater,6,2024,2024-06-15,5.6,5.48,3.2,461,144.2,8.74,Safe
UNIT 3A,Low Temperature Superheater,6,2025,2025-06-15,5.6,5.46,3.2,461,144.2,9.66,Safe
UNIT 3A,Low Temperature Superheater,7,2021,2021-06-15,5.6,5.1,3.2,441,145.9,31.86,Safe
UNIT 3A,Low Temperature Superheater,7,2022,2022-06-15,5.6,5.01,3.2,441,145.9,38.46,Safe
UNIT 3A,Low Temperature Superheater,7,2023,2023-06-15,5.6,4.81,3.2,441,145.9,45.25,Watch
UNIT 3A,Low Temperature Superheater,7,2024,2024-06-15,5.6,4.8,3.2,441,145.9,51.42,Watch
UNIT 3A,Low Temperature Superheater,7,2025,2025-06-15,5.6,4.61,3.2,441,145.9,57.01,Watch
UNIT 3A,Low Temperature Superheater,8,2021,2021-06-15,5.6,5.21,3.2,451,141.8,27.01,Safe
UNIT 3A,Low Temperature Superheater,8,2022,2022-06-15,5.6,4.94,3.2,451,141.8,37.04,Safe
UNIT 3A,Low Temperature Superheater,8,2023,2023-06-15,5.6,4.92,3.2,451,141.8,47.31,Watch
UNIT 3A,Low Temperature Superheater,8,2024,2024-06-15,5.6,4.72,3.2,451,141.8,58.02,Watch
UNIT 3A,Low Temperature Superheater,8,2025,2025-06-15,5.6,4.44,3.2,451,141.8,67.11,Watch
UNIT 3A,Low Temperature Superheater,9,2021,2021-06-15,5.6,4.85,3.2,464,150.9,44.67,Watch
UNIT 3A,Low Temperature Superheater,9,2022,2022-06-15,5.6,4.63,3.2,464,150.9,60.43,Watch
UNIT 3A,Low Temperature Superheater,9,2023,2023-06-15,5.6,4.61,3.2,464,150.9,73.65,Watch
UNIT 3A,Low Temperature Superheater,9,2024,2024-06-15,5.6,4.37,3.2,464,150.9,89.98,Critical
UNIT 3A,Low Temperature Superheater,9,2025,2025-06-15,5.6,4.05,3.2,464,150.9,99.5,Critical
UNIT 3A,Low Temperature Superheater,10,2021,2021-06-15,5.6,5,3.2,433,152.6,44.92,Watch
UNIT 3A,Low Temperature Superheater,10,2022,2022-06-15,5.6,4.58,3.2,433,152.6,59.13,Watch
UNIT 3A,Low Temperature Superheater,10,2023,2023-06-15,5.6,4.39,3.2,433,152.6,73.07,Watch
UNIT 3A,Low Temperature Superheater,10,2024,2024-06-15,5.6,4.29,3.2,433,152.6,87.98,Critical
UNIT 3A,Low Temperature Superheater,10,2025,2025-06-15,5.6,3.97,3.2,433,152.6,99.5,Critical
UNIT 3A,Low Temperature Superheater,11,2021,2021-06-15,5.6,4.97,3.2,467,150.6,41.22,Watch
UNIT 3A,Low Temperature Superheater,11,2022,2022-06-15,5.6,4.62,3.2,467,150.6,54.91,Watch
UNIT 3A,Low Temperature Superheater,11,2023,2023-06-15,5.6,4.46,3.2,467,150.6,70.92,Watch
UNIT 3A,Low Temperature Superheater,11,2024,2024-06-15,5.6,4.22,3.2,467,150.6,87.51,Critical
UNIT 3A,Low Temperature Superheater,11,2025,2025-06-15,5.6,4.2,3.2,467,150.6,99.5,Critical
UNIT 3A,Low Temperature Superheater,12,2021,2021-06-15,5.6,5,3.2,434,151,39.3,Safe
UNIT 3A,Low Temperature Superheater,12,2022,2022-06-15,5.6,4.71,3.2,434,151,51.66,Watch
UNIT 3A,Low Temperature Superheater,12,2023,2023-06-15,5.6,4.63,3.2,434,151,65.46,Watch
UNIT 3A,Low Temperature Superheater,12,2024,2024-06-15,5.6,4.25,3.2,434,151,78.93,Watch
UNIT 3A,Low Temperature Superheater,12,2025,2025-06-15,5.6,4.28,3.2,434,151,89.4,Critical
UNIT 3A,Low Temperature Superheater,13,2021,2021-06-15,5.6,4.99,3.2,440,151.5,40.88,Watch
UNIT 3A,Low Temperature Superheater,13,2022,2022-06-15,5.6,4.66,3.2,440,151.5,54.06,Watch
UNIT 3A,Low Temperature Superheater,13,2023,2023-06-15,5.6,4.42,3.2,440,151.5,69.64,Watch
UNIT 3A,Low Temperature Superheater,13,2024,2024-06-15,5.6,4.47,3.2,440,151.5,82.13,Critical
UNIT 3A,Low Temperature Superheater,13,2025,2025-06-15,5.6,4.16,3.2,440,151.5,94.59,Critical
UNIT 3A,Low Temperature Superheater,14,2021,2021-06-15,5.6,4.98,3.2,450,146.3,42.73,Watch
UNIT 3A,Low Temperature Superheater,14,2022,2022-06-15,5.6,4.71,3.2,450,146.3,57.49,Watch
UNIT 3A,Low Temperature Superheater,14,2023,2023-06-15,5.6,4.59,3.2,450,146.3,73.78,Watch
UNIT 3A,Low Temperature Superheater,14,2024,2024-06-15,5.6,4.35,3.2,450,146.3,90.69,Critical
UNIT 3A,Low Temperature Superheater,14,2025,2025-06-15,5.6,3.81,3.2,450,146.3,99.5,Critical
UNIT 3A,Low Temperature Superheater,15,2021,2021-06-15,5.6,5.04,3.2,432,141.4,42.21,Watch
UNIT 3A,Low Temperature Superheater,15,2022,2022-06-15,5.6,4.8,3.2,432,141.4,50.7,Watch
UNIT 3A,Low Temperature Superheater,15,2023,2023-06-15,5.6,4.59,3.2,432,141.4,59.62,Watch
UNIT 3A,Low Temperature Superheater,15,2024,2024-06-15,5.6,4.62,3.2,432,141.4,70.37,Watch
UNIT 3A,Low Temperature Superheater,15,2025,2025-06-15,5.6,4.49,3.2,432,141.4,79.6,Watch
UNIT 3A,Low Temperature Superheater,16,2021,2021-06-15,5.6,5.2,3.2,446,147.4,24.15,Safe
UNIT 3A,Low Temperature Superheater,16,2022,2022-06-15,5.6,5.09,3.2,446,147.4,34.73,Safe
UNIT 3A,Low Temperature Superheater,16,2023,2023-06-15,5.6,4.82,3.2,446,147.4,43.53,Watch
UNIT 3A,Low Temperature Superheater,16,2024,2024-06-15,5.6,4.74,3.2,446,147.4,52.66,Watch
UNIT 3A,Low Temperature Superheater,16,2025,2025-06-15,5.6,4.62,3.2,446,147.4,62.82,Watch
UNIT 3A,Low Temperature Superheater,17,2021,2021-06-15,5.6,4.94,3.2,460,151.6,39.79,Safe
UNIT 3A,Low Temperature Superheater,17,2022,2022-06-15,5.6,4.69,3.2,460,151.6,51.02,Watch
UNIT 3A,Low Temperature Superheater,17,2023,2023-06-15,5.6,4.76,3.2,460,151.6,61.69,Watch
UNIT 3A,Low Temperature Superheater,17,2024,2024-06-15,5.6,4.45,3.2,460,151.6,71.4,Watch
UNIT 3A,Low Temperature Superheater,17,2025,2025-06-15,5.6,4.45,3.2,460,151.6,81.66,Critical
UNIT 3A,Low Temperature Superheater,18,2021,2021-06-15,5.6,5.13,3.2,450,146.3,30.01,Safe
UNIT 3A,Low Temperature Superheater,18,2022,2022-06-15,5.6,5,3.2,450,146.3,38.01,Safe
UNIT 3A,Low Temperature Superheater,18,2023,2023-06-15,5.6,4.87,3.2,450,146.3,45.19,Watch
UNIT 3A,Low Temperature Superheater,18,2024,2024-06-15,5.6,4.74,3.2,450,146.3,52.66,Watch
UNIT 3A,Low Temperature Superheater,18,2025,2025-06-15,5.6,4.53,3.2,450,146.3,59.68,Watch
UNIT 3A,Low Temperature Superheater,19,2021,2021-06-15,5.6,5.19,3.2,436,149.8,24.65,Safe
UNIT 3A,Low Temperature Superheater,19,2022,2022-06-15,5.6,5.09,3.2,436,149.8,33.26,Safe
UNIT 3A,Low Temperature Superheater,19,2023,2023-06-15,5.6,4.97,3.2,436,149.8,41.36,Watch
UNIT 3A,Low Temperature Superheater,19,2024,2024-06-15,5.6,4.84,3.2,436,149.8,49.38,Watch
UNIT 3A,Low Temperature Superheater,19,2025,2025-06-15,5.6,4.84,3.2,436,149.8,57.73,Watch
UNIT 3A,Low Temperature Superheater,20,2021,2021-06-15,5.6,4.9,3.2,459,147.6,47.13,Watch
UNIT 3A,Low Temperature Superheater,20,2022,2022-06-15,5.6,4.71,3.2,459,147.6,57.88,Watch
UNIT 3A,Low Temperature Superheater,20,2023,2023-06-15,5.6,4.35,3.2,459,147.6,70.18,Watch
UNIT 3A,Low Temperature Superheater,20,2024,2024-06-15,5.6,4.18,3.2,459,147.6,82.4,Critical
UNIT 3A,Low Temperature Superheater,20,2025,2025-06-15,5.6,4.26,3.2,459,147.6,92.47,Critical
UNIT 3A,Low Temperature Superheater,21,2021,2021-06-15,5.6,5.51,3.2,437,143.9,5.97,Safe
UNIT 3A,Low Temperature Superheater,21,2022,2022-06-15,5.6,5.48,3.2,437,143.9,7.35,Safe
UNIT 3A,Low Temperature Superheater,21,2023,2023-06-15,5.6,5.45,3.2,437,143.9,8.6,Safe
UNIT 3A,Low Temperature Superheater,21,2024,2024-06-15,5.6,5.45,3.2,437,143.9,9.97,Safe
UNIT 3A,Low Temperature Superheater,21,2025,2025-06-15,5.6,5.44,3.2,437,143.9,11.32,Safe
UNIT 3A,Low Temperature Superheater,22,2021,2021-06-15,5.6,5.2,3.2,438,141.2,26.24,Safe
UNIT 3A,Low Temperature Superheater,22,2022,2022-06-15,5.6,5.04,3.2,438,141.2,34.83,Safe
UNIT 3A,Low Temperature Superheater,22,2023,2023-06-15,5.6,5.03,3.2,438,141.2,41.93,Watch
UNIT 3A,Low Temperature Superheater,22,2024,2024-06-15,5.6,4.74,3.2,438,141.2,49.78,Watch
UNIT 3A,Low Temperature Superheater,22,2025,2025-06-15,5.6,4.74,3.2,438,141.2,58.89,Watch
UNIT 3A,Low Temperature Superheater,23,2021,2021-06-15,5.6,5.59,3.2,431,148.9,0.76,Safe
UNIT 3A,Low Temperature Superheater,23,2022,2022-06-15,5.6,5.56,3.2,431,148.9,3.32,Safe
UNIT 3A,Low Temperature Superheater,23,2023,2023-06-15,5.6,5.5,3.2,431,148.9,6.24,Safe
UNIT 3A,Low Temperature Superheater,23,2024,2024-06-15,5.6,5.47,3.2,431,148.9,9.38,Safe
UNIT 3A,Low Temperature Superheater,23,2025,2025-06-15,5.6,5.41,3.2,431,148.9,12.66,Safe
UNIT 3A,Low Temperature Superheater,24,2021,2021-06-15,5.6,5.07,3.2,452,152.3,30.9,Safe
UNIT 3A,Low Temperature Superheater,24,2022,2022-06-15,5.6,4.93,3.2,452,152.3,40.34,Watch
UNIT 3A,Low Temperature Superheater,24,2023,2023-06-15,5.6,4.83,3.2,452,152.3,50.42,Watch
UNIT 3A,Low Temperature Superheater,24,2024,2024-06-15,5.6,4.7,3.2,452,152.3,61.72,Watch
UNIT 3A,Low Temperature Superheater,24,2025,2025-06-15,5.6,4.35,3.2,452,152.3,71.31,Watch
UNIT 3A,Low Temperature Superheater,25,2021,2021-06-15,5.6,5.13,3.2,430,141.7,29.11,Safe
UNIT 3A,Low Temperature Superheater,25,2022,2022-06-15,5.6,4.99,3.2,430,141.7,37.01,Safe
UNIT 3A,Low Temperature Superheater,25,2023,2023-06-15,5.6,4.8,3.2,430,141.7,45.15,Watch
UNIT 3A,Low Temperature Superheater,25,2024,2024-06-15,5.6,4.83,3.2,430,141.7,52.53,Watch
UNIT 3A,Low Temperature Superheater,25,2025,2025-06-15,5.6,4.68,3.2,430,141.7,60.46,Watch
UNIT 3A,Low Temperature Superheater,26,2021,2021-06-15,5.6,5.1,3.2,465,141,31.22,Safe
UNIT 3A,Low Temperature Superheater,26,2022,2022-06-15,5.6,5.08,3.2,465,141,38.86,Safe
UNIT 3A,Low Temperature Superheater,26,2023,2023-06-15,5.6,4.92,3.2,465,141,45.36,Watch
UNIT 3A,Low Temperature Superheater,26,2024,2024-06-15,5.6,4.82,3.2,465,141,52.47,Watch
UNIT 3A,Low Temperature Superheater,26,2025,2025-06-15,5.6,4.74,3.2,465,141,59.88,Watch
UNIT 3A,Low Temperature Superheater,27,2021,2021-06-15,5.6,5.1,3.2,459,154.2,37.53,Safe
UNIT 3A,Low Temperature Superheater,27,2022,2022-06-15,5.6,4.86,3.2,459,154.2,46.62,Watch
UNIT 3A,Low Temperature Superheater,27,2023,2023-06-15,5.6,4.69,3.2,459,154.2,56.17,Watch
UNIT 3A,Low Temperature Superheater,27,2024,2024-06-15,5.6,4.56,3.2,459,154.2,63.85,Watch
UNIT 3A,Low Temperature Superheater,27,2025,2025-06-15,5.6,4.38,3.2,459,154.2,72.38,Watch
UNIT 3A,Low Temperature Superheater,28,2021,2021-06-15,5.6,5.01,3.2,444,149.8,42.01,Watch
UNIT 3A,Low Temperature Superheater,28,2022,2022-06-15,5.6,4.65,3.2,444,149.8,56.73,Watch
UNIT 3A,Low Temperature Superheater,28,2023,2023-06-15,5.6,4.55,3.2,444,149.8,70.7,Watch
UNIT 3A,Low Temperature Superheater,28,2024,2024-06-15,5.6,4.38,3.2,444,149.8,83.31,Critical
UNIT 3A,Low Temperature Superheater,28,2025,2025-06-15,5.6,4.11,3.2,444,149.8,98.44,Critical
UNIT 3A,Low Temperature Superheater,29,2021,2021-06-15,5.6,5.52,3.2,459,147.8,5.39,Safe
UNIT 3A,Low Temperature Superheater,29,2022,2022-06-15,5.6,5.46,3.2,459,147.8,7.91,Safe
UNIT 3A,Low Temperature Superheater,29,2023,2023-06-15,5.6,5.42,3.2,459,147.8,10.17,Safe
UNIT 3A,Low Temperature Superheater,29,2024,2024-06-15,5.6,5.4,3.2,459,147.8,12.79,Safe
UNIT 3A,Low Temperature Superheater,29,2025,2025-06-15,5.6,5.35,3.2,459,147.8,15.23,Safe
UNIT 3A,Low Temperature Superheater,30,2021,2021-06-15,5.6,5.02,3.2,455,151.8,39.25,Safe
UNIT 3A,Low Temperature Superheater,30,2022,2022-06-15,5.6,4.79,3.2,455,151.8,49.38,Watch
UNIT 3A,Low Temperature Superheater,30,2023,2023-06-15,5.6,4.74,3.2,455,151.8,59.26,Watch
UNIT 3A,Low Temperature Superheater,30,2024,2024-06-15,5.6,4.64,3.2,455,151.8,68.5,Watch
UNIT 3A,Low Temperature Superheater,30,2025,2025-06-15,5.6,4.55,3.2,455,151.8,77.12,Watch
UNIT 3A,Low Temperature Superheater,31,2021,2021-06-15,5.6,4.88,3.2,433,144,41.28,Watch
UNIT 3A,Low Temperature Superheater,31,2022,2022-06-15,5.6,4.69,3.2,433,144,51.84,Watch
UNIT 3A,Low Temperature Superheater,31,2023,2023-06-15,5.6,4.77,3.2,433,144,62.73,Watch
UNIT 3A,Low Temperature Superheater,31,2024,2024-06-15,5.6,4.31,3.2,433,144,74.51,Watch
UNIT 3A,Low Temperature Superheater,31,2025,2025-06-15,5.6,4.25,3.2,433,144,85.41,Critical
UNIT 3A,Low Temperature Superheater,32,2021,2021-06-15,5.6,5.54,3.2,448,142.6,4.11,Safe
UNIT 3A,Low Temperature Superheater,32,2022,2022-06-15,5.6,5.51,3.2,448,142.6,6.32,Safe
UNIT 3A,Low Temperature Superheater,32,2023,2023-06-15,5.6,5.45,3.2,448,142.6,8.71,Safe
UNIT 3A,Low Temperature Superheater,32,2024,2024-06-15,5.6,5.44,3.2,448,142.6,11.01,Safe
UNIT 3A,Low Temperature Superheater,32,2025,2025-06-15,5.6,5.39,3.2,448,142.6,13.29,Safe
UNIT 3A,Low Temperature Superheater,33,2021,2021-06-15,5.6,5.48,3.2,430,152.1,7.96,Safe
UNIT 3A,Low Temperature Superheater,33,2022,2022-06-15,5.6,5.44,3.2,430,152.1,10.93,Safe
UNIT 3A,Low Temperature Superheater,33,2023,2023-06-15,5.6,5.4,3.2,430,152.1,14.07,Safe
UNIT 3A,Low Temperature Superheater,33,2024,2024-06-15,5.6,5.38,3.2,430,152.1,16.72,Safe
UNIT 3A,Low Temperature Superheater,33,2025,2025-06-15,5.6,5.27,3.2,430,152.1,19.7,Safe
UNIT 3A,Low Temperature Superheater,34,2021,2021-06-15,5.6,5.09,3.2,464,151.9,38.03,Safe
UNIT 3A,Low Temperature Superheater,34,2022,2022-06-15,5.6,4.81,3.2,464,151.9,48.9,Watch
UNIT 3A,Low Temperature Superheater,34,2023,2023-06-15,5.6,4.54,3.2,464,151.9,61.82,Watch
UNIT 3A,Low Temperature Superheater,34,2024,2024-06-15,5.6,4.27,3.2,464,151.9,74.75,Watch
UNIT 3A,Low Temperature Superheater,34,2025,2025-06-15,5.6,4.29,3.2,464,151.9,86.62,Critical
UNIT 3A,Low Temperature Superheater,35,2021,2021-06-15,5.6,5.28,3.2,440,142.3,20.14,Safe
UNIT 3A,Low Temperature Superheater,35,2022,2022-06-15,5.6,5.19,3.2,440,142.3,30.69,Safe
UNIT 3A,Low Temperature Superheater,35,2023,2023-06-15,5.6,5.02,3.2,440,142.3,39.4,Safe
UNIT 3A,Low Temperature Superheater,35,2024,2024-06-15,5.6,4.87,3.2,440,142.3,48.37,Watch
UNIT 3A,Low Temperature Superheater,35,2025,2025-06-15,5.6,4.79,3.2,440,142.3,59.37,Watch
UNIT 3A,Low Temperature Superheater,36,2021,2021-06-15,5.6,5.56,3.2,449,150.7,2.23,Safe
UNIT 3A,Low Temperature Superheater,36,2022,2022-06-15,5.6,5.54,3.2,449,150.7,3.78,Safe
UNIT 3A,Low Temperature Superheater,36,2023,2023-06-15,5.6,5.51,3.2,449,150.7,5.24,Safe
UNIT 3A,Low Temperature Superheater,36,2024,2024-06-15,5.6,5.48,3.2,449,150.7,6.81,Safe
UNIT 3A,Low Temperature Superheater,36,2025,2025-06-15,5.6,5.45,3.2,449,150.7,8.12,Safe
UNIT 3A,Low Temperature Superheater,37,2021,2021-06-15,5.6,5.47,3.2,453,151.1,7.87,Safe
UNIT 3A,Low Temperature Superheater,37,2022,2022-06-15,5.6,5.43,3.2,453,151.1,10.29,Safe
UNIT 3A,Low Temperature Superheater,37,2023,2023-06-15,5.6,5.42,3.2,453,151.1,12.35,Safe
UNIT 3A,Low Temperature Superheater,37,2024,2024-06-15,5.6,5.36,3.2,453,151.1,14.55,Safe
UNIT 3A,Low Temperature Superheater,37,2025,2025-06-15,5.6,5.31,3.2,453,151.1,16.96,Safe
UNIT 3A,Low Temperature Superheater,38,2021,2021-06-15,5.6,5.52,3.2,448,153.3,5.08,Safe
UNIT 3A,Low Temperature Superheater,38,2022,2022-06-15,5.6,5.49,3.2,448,153.3,6.32,Safe
UNIT 3A,Low Temperature Superheater,38,2023,2023-06-15,5.6,5.48,3.2,448,153.3,7.38,Safe
UNIT 3A,Low Temperature Superheater,38,2024,2024-06-15,5.6,5.47,3.2,448,153.3,8.51,Safe
UNIT 3A,Low Temperature Superheater,38,2025,2025-06-15,5.6,5.46,3.2,448,153.3,9.53,Safe
UNIT 3A,Low Temperature Superheater,39,2021,2021-06-15,5.6,5.08,3.2,462,147.8,34.27,Safe
UNIT 3A,Low Temperature Superheater,39,2022,2022-06-15,5.6,4.85,3.2,462,147.8,49.12,Watch
UNIT 3A,Low Temperature Superheater,39,2023,2023-06-15,5.6,4.51,3.2,462,147.8,60.86,Watch
UNIT 3A,Low Temperature Superheater,39,2024,2024-06-15,5.6,4.36,3.2,462,147.8,75.67,Watch
UNIT 3A,Low Temperature Superheater,39,2025,2025-06-15,5.6,4.35,3.2,462,147.8,90.12,Critical
UNIT 3A,Low Temperature Superheater,40,2021,2021-06-15,5.6,5.28,3.2,447,151.3,22.14,Safe
UNIT 3A,Low Temperature Superheater,40,2022,2022-06-15,5.6,5.19,3.2,447,151.3,29.97,Safe
UNIT 3A,Low Temperature Superheater,40,2023,2023-06-15,5.6,5.03,3.2,447,151.3,38.98,Safe
UNIT 3A,Low Temperature Superheater,40,2024,2024-06-15,5.6,4.9,3.2,447,151.3,47.48,Watch
UNIT 3A,Low Temperature Superheater,40,2025,2025-06-15,5.6,4.79,3.2,447,151.3,56.64,Watch
UNIT 3A,Low Temperature Superheater,41,2021,2021-06-15,5.6,5.27,3.2,437,147,22.88,Safe
UNIT 3A,Low Temperature Superheater,41,2022,2022-06-15,5.6,5.12,3.2,437,147,30.6,Safe
UNIT 3A,Low Temperature Superheater,41,2023,2023-06-15,5.6,5.03,3.2,437,147,36.96,Safe
UNIT 3A,Low Temperature Superheater,41,2024,2024-06-15,5.6,4.99,3.2,437,147,43.25,Watch
UNIT 3A,Low Temperature Superheater,41,2025,2025-06-15,5.6,4.92,3.2,437,147,49.75,Watch
UNIT 3A,Low Temperature Superheater,42,2021,2021-06-15,5.6,4.98,3.2,433,153.8,42.67,Watch
UNIT 3A,Low Temperature Superheater,42,2022,2022-06-15,5.6,4.71,3.2,433,153.8,59.9,Watch
UNIT 3A,Low Temperature Superheater,42,2023,2023-06-15,5.6,4.34,3.2,433,153.8,73.81,Watch
UNIT 3A,Low Temperature Superheater,42,2024,2024-06-15,5.6,4.28,3.2,433,153.8,87.32,Critical
UNIT 3A,Low Temperature Superheater,42,2025,2025-06-15,5.6,3.99,3.2,433,153.8,99.5,Critical
UNIT 3A,Low Temperature Superheater,43,2021,2021-06-15,5.6,5.14,3.2,449,143.8,31.89,Safe
UNIT 3A,Low Temperature Superheater,43,2022,2022-06-15,5.6,4.93,3.2,449,143.8,39.52,Safe
UNIT 3A,Low Temperature Superheater,43,2023,2023-06-15,5.6,4.78,3.2,449,143.8,46.24,Watch
UNIT 3A,Low Temperature Superheater,43,2024,2024-06-15,5.6,4.69,3.2,449,143.8,52.13,Watch
UNIT 3A,Low Temperature Superheater,43,2025,2025-06-15,5.6,4.73,3.2,449,143.8,58.03,Watch
UNIT 3A,Low Temperature Superheater,44,2021,2021-06-15,5.6,4.94,3.2,437,148.8,46.63,Watch
UNIT 3A,Low Temperature Superheater,44,2022,2022-06-15,5.6,4.65,3.2,437,148.8,61.55,Watch
UNIT 3A,Low Temperature Superheater,44,2023,2023-06-15,5.6,4.58,3.2,437,148.8,76.69,Watch
UNIT 3A,Low Temperature Superheater,44,2024,2024-06-15,5.6,4.09,3.2,437,148.8,93.44,Critical
UNIT 3A,Low Temperature Superheater,44,2025,2025-06-15,5.6,4.06,3.2,437,148.8,99.5,Critical
UNIT 3A,Low Temperature Superheater,45,2021,2021-06-15,5.6,5.53,3.2,447,142.3,5,Safe
UNIT 3A,Low Temperature Superheater,45,2022,2022-06-15,5.6,5.5,3.2,447,142.3,6.37,Safe
UNIT 3A,Low Temperature Superheater,45,2023,2023-06-15,5.6,5.47,3.2,447,142.3,7.61,Safe
UNIT 3A,Low Temperature Superheater,45,2024,2024-06-15,5.6,5.48,3.2,447,142.3,8.87,Safe
UNIT 3A,Low Temperature Superheater,45,2025,2025-06-15,5.6,5.42,3.2,447,142.3,10.21,Safe
UNIT 3A,Low Temperature Superheater,46,2021,2021-06-15,5.6,4.95,3.2,461,149.1,43.23,Watch
UNIT 3A,Low Temperature Superheater,46,2022,2022-06-15,5.6,4.72,3.2,461,149.1,53.2,Watch
UNIT 3A,Low Temperature Superheater,46,2023,2023-06-15,5.6,4.73,3.2,461,149.1,63.06,Watch
UNIT 3A,Low Temperature Superheater,46,2024,2024-06-15,5.6,4.5,3.2,461,149.1,71.69,Watch
UNIT 3A,Low Temperature Superheater,46,2025,2025-06-15,5.6,4.29,3.2,461,149.1,82.79,Critical
UNIT 3A,Low Temperature Superheater,47,2021,2021-06-15,5.6,5.53,3.2,432,151.1,4.07,Safe
UNIT 3A,Low Temperature Superheater,47,2022,2022-06-15,5.6,5.51,3.2,432,151.1,5.87,Safe
UNIT 3A,Low Temperature Superheater,47,2023,2023-06-15,5.6,5.49,3.2,432,151.1,7.5,Safe
UNIT 3A,Low Temperature Superheater,47,2024,2024-06-15,5.6,5.47,3.2,432,151.1,9.38,Safe
UNIT 3A,Low Temperature Superheater,47,2025,2025-06-15,5.6,5.42,3.2,432,151.1,11.11,Safe
UNIT 3A,Low Temperature Superheater,48,2021,2021-06-15,5.6,5.01,3.2,434,148.3,32.69,Safe
UNIT 3A,Low Temperature Superheater,48,2022,2022-06-15,5.6,4.81,3.2,434,148.3,44,Watch
UNIT 3A,Low Temperature Superheater,48,2023,2023-06-15,5.6,4.78,3.2,434,148.3,54.27,Watch
UNIT 3A,Low Temperature Superheater,48,2024,2024-06-15,5.6,4.43,3.2,434,148.3,67.22,Watch
UNIT 3A,Low Temperature Superheater,48,2025,2025-06-15,5.6,4.31,3.2,434,148.3,78.16,Watch
UNIT 3A,Low Temperature Superheater,49,2021,2021-06-15,5.6,5.58,3.2,434,149.2,1.22,Safe
UNIT 3A,Low Temperature Superheater,49,2022,2022-06-15,5.6,5.55,3.2,434,149.2,3.23,Safe
UNIT 3A,Low Temperature Superheater,49,2023,2023-06-15,5.6,5.52,3.2,434,149.2,5.34,Safe
UNIT 3A,Low Temperature Superheater,49,2024,2024-06-15,5.6,5.49,3.2,434,149.2,7.45,Safe
UNIT 3A,Low Temperature Superheater,49,2025,2025-06-15,5.6,5.44,3.2,434,149.2,9.39,Safe
UNIT 3A,Low Temperature Superheater,50,2021,2021-06-15,5.6,5.2,3.2,432,149,25,Safe
UNIT 3A,Low Temperature Superheater,50,2022,2022-06-15,5.6,5.04,3.2,432,149,33.55,Safe
UNIT 3A,Low Temperature Superheater,50,2023,2023-06-15,5.6,5,3.2,432,149,40.77,Watch
UNIT 3A,Low Temperature Superheater,50,2024,2024-06-15,5.6,4.87,3.2,432,149,47.78,Watch
UNIT 3A,Low Temperature Superheater,50,2025,2025-06-15,5.6,4.67,3.2,432,149,55.8,Watch
UNIT 3A,Low Temperature Superheater,51,2021,2021-06-15,5.6,5.1,3.2,434,150.8,36.91,Safe
UNIT 3A,Low Temperature Superheater,51,2022,2022-06-15,5.6,4.85,3.2,434,150.8,49.69,Watch
UNIT 3A,Low Temperature Superheater,51,2023,2023-06-15,5.6,4.69,3.2,434,150.8,63.98,Watch
UNIT 3A,Low Temperature Superheater,51,2024,2024-06-15,5.6,4.18,3.2,434,150.8,79.21,Watch
UNIT 3A,Low Temperature Superheater,51,2025,2025-06-15,5.6,4.23,3.2,434,150.8,93.91,Critical
UNIT 3A,Low Temperature Superheater,52,2021,2021-06-15,5.6,5.21,3.2,445,142.6,26.19,Safe
UNIT 3A,Low Temperature Superheater,52,2022,2022-06-15,5.6,4.96,3.2,445,142.6,37.08,Safe
UNIT 3A,Low Temperature Superheater,52,2023,2023-06-15,5.6,4.87,3.2,445,142.6,47.12,Watch
UNIT 3A,Low Temperature Superheater,52,2024,2024-06-15,5.6,4.61,3.2,445,142.6,57.86,Watch
UNIT 3A,Low Temperature Superheater,52,2025,2025-06-15,5.6,4.57,3.2,445,142.6,68.64,Watch
UNIT 3A,Low Temperature Superheater,53,2021,2021-06-15,5.6,5.55,3.2,453,146.1,3.11,Safe
UNIT 3A,Low Temperature Superheater,53,2022,2022-06-15,5.6,5.53,3.2,453,146.1,4.14,Safe
UNIT 3A,Low Temperature Superheater,53,2023,2023-06-15,5.6,5.51,3.2,453,146.1,5.11,Safe
UNIT 3A,Low Temperature Superheater,53,2024,2024-06-15,5.6,5.5,3.2,453,146.1,6.35,Safe
UNIT 3A,Low Temperature Superheater,53,2025,2025-06-15,5.6,5.5,3.2,453,146.1,7.56,Safe
UNIT 3A,Low Temperature Superheater,54,2021,2021-06-15,5.6,5.47,3.2,432,140.3,7.85,Safe
UNIT 3A,Low Temperature Superheater,54,2022,2022-06-15,5.6,5.45,3.2,432,140.3,8.8,Safe
UNIT 3A,Low Temperature Superheater,54,2023,2023-06-15,5.6,5.47,3.2,432,140.3,9.73,Safe
UNIT 3A,Low Temperature Superheater,54,2024,2024-06-15,5.6,5.41,3.2,432,140.3,10.78,Safe
UNIT 3A,Low Temperature Superheater,54,2025,2025-06-15,5.6,5.41,3.2,432,140.3,11.78,Safe
UNIT 3A,Low Temperature Superheater,55,2021,2021-06-15,5.6,5.53,3.2,437,145,4.44,Safe
UNIT 3A,Low Temperature Superheater,55,2022,2022-06-15,5.6,5.51,3.2,437,145,6.04,Safe
UNIT 3A,Low Temperature Superheater,55,2023,2023-06-15,5.6,5.49,3.2,437,145,7.43,Safe
UNIT 3A,Low Temperature Superheater,55,2024,2024-06-15,5.6,5.44,3.2,437,145,8.99,Safe
UNIT 3A,Low Temperature Superheater,55,2025,2025-06-15,5.6,5.43,3.2,437,145,10.48,Safe
UNIT 3A,Low Temperature Superheater,56,2021,2021-06-15,5.6,5.24,3.2,468,141.7,21.77,Safe
UNIT 3A,Low Temperature Superheater,56,2022,2022-06-15,5.6,5.22,3.2,468,141.7,28.18,Safe
UNIT 3A,Low Temperature Superheater,56,2023,2023-06-15,5.6,5.09,3.2,468,141.7,35.12,Safe
UNIT 3A,Low Temperature Superheater,56,2024,2024-06-15,5.6,5.02,3.2,468,141.7,41.55,Watch
UNIT 3A,Low Temperature Superheater,56,2025,2025-06-15,5.6,4.84,3.2,468,141.7,48.22,Watch
UNIT 3A,Low Temperature Superheater,57,2021,2021-06-15,5.6,5.52,3.2,450,147.8,5.03,Safe
UNIT 3A,Low Temperature Superheater,57,2022,2022-06-15,5.6,5.49,3.2,450,147.8,7.41,Safe
UNIT 3A,Low Temperature Superheater,57,2023,2023-06-15,5.6,5.46,3.2,450,147.8,9.74,Safe
UNIT 3A,Low Temperature Superheater,57,2024,2024-06-15,5.6,5.43,3.2,450,147.8,12.41,Safe
UNIT 3A,Low Temperature Superheater,57,2025,2025-06-15,5.6,5.34,3.2,450,147.8,15,Safe
UNIT 3A,Low Temperature Superheater,58,2021,2021-06-15,5.6,5.2,3.2,467,154.8,24.12,Safe
UNIT 3A,Low Temperature Superheater,58,2022,2022-06-15,5.6,5.08,3.2,467,154.8,32.88,Safe
UNIT 3A,Low Temperature Superheater,58,2023,2023-06-15,5.6,4.91,3.2,467,154.8,41.61,Watch
UNIT 3A,Low Temperature Superheater,58,2024,2024-06-15,5.6,4.9,3.2,467,154.8,48.75,Watch
UNIT 3A,Low Temperature Superheater,58,2025,2025-06-15,5.6,4.73,3.2,467,154.8,55.77,Watch
UNIT 3A,Low Temperature Superheater,59,2021,2021-06-15,5.6,5.47,3.2,454,141.1,7.41,Safe
UNIT 3A,Low Temperature Superheater,59,2022,2022-06-15,5.6,5.44,3.2,454,141.1,9.54,Safe
UNIT 3A,Low Temperature Superheater,59,2023,2023-06-15,5.6,5.4,3.2,454,141.1,11.29,Safe
UNIT 3A,Low Temperature Superheater,59,2024,2024-06-15,5.6,5.38,3.2,454,141.1,13.35,Safe
UNIT 3A,Low Temperature Superheater,59,2025,2025-06-15,5.6,5.36,3.2,454,141.1,15.09,Safe
UNIT 3A,Low Temperature Superheater,60,2021,2021-06-15,5.6,5.53,3.2,437,150.5,4.18,Safe
UNIT 3A,Low Temperature Superheater,60,2022,2022-06-15,5.6,5.52,3.2,437,150.5,6.17,Safe
UNIT 3A,Low Temperature Superheater,60,2023,2023-06-15,5.6,5.47,3.2,437,150.5,7.97,Safe
UNIT 3A,Low Temperature Superheater,60,2024,2024-06-15,5.6,5.47,3.2,437,150.5,9.72,Safe
UNIT 3A,Low Temperature Superheater,60,2025,2025-06-15,5.6,5.4,3.2,437,150.5,12,Safe
UNIT 3A,Low Temperature Superheater,61,2021,2021-06-15,5.6,4.92,3.2,458,147,44.21,Watch
UNIT 3A,Low Temperature Superheater,61,2022,2022-06-15,5.6,4.69,3.2,458,147,54.4,Watch
UNIT 3A,Low Temperature Superheater,61,2023,2023-06-15,5.6,4.6,3.2,458,147,64.25,Watch
UNIT 3A,Low Temperature Superheater,61,2024,2024-06-15,5.6,4.6,3.2,458,147,74.33,Watch
UNIT 3A,Low Temperature Superheater,61,2025,2025-06-15,5.6,4.14,3.2,458,147,84.31,Critical
UNIT 3A,Low Temperature Superheater,62,2021,2021-06-15,5.6,5.08,3.2,447,151,34.21,Safe
UNIT 3A,Low Temperature Superheater,62,2022,2022-06-15,5.6,4.84,3.2,447,151,46.62,Watch
UNIT 3A,Low Temperature Superheater,62,2023,2023-06-15,5.6,4.66,3.2,447,151,57.67,Watch
UNIT 3A,Low Temperature Superheater,62,2024,2024-06-15,5.6,4.41,3.2,447,151,67.11,Watch
UNIT 3A,Low Temperature Superheater,62,2025,2025-06-15,5.6,4.44,3.2,447,151,79.55,Watch
UNIT 3A,Low Temperature Superheater,63,2021,2021-06-15,5.6,5.12,3.2,434,145.1,29.25,Safe
UNIT 3A,Low Temperature Superheater,63,2022,2022-06-15,5.6,5.05,3.2,434,145.1,38.5,Safe
UNIT 3A,Low Temperature Superheater,63,2023,2023-06-15,5.6,4.82,3.2,434,145.1,47.53,Watch
UNIT 3A,Low Temperature Superheater,63,2024,2024-06-15,5.6,4.58,3.2,434,145.1,56.91,Watch
UNIT 3A,Low Temperature Superheater,63,2025,2025-06-15,5.6,4.69,3.2,434,145.1,64.4,Watch
UNIT 3A,Low Temperature Superheater,64,2021,2021-06-15,5.6,5,3.2,468,153.2,39.27,Safe
UNIT 3A,Low Temperature Superheater,64,2022,2022-06-15,5.6,4.85,3.2,468,153.2,49.86,Watch
UNIT 3A,Low Temperature Superheater,64,2023,2023-06-15,5.6,4.58,3.2,468,153.2,59.39,Watch
UNIT 3A,Low Temperature Superheater,64,2024,2024-06-15,5.6,4.56,3.2,468,153.2,69.95,Watch
UNIT 3A,Low Temperature Superheater,64,2025,2025-06-15,5.6,4.33,3.2,468,153.2,81.28,Critical
UNIT 3A,Low Temperature Superheater,65,2021,2021-06-15,5.6,4.93,3.2,463,152.7,42.8,Watch
UNIT 3A,Low Temperature Superheater,65,2022,2022-06-15,5.6,4.65,3.2,463,152.7,55.06,Watch
UNIT 3A,Low Temperature Superheater,65,2023,2023-06-15,5.6,4.58,3.2,463,152.7,67.3,Watch
UNIT 3A,Low Temperature Superheater,65,2024,2024-06-15,5.6,4.43,3.2,463,152.7,78.21,Watch
UNIT 3A,Low Temperature Superheater,65,2025,2025-06-15,5.6,4.33,3.2,463,152.7,90.21,Critical
UNIT 3A,Low Temperature Superheater,66,2021,2021-06-15,5.6,5.17,3.2,445,144,26.73,Safe
UNIT 3A,Low Temperature Superheater,66,2022,2022-06-15,5.6,5.09,3.2,445,144,34.55,Safe
UNIT 3A,Low Temperature Superheater,66,2023,2023-06-15,5.6,4.96,3.2,445,144,41.03,Watch
UNIT 3A,Low Temperature Superheater,66,2024,2024-06-15,5.6,4.86,3.2,445,144,47.52,Watch
UNIT 3A,Low Temperature Superheater,66,2025,2025-06-15,5.6,4.7,3.2,445,144,55.42,Watch
UNIT 3A,Low Temperature Superheater,67,2021,2021-06-15,5.6,5.5,3.2,453,146.3,7.04,Safe
UNIT 3A,Low Temperature Superheater,67,2022,2022-06-15,5.6,5.46,3.2,453,146.3,7.96,Safe
UNIT 3A,Low Temperature Superheater,67,2023,2023-06-15,5.6,5.45,3.2,453,146.3,8.9,Safe
UNIT 3A,Low Temperature Superheater,67,2024,2024-06-15,5.6,5.45,3.2,453,146.3,9.93,Safe
UNIT 3A,Low Temperature Superheater,67,2025,2025-06-15,5.6,5.44,3.2,453,146.3,10.99,Safe
UNIT 3A,Low Temperature Superheater,68,2021,2021-06-15,5.6,5.5,3.2,462,154.9,7.37,Safe
UNIT 3A,Low Temperature Superheater,68,2022,2022-06-15,5.6,5.48,3.2,462,154.9,8.71,Safe
UNIT 3A,Low Temperature Superheater,68,2023,2023-06-15,5.6,5.42,3.2,462,154.9,10.08,Safe
UNIT 3A,Low Temperature Superheater,68,2024,2024-06-15,5.6,5.4,3.2,462,154.9,11.56,Safe
UNIT 3A,Low Temperature Superheater,68,2025,2025-06-15,5.6,5.4,3.2,462,154.9,12.77,Safe
UNIT 3A,Low Temperature Superheater,69,2021,2021-06-15,5.6,5.11,3.2,459,140.2,35.06,Safe
UNIT 3A,Low Temperature Superheater,69,2022,2022-06-15,5.6,4.94,3.2,459,140.2,48.93,Watch
UNIT 3A,Low Temperature Superheater,69,2023,2023-06-15,5.6,4.48,3.2,459,140.2,65.91,Watch
UNIT 3A,Low Temperature Superheater,69,2024,2024-06-15,5.6,4.24,3.2,459,140.2,80.08,Critical
UNIT 3A,Low Temperature Superheater,69,2025,2025-06-15,5.6,3.99,3.2,459,140.2,95.02,Critical
UNIT 3A,Low Temperature Superheater,70,2021,2021-06-15,5.6,5.57,3.2,436,148.8,1.5,Safe
UNIT 3A,Low Temperature Superheater,70,2022,2022-06-15,5.6,5.55,3.2,436,148.8,3.27,Safe
UNIT 3A,Low Temperature Superheater,70,2023,2023-06-15,5.6,5.52,3.2,436,148.8,4.91,Safe
UNIT 3A,Low Temperature Superheater,70,2024,2024-06-15,5.6,5.51,3.2,436,148.8,6.33,Safe
UNIT 3A,Low Temperature Superheater,70,2025,2025-06-15,5.6,5.49,3.2,436,148.8,7.91,Safe
UNIT 3A,Low Temperature Superheater,71,2021,2021-06-15,5.6,5.18,3.2,432,149.8,28.06,Safe
UNIT 3A,Low Temperature Superheater,71,2022,2022-06-15,5.6,4.96,3.2,432,149.8,38.09,Safe
UNIT 3A,Low Temperature Superheater,71,2023,2023-06-15,5.6,4.93,3.2,432,149.8,47.03,Watch
UNIT 3A,Low Temperature Superheater,71,2024,2024-06-15,5.6,4.7,3.2,432,149.8,56.29,Watch
UNIT 3A,Low Temperature Superheater,71,2025,2025-06-15,5.6,4.49,3.2,432,149.8,65.65,Watch
UNIT 3A,Low Temperature Superheater,72,2021,2021-06-15,5.6,5.5,3.2,462,153.7,7.73,Safe
UNIT 3A,Low Temperature Superheater,72,2022,2022-06-15,5.6,5.46,3.2,462,153.7,10,Safe
UNIT 3A,Low Temperature Superheater,72,2023,2023-06-15,5.6,5.42,3.2,462,153.7,12.06,Safe
UNIT 3A,Low Temperature Superheater,72,2024,2024-06-15,5.6,5.41,3.2,462,153.7,14.23,Safe
UNIT 3A,Low Temperature Superheater,72,2025,2025-06-15,5.6,5.38,3.2,462,153.7,16.24,Safe
UNIT 3A,Low Temperature Superheater,73,2021,2021-06-15,5.6,5.55,3.2,432,152.8,3.59,Safe
UNIT 3A,Low Temperature Superheater,73,2022,2022-06-15,5.6,5.48,3.2,432,152.8,7.01,Safe
UNIT 3A,Low Temperature Superheater,73,2023,2023-06-15,5.6,5.46,3.2,432,152.8,10.01,Safe
UNIT 3A,Low Temperature Superheater,73,2024,2024-06-15,5.6,5.4,3.2,432,152.8,12.57,Safe
UNIT 3A,Low Temperature Superheater,73,2025,2025-06-15,5.6,5.33,3.2,432,152.8,15.49,Safe
UNIT 3A,Low Temperature Superheater,74,2021,2021-06-15,5.6,5.54,3.2,440,142.4,3.84,Safe
UNIT 3A,Low Temperature Superheater,74,2022,2022-06-15,5.6,5.51,3.2,440,142.4,5.18,Safe
UNIT 3A,Low Temperature Superheater,74,2023,2023-06-15,5.6,5.51,3.2,440,142.4,6.46,Safe
UNIT 3A,Low Temperature Superheater,74,2024,2024-06-15,5.6,5.47,3.2,440,142.4,7.89,Safe
UNIT 3A,Low Temperature Superheater,74,2025,2025-06-15,5.6,5.45,3.2,440,142.4,9.27,Safe
UNIT 3A,Low Temperature Superheater,75,2021,2021-06-15,5.6,5.16,3.2,454,152.1,29.55,Safe
UNIT 3A,Low Temperature Superheater,75,2022,2022-06-15,5.6,5.1,3.2,454,152.1,36.75,Safe
UNIT 3A,Low Temperature Superheater,75,2023,2023-06-15,5.6,4.83,3.2,454,152.1,45.69,Watch
UNIT 3A,Low Temperature Superheater,75,2024,2024-06-15,5.6,4.87,3.2,454,152.1,53.28,Watch
UNIT 3A,Low Temperature Superheater,75,2025,2025-06-15,5.6,4.74,3.2,454,152.1,60.78,Watch
UNIT 3A,Low Temperature Superheater,76,2021,2021-06-15,5.6,5.26,3.2,435,149,20.39,Safe
UNIT 3A,Low Temperature Superheater,76,2022,2022-06-15,5.6,5.15,3.2,435,149,28.09,Safe
UNIT 3A,Low Temperature Superheater,76,2023,2023-06-15,5.6,5.04,3.2,435,149,36.48,Safe
UNIT 3A,Low Temperature Superheater,76,2024,2024-06-15,5.6,4.87,3.2,435,149,44.64,Watch
UNIT 3A,Low Temperature Superheater,76,2025,2025-06-15,5.6,4.73,3.2,435,149,51.09,Watch
UNIT 3A,Low Temperature Superheater,77,2021,2021-06-15,5.6,5.55,3.2,465,143.2,3.5,Safe
UNIT 3A,Low Temperature Superheater,77,2022,2022-06-15,5.6,5.53,3.2,465,143.2,4.61,Safe
UNIT 3A,Low Temperature Superheater,77,2023,2023-06-15,5.6,5.5,3.2,465,143.2,5.92,Safe
UNIT 3A,Low Temperature Superheater,77,2024,2024-06-15,5.6,5.49,3.2,465,143.2,7.27,Safe
UNIT 3A,Low Temperature Superheater,77,2025,2025-06-15,5.6,5.48,3.2,465,143.2,8.43,Safe
UNIT 3A,Low Temperature Superheater,78,2021,2021-06-15,5.6,5.02,3.2,466,143.6,33.29,Safe
UNIT 3A,Low Temperature Superheater,78,2022,2022-06-15,5.6,4.96,3.2,466,143.6,47.77,Watch
UNIT 3A,Low Temperature Superheater,78,2023,2023-06-15,5.6,4.62,3.2,466,143.6,62.79,Watch
UNIT 3A,Low Temperature Superheater,78,2024,2024-06-15,5.6,4.31,3.2,466,143.6,78.44,Watch
UNIT 3A,Low Temperature Superheater,78,2025,2025-06-15,5.6,4.32,3.2,466,143.6,90.49,Critical
UNIT 3A,Low Temperature Superheater,79,2021,2021-06-15,5.6,5.52,3.2,469,144.9,5.98,Safe
UNIT 3A,Low Temperature Superheater,79,2022,2022-06-15,5.6,5.48,3.2,469,144.9,7.73,Safe
UNIT 3A,Low Temperature Superheater,79,2023,2023-06-15,5.6,5.43,3.2,469,144.9,9.68,Safe
UNIT 3A,Low Temperature Superheater,79,2024,2024-06-15,5.6,5.41,3.2,469,144.9,11.45,Safe
UNIT 3A,Low Temperature Superheater,79,2025,2025-06-15,5.6,5.38,3.2,469,144.9,13.17,Safe
UNIT 3A,Low Temperature Superheater,80,2021,2021-06-15,5.6,5.05,3.2,451,142.7,34.61,Safe
UNIT 3A,Low Temperature Superheater,80,2022,2022-06-15,5.6,4.86,3.2,451,142.7,47.69,Watch
UNIT 3A,Low Temperature Superheater,80,2023,2023-06-15,5.6,4.52,3.2,451,142.7,60.51,Watch
UNIT 3A,Low Temperature Superheater,80,2024,2024-06-15,5.6,4.44,3.2,451,142.7,73.24,Watch
UNIT 3A,Low Temperature Superheater,80,2025,2025-06-15,5.6,4.15,3.2,451,142.7,88.28,Critical
UNIT 3A,Low Temperature Superheater,81,2021,2021-06-15,5.6,5.52,3.2,443,151.4,4.37,Safe
UNIT 3A,Low Temperature Superheater,81,2022,2022-06-15,5.6,5.53,3.2,443,151.4,5.26,Safe
UNIT 3A,Low Temperature Superheater,81,2023,2023-06-15,5.6,5.5,3.2,443,151.4,6.21,Safe
UNIT 3A,Low Temperature Superheater,81,2024,2024-06-15,5.6,5.48,3.2,443,151.4,7.16,Safe
UNIT 3A,Low Temperature Superheater,81,2025,2025-06-15,5.6,5.46,3.2,443,151.4,8.14,Safe
UNIT 3A,Low Temperature Superheater,82,2021,2021-06-15,5.6,5.2,3.2,447,143.8,27.27,Safe
UNIT 3A,Low Temperature Superheater,82,2022,2022-06-15,5.6,5.02,3.2,447,143.8,34.61,Safe
UNIT 3A,Low Temperature Superheater,82,2023,2023-06-15,5.6,4.96,3.2,447,143.8,43.33,Watch
UNIT 3A,Low Temperature Superheater,82,2024,2024-06-15,5.6,4.83,3.2,447,143.8,50.34,Watch
UNIT 3A,Low Temperature Superheater,82,2025,2025-06-15,5.6,4.56,3.2,447,143.8,57.7,Watch
UNIT 3A,Low Temperature Superheater,83,2021,2021-06-15,5.6,5.52,3.2,434,149.1,5.03,Safe
UNIT 3A,Low Temperature Superheater,83,2022,2022-06-15,5.6,5.46,3.2,434,149.1,7.78,Safe
UNIT 3A,Low Temperature Superheater,83,2023,2023-06-15,5.6,5.44,3.2,434,149.1,10.4,Safe
UNIT 3A,Low Temperature Superheater,83,2024,2024-06-15,5.6,5.42,3.2,434,149.1,12.92,Safe
UNIT 3A,Low Temperature Superheater,83,2025,2025-06-15,5.6,5.33,3.2,434,149.1,15.82,Safe
UNIT 3A,Low Temperature Superheater,84,2021,2021-06-15,5.6,5.17,3.2,440,147.6,25.64,Safe
UNIT 3A,Low Temperature Superheater,84,2022,2022-06-15,5.6,5.03,3.2,440,147.6,32.67,Safe
UNIT 3A,Low Temperature Superheater,84,2023,2023-06-15,5.6,5,3.2,440,147.6,39.98,Safe
UNIT 3A,Low Temperature Superheater,84,2024,2024-06-15,5.6,4.81,3.2,440,147.6,46.98,Watch
UNIT 3A,Low Temperature Superheater,84,2025,2025-06-15,5.6,4.77,3.2,440,147.6,54.64,Watch
UNIT 3A,Low Temperature Superheater,85,2021,2021-06-15,5.6,5.16,3.2,436,142.4,30.94,Safe
UNIT 3A,Low Temperature Superheater,85,2022,2022-06-15,5.6,4.93,3.2,436,142.4,41.12,Watch
UNIT 3A,Low Temperature Superheater,85,2023,2023-06-15,5.6,4.84,3.2,436,142.4,51.72,Watch
UNIT 3A,Low Temperature Superheater,85,2024,2024-06-15,5.6,4.58,3.2,436,142.4,62.16,Watch
UNIT 3A,Low Temperature Superheater,85,2025,2025-06-15,5.6,4.62,3.2,436,142.4,70.74,Watch
UNIT 3A,Low Temperature Superheater,86,2021,2021-06-15,5.6,5.21,3.2,467,147.2,26.69,Safe
UNIT 3A,Low Temperature Superheater,86,2022,2022-06-15,5.6,4.97,3.2,467,147.2,37.77,Safe
UNIT 3A,Low Temperature Superheater,86,2023,2023-06-15,5.6,4.79,3.2,467,147.2,48.25,Watch
UNIT 3A,Low Temperature Superheater,86,2024,2024-06-15,5.6,4.57,3.2,467,147.2,58.17,Watch
UNIT 3A,Low Temperature Superheater,86,2025,2025-06-15,5.6,4.53,3.2,467,147.2,68.09,Watch
UNIT 3A,Low Temperature Superheater,87,2021,2021-06-15,5.6,5.23,3.2,456,154.3,24.02,Safe
UNIT 3A,Low Temperature Superheater,87,2022,2022-06-15,5.6,5.07,3.2,456,154.3,32.32,Safe
UNIT 3A,Low Temperature Superheater,87,2023,2023-06-15,5.6,4.91,3.2,456,154.3,40.38,Watch
UNIT 3A,Low Temperature Superheater,87,2024,2024-06-15,5.6,4.82,3.2,456,154.3,49.9,Watch
UNIT 3A,Low Temperature Superheater,87,2025,2025-06-15,5.6,4.67,3.2,456,154.3,59.55,Watch
UNIT 3A,Low Temperature Superheater,88,2021,2021-06-15,5.6,5.15,3.2,459,142,30.74,Safe
UNIT 3A,Low Temperature Superheater,88,2022,2022-06-15,5.6,5.02,3.2,459,142,38.15,Safe
UNIT 3A,Low Temperature Superheater,88,2023,2023-06-15,5.6,4.83,3.2,459,142,45.41,Watch
UNIT 3A,Low Temperature Superheater,88,2024,2024-06-15,5.6,4.74,3.2,459,142,52.6,Watch
UNIT 3A,Low Temperature Superheater,88,2025,2025-06-15,5.6,4.67,3.2,459,142,60.19,Watch
UNIT 3A,Low Temperature Superheater,89,2021,2021-06-15,5.6,4.9,3.2,446,154.3,47.17,Watch
UNIT 3A,Low Temperature Superheater,89,2022,2022-06-15,5.6,4.58,3.2,446,154.3,61.53,Watch
UNIT 3A,Low Temperature Superheater,89,2023,2023-06-15,5.6,4.46,3.2,446,154.3,74.37,Watch
UNIT 3A,Low Temperature Superheater,89,2024,2024-06-15,5.6,4.17,3.2,446,154.3,86.65,Critical
UNIT 3A,Low Temperature Superheater,89,2025,2025-06-15,5.6,3.86,3.2,446,154.3,99.5,Critical
UNIT 3A,Low Temperature Superheater,90,2021,2021-06-15,5.6,5.53,3.2,439,144.6,4.86,Safe
UNIT 3A,Low Temperature Superheater,90,2022,2022-06-15,5.6,5.5,3.2,439,144.6,5.83,Safe
UNIT 3A,Low Temperature Superheater,90,2023,2023-06-15,5.6,5.49,3.2,439,144.6,6.85,Safe
UNIT 3A,Low Temperature Superheater,90,2024,2024-06-15,5.6,5.48,3.2,439,144.6,8.12,Safe
UNIT 3A,Low Temperature Superheater,90,2025,2025-06-15,5.6,5.47,3.2,439,144.6,9.08,Safe
UNIT 3A,Low Temperature Superheater,91,2021,2021-06-15,5.6,4.89,3.2,430,142.2,43.91,Watch
UNIT 3A,Low Temperature Superheater,91,2022,2022-06-15,5.6,4.72,3.2,430,142.2,55.43,Watch
UNIT 3A,Low Temperature Superheater,91,2023,2023-06-15,5.6,4.59,3.2,430,142.2,69.26,Watch
UNIT 3A,Low Temperature Superheater,91,2024,2024-06-15,5.6,4.21,3.2,430,142.2,81.55,Critical
UNIT 3A,Low Temperature Superheater,91,2025,2025-06-15,5.6,4.01,3.2,430,142.2,94.5,Critical
UNIT 3A,Low Temperature Superheater,92,2021,2021-06-15,5.6,5.51,3.2,442,150.5,5.75,Safe
UNIT 3A,Low Temperature Superheater,92,2022,2022-06-15,5.6,5.47,3.2,442,150.5,7.66,Safe
UNIT 3A,Low Temperature Superheater,92,2023,2023-06-15,5.6,5.47,3.2,442,150.5,9.48,Safe
UNIT 3A,Low Temperature Superheater,92,2024,2024-06-15,5.6,5.44,3.2,442,150.5,11.37,Safe
UNIT 3A,Low Temperature Superheater,92,2025,2025-06-15,5.6,5.41,3.2,442,150.5,13.45,Safe
UNIT 3A,Low Temperature Superheater,93,2021,2021-06-15,5.6,5.57,3.2,431,151,2.07,Safe
UNIT 3A,Low Temperature Superheater,93,2022,2022-06-15,5.6,5.55,3.2,431,151,3.11,Safe
UNIT 3A,Low Temperature Superheater,93,2023,2023-06-15,5.6,5.55,3.2,431,151,4.11,Safe
UNIT 3A,Low Temperature Superheater,93,2024,2024-06-15,5.6,5.53,3.2,431,151,5.41,Safe
UNIT 3A,Low Temperature Superheater,93,2025,2025-06-15,5.6,5.49,3.2,431,151,6.41,Safe
UNIT 3A,Low Temperature Superheater,94,2021,2021-06-15,5.6,5.49,3.2,451,141.5,7.48,Safe
UNIT 3A,Low Temperature Superheater,94,2022,2022-06-15,5.6,5.43,3.2,451,141.5,9.95,Safe
UNIT 3A,Low Temperature Superheater,94,2023,2023-06-15,5.6,5.42,3.2,451,141.5,12.51,Safe
UNIT 3A,Low Temperature Superheater,94,2024,2024-06-15,5.6,5.38,3.2,451,141.5,15.03,Safe
UNIT 3A,Low Temperature Superheater,94,2025,2025-06-15,5.6,5.3,3.2,451,141.5,17.4,Safe
UNIT 3A,Low Temperature Superheater,95,2021,2021-06-15,5.6,4.89,3.2,465,141.2,41.3,Watch
UNIT 3A,Low Temperature Superheater,95,2022,2022-06-15,5.6,4.82,3.2,465,141.2,51.24,Watch
UNIT 3A,Low Temperature Superheater,95,2023,2023-06-15,5.6,4.52,3.2,465,141.2,61.18,Watch
UNIT 3A,Low Temperature Superheater,95,2024,2024-06-15,5.6,4.48,3.2,465,141.2,70.46,Watch
UNIT 3A,Low Temperature Superheater,95,2025,2025-06-15,5.6,4.19,3.2,465,141.2,79.8,Watch
UNIT 3A,Low Temperature Superheater,96,2021,2021-06-15,5.6,5.18,3.2,464,146.1,24.58,Safe
UNIT 3A,Low Temperature Superheater,96,2022,2022-06-15,5.6,5.11,3.2,464,146.1,32.42,Safe
UNIT 3A,Low Temperature Superheater,96,2023,2023-06-15,5.6,4.97,3.2,464,146.1,40.62,Watch
UNIT 3A,Low Temperature Superheater,96,2024,2024-06-15,5.6,4.95,3.2,464,146.1,47.45,Watch
UNIT 3A,Low Temperature Superheater,96,2025,2025-06-15,5.6,4.72,3.2,464,146.1,54.74,Watch
UNIT 3A,Low Temperature Superheater,97,2021,2021-06-15,5.6,5.04,3.2,439,140.4,36.31,Safe
UNIT 3A,Low Temperature Superheater,97,2022,2022-06-15,5.6,4.9,3.2,439,140.4,47.44,Watch
UNIT 3A,Low Temperature Superheater,97,2023,2023-06-15,5.6,4.7,3.2,439,140.4,58.42,Watch
UNIT 3A,Low Temperature Superheater,97,2024,2024-06-15,5.6,4.61,3.2,439,140.4,72.3,Watch
UNIT 3A,Low Temperature Superheater,97,2025,2025-06-15,5.6,4.22,3.2,439,140.4,86.06,Critical
UNIT 3A,Low Temperature Superheater,98,2021,2021-06-15,5.6,5.5,3.2,458,151.7,5.68,Safe
UNIT 3A,Low Temperature Superheater,98,2022,2022-06-15,5.6,5.48,3.2,458,151.7,7.12,Safe
UNIT 3A,Low Temperature Superheater,98,2023,2023-06-15,5.6,5.47,3.2,458,151.7,8.49,Safe
UNIT 3A,Low Temperature Superheater,98,2024,2024-06-15,5.6,5.46,3.2,458,151.7,9.8,Safe
UNIT 3A,Low Temperature Superheater,98,2025,2025-06-15,5.6,5.4,3.2,458,151.7,11.4,Safe
UNIT 3A,Low Temperature Superheater,99,2021,2021-06-15,5.6,5.02,3.2,440,149.8,42.19,Watch
UNIT 3A,Low Temperature Superheater,99,2022,2022-06-15,5.6,4.73,3.2,440,149.8,53.73,Watch
UNIT 3A,Low Temperature Superheater,99,2023,2023-06-15,5.6,4.44,3.2,440,149.8,65.54,Watch
UNIT 3A,Low Temperature Superheater,99,2024,2024-06-15,5.6,4.18,3.2,440,149.8,80.08,Critical
UNIT 3A,Low Temperature Superheater,99,2025,2025-06-15,5.6,4.07,3.2,440,149.8,92.19,Critical
UNIT 3A,Low Temperature Superheater,100,2021,2021-06-15,5.6,5.2,3.2,468,145.6,22.48,Safe
UNIT 3A,Low Temperature Superheater,100,2022,2022-06-15,5.6,5.15,3.2,468,145.6,30.83,Safe
UNIT 3A,Low Temperature Superheater,100,2023,2023-06-15,5.6,5.06,3.2,468,145.6,38.46,Safe
UNIT 3A,Low Temperature Superheater,100,2024,2024-06-15,5.6,4.98,3.2,468,145.6,45.52,Watch
UNIT 3A,Low Temperature Superheater,100,2025,2025-06-15,5.6,4.73,3.2,468,145.6,53.4,Watch
UNIT 3A,Low Temperature Superheater,101,2021,2021-06-15,5.6,5.51,3.2,451,145.6,5.94,Safe
UNIT 3A,Low Temperature Superheater,101,2022,2022-06-15,5.6,5.5,3.2,451,145.6,6.94,Safe
UNIT 3A,Low Temperature Superheater,101,2023,2023-06-15,5.6,5.49,3.2,451,145.6,8.01,Safe
UNIT 3A,Low Temperature Superheater,101,2024,2024-06-15,5.6,5.46,3.2,451,145.6,9.32,Safe
UNIT 3A,Low Temperature Superheater,101,2025,2025-06-15,5.6,5.41,3.2,451,145.6,10.47,Safe
UNIT 3A,Low Temperature Superheater,102,2021,2021-06-15,5.6,5.24,3.2,435,142.7,22.67,Safe
UNIT 3A,Low Temperature Superheater,102,2022,2022-06-15,5.6,5.04,3.2,435,142.7,32.67,Safe
UNIT 3A,Low Temperature Superheater,102,2023,2023-06-15,5.6,4.93,3.2,435,142.7,41.48,Watch
UNIT 3A,Low Temperature Superheater,102,2024,2024-06-15,5.6,4.66,3.2,435,142.7,52.35,Watch
UNIT 3A,Low Temperature Superheater,102,2025,2025-06-15,5.6,4.72,3.2,435,142.7,61.48,Watch
UNIT 3A,Low Temperature Superheater,103,2021,2021-06-15,5.6,5.59,3.2,464,148.5,0.62,Safe
UNIT 3A,Low Temperature Superheater,103,2022,2022-06-15,5.6,5.58,3.2,464,148.5,1.6,Safe
UNIT 3A,Low Temperature Superheater,103,2023,2023-06-15,5.6,5.56,3.2,464,148.5,2.4,Safe
UNIT 3A,Low Temperature Superheater,103,2024,2024-06-15,5.6,5.55,3.2,464,148.5,3.38,Safe
UNIT 3A,Low Temperature Superheater,103,2025,2025-06-15,5.6,5.54,3.2,464,148.5,4.31,Safe
UNIT 3A,Low Temperature Superheater,104,2021,2021-06-15,5.6,5.03,3.2,462,140.4,33.89,Safe
UNIT 3A,Low Temperature Superheater,104,2022,2022-06-15,5.6,4.87,3.2,462,140.4,48.57,Watch
UNIT 3A,Low Temperature Superheater,104,2023,2023-06-15,5.6,4.68,3.2,462,140.4,65.25,Watch
UNIT 3A,Low Temperature Superheater,104,2024,2024-06-15,5.6,4.41,3.2,462,140.4,81.26,Critical
UNIT 3A,Low Temperature Superheater,104,2025,2025-06-15,5.6,4.04,3.2,462,140.4,94.75,Critical
UNIT 3A,Low Temperature Superheater,105,2021,2021-06-15,5.6,5.48,3.2,431,143.5,6.79,Safe
UNIT 3A,Low Temperature Superheater,105,2022,2022-06-15,5.6,5.44,3.2,431,143.5,9.57,Safe
UNIT 3A,Low Temperature Superheater,105,2023,2023-06-15,5.6,5.42,3.2,431,143.5,12.67,Safe
UNIT 3A,Low Temperature Superheater,105,2024,2024-06-15,5.6,5.35,3.2,431,143.5,15.17,Safe
UNIT 3A,Low Temperature Superheater,105,2025,2025-06-15,5.6,5.34,3.2,431,143.5,18.07,Safe
UNIT 3A,Low Temperature Superheater,106,2021,2021-06-15,5.6,5.57,3.2,443,150.9,1.94,Safe
UNIT 3A,Low Temperature Superheater,106,2022,2022-06-15,5.6,5.55,3.2,443,150.9,3.72,Safe
UNIT 3A,Low Temperature Superheater,106,2023,2023-06-15,5.6,5.51,3.2,443,150.9,5.48,Safe
UNIT 3A,Low Temperature Superheater,106,2024,2024-06-15,5.6,5.5,3.2,443,150.9,7.14,Safe
UNIT 3A,Low Temperature Superheater,106,2025,2025-06-15,5.6,5.47,3.2,443,150.9,8.49,Safe
UNIT 3A,Low Temperature Superheater,107,2021,2021-06-15,5.6,5.22,3.2,438,147.6,21.84,Safe
UNIT 3A,Low Temperature Superheater,107,2022,2022-06-15,5.6,5.09,3.2,438,147.6,31.38,Safe
UNIT 3A,Low Temperature Superheater,107,2023,2023-06-15,5.6,4.86,3.2,438,147.6,41.76,Watch
UNIT 3A,Low Temperature Superheater,107,2024,2024-06-15,5.6,4.88,3.2,438,147.6,50.99,Watch
UNIT 3A,Low Temperature Superheater,107,2025,2025-06-15,5.6,4.74,3.2,438,147.6,62.57,Watch
UNIT 3A,Low Temperature Superheater,108,2021,2021-06-15,5.6,5.17,3.2,468,148.3,27.17,Safe
UNIT 3A,Low Temperature Superheater,108,2022,2022-06-15,5.6,5.03,3.2,468,148.3,33.92,Safe
UNIT 3A,Low Temperature Superheater,108,2023,2023-06-15,5.6,4.99,3.2,468,148.3,41.73,Watch
UNIT 3A,Low Temperature Superheater,108,2024,2024-06-15,5.6,4.89,3.2,468,148.3,48.18,Watch
UNIT 3A,Low Temperature Superheater,108,2025,2025-06-15,5.6,4.77,3.2,468,148.3,55.53,Watch
UNIT 3A,Low Temperature Superheater,109,2021,2021-06-15,5.6,5.5,3.2,441,147.1,6.63,Safe
UNIT 3A,Low Temperature Superheater,109,2022,2022-06-15,5.6,5.47,3.2,441,147.1,8.78,Safe
UNIT 3A,Low Temperature Superheater,109,2023,2023-06-15,5.6,5.43,3.2,441,147.1,11.14,Safe
UNIT 3A,Low Temperature Superheater,109,2024,2024-06-15,5.6,5.41,3.2,441,147.1,13.04,Safe
UNIT 3A,Low Temperature Superheater,109,2025,2025-06-15,5.6,5.33,3.2,441,147.1,15.2,Safe
UNIT 3A,Low Temperature Superheater,110,2021,2021-06-15,5.6,5.16,3.2,451,152.7,31.61,Safe
UNIT 3A,Low Temperature Superheater,110,2022,2022-06-15,5.6,4.92,3.2,451,152.7,40.02,Watch
UNIT 3A,Low Temperature Superheater,110,2023,2023-06-15,5.6,4.84,3.2,451,152.7,48.8,Watch
UNIT 3A,Low Temperature Superheater,110,2024,2024-06-15,5.6,4.68,3.2,451,152.7,57.49,Watch
UNIT 3A,Low Temperature Superheater,110,2025,2025-06-15,5.6,4.73,3.2,451,152.7,64.89,Watch
UNIT 3A,Low Temperature Superheater,111,2021,2021-06-15,5.6,5.19,3.2,454,140.5,29.95,Safe
UNIT 3A,Low Temperature Superheater,111,2022,2022-06-15,5.6,5,3.2,454,140.5,38.44,Safe
UNIT 3A,Low Temperature Superheater,111,2023,2023-06-15,5.6,4.82,3.2,454,140.5,45.67,Watch
UNIT 3A,Low Temperature Superheater,111,2024,2024-06-15,5.6,4.88,3.2,454,140.5,53.06,Watch
UNIT 3A,Low Temperature Superheater,111,2025,2025-06-15,5.6,4.6,3.2,454,140.5,61.75,Watch
UNIT 3A,Low Temperature Superheater,112,2021,2021-06-15,5.6,5.6,3.2,464,149.4,0.27,Safe
UNIT 3A,Low Temperature Superheater,112,2022,2022-06-15,5.6,5.55,3.2,464,149.4,3.06,Safe
UNIT 3A,Low Temperature Superheater,112,2023,2023-06-15,5.6,5.52,3.2,464,149.4,5.77,Safe
UNIT 3A,Low Temperature Superheater,112,2024,2024-06-15,5.6,5.47,3.2,464,149.4,8.83,Safe
UNIT 3A,Low Temperature Superheater,112,2025,2025-06-15,5.6,5.42,3.2,464,149.4,11.96,Safe
UNIT 3A,Low Temperature Superheater,113,2021,2021-06-15,5.6,5.51,3.2,467,147.2,5.63,Safe
UNIT 3A,Low Temperature Superheater,113,2022,2022-06-15,5.6,5.48,3.2,467,147.2,7.32,Safe
UNIT 3A,Low Temperature Superheater,113,2023,2023-06-15,5.6,5.45,3.2,467,147.2,8.93,Safe
UNIT 3A,Low Temperature Superheater,113,2024,2024-06-15,5.6,5.44,3.2,467,147.2,10.53,Safe
UNIT 3A,Low Temperature Superheater,113,2025,2025-06-15,5.6,5.38,3.2,467,147.2,12.23,Safe
UNIT 3A,Low Temperature Superheater,114,2021,2021-06-15,5.6,5.17,3.2,462,146.7,28.27,Safe
UNIT 3A,Low Temperature Superheater,114,2022,2022-06-15,5.6,4.99,3.2,462,146.7,34.84,Safe
UNIT 3A,Low Temperature Superheater,114,2023,2023-06-15,5.6,4.92,3.2,462,146.7,41.93,Watch
UNIT 3A,Low Temperature Superheater,114,2024,2024-06-15,5.6,4.94,3.2,462,146.7,48.3,Watch
UNIT 3A,Low Temperature Superheater,114,2025,2025-06-15,5.6,4.78,3.2,462,146.7,54.57,Watch
UNIT 3A,Low Temperature Superheater,115,2021,2021-06-15,5.6,5.32,3.2,442,141.8,20.08,Safe
UNIT 3A,Low Temperature Superheater,115,2022,2022-06-15,5.6,5.16,3.2,442,141.8,26.8,Safe
UNIT 3A,Low Temperature Superheater,115,2023,2023-06-15,5.6,5.02,3.2,442,141.8,35.72,Safe
UNIT 3A,Low Temperature Superheater,115,2024,2024-06-15,5.6,4.83,3.2,442,141.8,42.66,Watch
UNIT 3A,Low Temperature Superheater,115,2025,2025-06-15,5.6,4.8,3.2,442,141.8,51.69,Watch
UNIT 3A,Low Temperature Superheater,116,2021,2021-06-15,5.6,4.83,3.2,444,151.7,47.38,Watch
UNIT 3A,Low Temperature Superheater,116,2022,2022-06-15,5.6,4.49,3.2,444,151.7,61.9,Watch
UNIT 3A,Low Temperature Superheater,116,2023,2023-06-15,5.6,4.57,3.2,444,151.7,74.14,Watch
UNIT 3A,Low Temperature Superheater,116,2024,2024-06-15,5.6,4.36,3.2,444,151.7,89.58,Critical
UNIT 3A,Low Temperature Superheater,116,2025,2025-06-15,5.6,4.15,3.2,444,151.7,99.5,Critical
UNIT 3A,Low Temperature Superheater,117,2021,2021-06-15,5.6,5.16,3.2,432,144.6,24.81,Safe
UNIT 3A,Low Temperature Superheater,117,2022,2022-06-15,5.6,5,3.2,432,144.6,33.82,Safe
UNIT 3A,Low Temperature Superheater,117,2023,2023-06-15,5.6,5.04,3.2,432,144.6,42.19,Watch
UNIT 3A,Low Temperature Superheater,117,2024,2024-06-15,5.6,4.71,3.2,432,144.6,51.7,Watch
UNIT 3A,Low Temperature Superheater,117,2025,2025-06-15,5.6,4.64,3.2,432,144.6,59.3,Watch
UNIT 3A,Low Temperature Superheater,118,2021,2021-06-15,5.6,5.2,3.2,452,140.2,22.92,Safe
UNIT 3A,Low Temperature Superheater,118,2022,2022-06-15,5.6,5.06,3.2,452,140.2,31.61,Safe
UNIT 3A,Low Temperature Superheater,118,2023,2023-06-15,5.6,4.87,3.2,452,140.2,40.9,Watch
UNIT 3A,Low Temperature Superheater,118,2024,2024-06-15,5.6,4.85,3.2,452,140.2,49.45,Watch
UNIT 3A,Low Temperature Superheater,118,2025,2025-06-15,5.6,4.67,3.2,452,140.2,57.59,Watch
UNIT 3A,Low Temperature Superheater,119,2021,2021-06-15,5.6,5.58,3.2,461,152.4,1.05,Safe
UNIT 3A,Low Temperature Superheater,119,2022,2022-06-15,5.6,5.56,3.2,461,152.4,2.72,Safe
UNIT 3A,Low Temperature Superheater,119,2023,2023-06-15,5.6,5.53,3.2,461,152.4,4.43,Safe
UNIT 3A,Low Temperature Superheater,119,2024,2024-06-15,5.6,5.52,3.2,461,152.4,6.03,Safe
UNIT 3A,Low Temperature Superheater,119,2025,2025-06-15,5.6,5.47,3.2,461,152.4,7.46,Safe
UNIT 3A,Low Temperature Superheater,120,2021,2021-06-15,5.6,5.23,3.2,465,150.8,24.94,Safe
UNIT 3A,Low Temperature Superheater,120,2022,2022-06-15,5.6,5.03,3.2,465,150.8,32.64,Safe
UNIT 3A,Low Temperature Superheater,120,2023,2023-06-15,5.6,4.93,3.2,465,150.8,39.47,Safe
UNIT 3A,Low Temperature Superheater,120,2024,2024-06-15,5.6,4.9,3.2,465,150.8,45.83,Watch
UNIT 3A,Low Temperature Superheater,120,2025,2025-06-15,5.6,4.9,3.2,465,150.8,52.14,Watch
UNIT 3A,Low Temperature Superheater,121,2021,2021-06-15,5.6,4.88,3.2,454,154.2,45.37,Watch
UNIT 3A,Low Temperature Superheater,121,2022,2022-06-15,5.6,4.82,3.2,454,154.2,55.48,Watch
UNIT 3A,Low Temperature Superheater,121,2023,2023-06-15,5.6,4.62,3.2,454,154.2,65.33,Watch
UNIT 3A,Low Temperature Superheater,121,2024,2024-06-15,5.6,4.25,3.2,454,154.2,76.33,Watch
UNIT 3A,Low Temperature Superheater,121,2025,2025-06-15,5.6,4.22,3.2,454,154.2,85.18,Critical
UNIT 3A,Low Temperature Superheater,122,2021,2021-06-15,5.6,5.52,3.2,452,152,5.23,Safe
UNIT 3A,Low Temperature Superheater,122,2022,2022-06-15,5.6,5.51,3.2,452,152,6.31,Safe
UNIT 3A,Low Temperature Superheater,122,2023,2023-06-15,5.6,5.5,3.2,452,152,7.52,Safe
UNIT 3A,Low Temperature Superheater,122,2024,2024-06-15,5.6,5.48,3.2,452,152,8.5,Safe
UNIT 3A,Low Temperature Superheater,122,2025,2025-06-15,5.6,5.44,3.2,452,152,9.68,Safe
UNIT 3A,Low Temperature Superheater,123,2021,2021-06-15,5.6,4.82,3.2,464,140.4,44,Watch
UNIT 3A,Low Temperature Superheater,123,2022,2022-06-15,5.6,4.77,3.2,464,140.4,53.21,Watch
UNIT 3A,Low Temperature Superheater,123,2023,2023-06-15,5.6,4.55,3.2,464,140.4,62.72,Watch
UNIT 3A,Low Temperature Superheater,123,2024,2024-06-15,5.6,4.48,3.2,464,140.4,73.86,Watch
UNIT 3A,Low Temperature Superheater,123,2025,2025-06-15,5.6,4.11,3.2,464,140.4,84.63,Critical
UNIT 3A,Low Temperature Superheater,124,2021,2021-06-15,5.6,5.19,3.2,446,140.5,30.64,Safe
UNIT 3A,Low Temperature Superheater,124,2022,2022-06-15,5.6,4.94,3.2,446,140.5,38.18,Safe
UNIT 3A,Low Temperature Superheater,124,2023,2023-06-15,5.6,4.94,3.2,446,140.5,45.58,Watch
UNIT 3A,Low Temperature Superheater,124,2024,2024-06-15,5.6,4.84,3.2,446,140.5,54.17,Watch
UNIT 3A,Low Temperature Superheater,124,2025,2025-06-15,5.6,4.64,3.2,446,140.5,61.95,Watch
UNIT 3A,Low Temperature Superheater,125,2021,2021-06-15,5.6,5.12,3.2,441,147.1,34.62,Safe
UNIT 3A,Low Temperature Superheater,125,2022,2022-06-15,5.6,4.84,3.2,441,147.1,48.74,Watch
UNIT 3A,Low Temperature Superheater,125,2023,2023-06-15,5.6,4.68,3.2,441,147.1,63.98,Watch
UNIT 3A,Low Temperature Superheater,125,2024,2024-06-15,5.6,4.33,3.2,441,147.1,82.13,Critical
UNIT 3A,Low Temperature Superheater,125,2025,2025-06-15,5.6,4.21,3.2,441,147.1,99.5,Critical
UNIT 3A,Low Temperature Superheater,126,2021,2021-06-15,5.6,5.1,3.2,464,142.8,36.32,Safe
UNIT 3A,Low Temperature Superheater,126,2022,2022-06-15,5.6,4.8,3.2,464,142.8,47.82,Watch
UNIT 3A,Low Temperature Superheater,126,2023,2023-06-15,5.6,4.52,3.2,464,142.8,60.13,Watch
UNIT 3A,Low Temperature Superheater,126,2024,2024-06-15,5.6,4.53,3.2,464,142.8,72.05,Watch
UNIT 3A,Low Temperature Superheater,126,2025,2025-06-15,5.6,4.28,3.2,464,142.8,84.73,Critical
UNIT 3A,Low Temperature Superheater,127,2021,2021-06-15,5.6,5.55,3.2,470,140,3.27,Safe
UNIT 3A,Low Temperature Superheater,127,2022,2022-06-15,5.6,5.54,3.2,470,140,4.04,Safe
UNIT 3A,Low Temperature Superheater,127,2023,2023-06-15,5.6,5.53,3.2,470,140,4.84,Safe
UNIT 3A,Low Temperature Superheater,127,2024,2024-06-15,5.6,5.51,3.2,470,140,5.76,Safe
UNIT 3A,Low Temperature Superheater,127,2025,2025-06-15,5.6,5.49,3.2,470,140,6.68,Safe
UNIT 3A,Low Temperature Superheater,128,2021,2021-06-15,5.6,5.48,3.2,463,142.8,6.63,Safe
UNIT 3A,Low Temperature Superheater,128,2022,2022-06-15,5.6,5.47,3.2,463,142.8,8.33,Safe
UNIT 3A,Low Temperature Superheater,128,2023,2023-06-15,5.6,5.44,3.2,463,142.8,9.99,Safe
UNIT 3A,Low Temperature Superheater,128,2024,2024-06-15,5.6,5.41,3.2,463,142.8,11.73,Safe
UNIT 3A,Low Temperature Superheater,128,2025,2025-06-15,5.6,5.39,3.2,463,142.8,13.25,Safe
UNIT 3A,Low Temperature Superheater,129,2021,2021-06-15,5.6,5.58,3.2,433,146.9,1.44,Safe
UNIT 3A,Low Temperature Superheater,129,2022,2022-06-15,5.6,5.54,3.2,433,146.9,3.55,Safe
UNIT 3A,Low Temperature Superheater,129,2023,2023-06-15,5.6,5.52,3.2,433,146.9,5.7,Safe
UNIT 3A,Low Temperature Superheater,129,2024,2024-06-15,5.6,5.48,3.2,433,146.9,7.47,Safe
UNIT 3A,Low Temperature Superheater,129,2025,2025-06-15,5.6,5.47,3.2,433,146.9,9.32,Safe
UNIT 3A,Low Temperature Superheater,130,2021,2021-06-15,5.6,4.9,3.2,460,142.4,47.87,Watch
UNIT 3A,Low Temperature Superheater,130,2022,2022-06-15,5.6,4.52,3.2,460,142.4,60.47,Watch
UNIT 3A,Low Temperature Superheater,130,2023,2023-06-15,5.6,4.37,3.2,460,142.4,70.75,Watch
UNIT 3A,Low Temperature Superheater,130,2024,2024-06-15,5.6,4.24,3.2,460,142.4,80.73,Critical
UNIT 3A,Low Temperature Superheater,130,2025,2025-06-15,5.6,4.23,3.2,460,142.4,90.28,Critical
UNIT 3A,Low Temperature Superheater,131,2021,2021-06-15,5.6,5.53,3.2,448,140.7,3.72,Safe
UNIT 3A,Low Temperature Superheater,131,2022,2022-06-15,5.6,5.54,3.2,448,140.7,4.52,Safe
UNIT 3A,Low Temperature Superheater,131,2023,2023-06-15,5.6,5.52,3.2,448,140.7,5.29,Safe
UNIT 3A,Low Temperature Superheater,131,2024,2024-06-15,5.6,5.51,3.2,448,140.7,6.05,Safe
UNIT 3A,Low Temperature Superheater,131,2025,2025-06-15,5.6,5.49,3.2,448,140.7,6.91,Safe
UNIT 3A,Low Temperature Superheater,132,2021,2021-06-15,5.6,5.53,3.2,458,153.4,4.98,Safe
UNIT 3A,Low Temperature Superheater,132,2022,2022-06-15,5.6,5.48,3.2,458,153.4,6.5,Safe
UNIT 3A,Low Temperature Superheater,132,2023,2023-06-15,5.6,5.46,3.2,458,153.4,7.97,Safe
UNIT 3A,Low Temperature Superheater,132,2024,2024-06-15,5.6,5.45,3.2,458,153.4,9.35,Safe
UNIT 3A,Low Temperature Superheater,132,2025,2025-06-15,5.6,5.46,3.2,458,153.4,10.73,Safe
UNIT 3A,Low Temperature Superheater,133,2021,2021-06-15,5.6,5.16,3.2,437,154.5,27.84,Safe
UNIT 3A,Low Temperature Superheater,133,2022,2022-06-15,5.6,4.93,3.2,437,154.5,39.79,Safe
UNIT 3A,Low Temperature Superheater,133,2023,2023-06-15,5.6,4.78,3.2,437,154.5,50.25,Watch
UNIT 3A,Low Temperature Superheater,133,2024,2024-06-15,5.6,4.81,3.2,437,154.5,59.69,Watch
UNIT 3A,Low Temperature Superheater,133,2025,2025-06-15,5.6,4.54,3.2,437,154.5,69.33,Watch
UNIT 3A,Low Temperature Superheater,134,2021,2021-06-15,5.6,4.86,3.2,467,149.8,42.53,Watch
UNIT 3A,Low Temperature Superheater,134,2022,2022-06-15,5.6,4.61,3.2,467,149.8,56.89,Watch
UNIT 3A,Low Temperature Superheater,134,2023,2023-06-15,5.6,4.61,3.2,467,149.8,69.94,Watch
UNIT 3A,Low Temperature Superheater,134,2024,2024-06-15,5.6,4.42,3.2,467,149.8,84.21,Critical
UNIT 3A,Low Temperature Superheater,134,2025,2025-06-15,5.6,4.19,3.2,467,149.8,95.5,Critical
UNIT 3A,Low Temperature Superheater,135,2021,2021-06-15,5.6,5.51,3.2,450,144.4,6.22,Safe
UNIT 3A,Low Temperature Superheater,135,2022,2022-06-15,5.6,5.48,3.2,450,144.4,7.01,Safe
UNIT 3A,Low Temperature Superheater,135,2023,2023-06-15,5.6,5.49,3.2,450,144.4,7.73,Safe
UNIT 3A,Low Temperature Superheater,135,2024,2024-06-15,5.6,5.46,3.2,450,144.4,8.44,Safe
UNIT 3A,Low Temperature Superheater,135,2025,2025-06-15,5.6,5.45,3.2,450,144.4,9.39,Safe
UNIT 3A,Low Temperature Superheater,136,2021,2021-06-15,5.6,5.59,3.2,437,147.6,0.53,Safe
UNIT 3A,Low Temperature Superheater,136,2022,2022-06-15,5.6,5.57,3.2,437,147.6,1.87,Safe
UNIT 3A,Low Temperature Superheater,136,2023,2023-06-15,5.6,5.55,3.2,437,147.6,3.16,Safe
UNIT 3A,Low Temperature Superheater,136,2024,2024-06-15,5.6,5.54,3.2,437,147.6,4.47,Safe
UNIT 3A,Low Temperature Superheater,136,2025,2025-06-15,5.6,5.5,3.2,437,147.6,5.98,Safe
UNIT 3A,Low Temperature Superheater,137,2021,2021-06-15,5.6,5.13,3.2,435,140.9,33.54,Safe
UNIT 3A,Low Temperature Superheater,137,2022,2022-06-15,5.6,4.84,3.2,435,140.9,44.38,Watch
UNIT 3A,Low Temperature Superheater,137,2023,2023-06-15,5.6,4.71,3.2,435,140.9,55.02,Watch
UNIT 3A,Low Temperature Superheater,137,2024,2024-06-15,5.6,4.5,3.2,435,140.9,65.49,Watch
UNIT 3A,Low Temperature Superheater,137,2025,2025-06-15,5.6,4.32,3.2,435,140.9,76.45,Watch
UNIT 3A,Low Temperature Superheater,138,2021,2021-06-15,5.6,5.57,3.2,432,141.3,1.7,Safe
UNIT 3A,Low Temperature Superheater,138,2022,2022-06-15,5.6,5.55,3.2,432,141.3,3.48,Safe
UNIT 3A,Low Temperature Superheater,138,2023,2023-06-15,5.6,5.52,3.2,432,141.3,5.22,Safe
UNIT 3A,Low Temperature Superheater,138,2024,2024-06-15,5.6,5.49,3.2,432,141.3,7.52,Safe
UNIT 3A,Low Temperature Superheater,138,2025,2025-06-15,5.6,5.46,3.2,432,141.3,9.39,Safe
UNIT 3A,Low Temperature Superheater,139,2021,2021-06-15,5.6,5.6,3.2,465,140.5,0.22,Safe
UNIT 3A,Low Temperature Superheater,139,2022,2022-06-15,5.6,5.55,3.2,465,140.5,2.7,Safe
UNIT 3A,Low Temperature Superheater,139,2023,2023-06-15,5.6,5.52,3.2,465,140.5,4.7,Safe
UNIT 3A,Low Temperature Superheater,139,2024,2024-06-15,5.6,5.48,3.2,465,140.5,7.09,Safe
UNIT 3A,Low Temperature Superheater,139,2025,2025-06-15,5.6,5.46,3.2,465,140.5,9.13,Safe
UNIT 3A,Low Temperature Superheater,140,2021,2021-06-15,5.6,4.99,3.2,450,146.5,42.54,Watch
UNIT 3A,Low Temperature Superheater,140,2022,2022-06-15,5.6,4.78,3.2,450,146.5,52.67,Watch
UNIT 3A,Low Temperature Superheater,140,2023,2023-06-15,5.6,4.53,3.2,450,146.5,63.2,Watch
UNIT 3A,Low Temperature Superheater,140,2024,2024-06-15,5.6,4.36,3.2,450,146.5,73.39,Watch
UNIT 3A,Low Temperature Superheater,140,2025,2025-06-15,5.6,4.5,3.2,450,146.5,81.47,Critical
UNIT 3A,Low Temperature Superheater,141,2021,2021-06-15,5.6,5.18,3.2,467,143.4,27.32,Safe
UNIT 3A,Low Temperature Superheater,141,2022,2022-06-15,5.6,5.02,3.2,467,143.4,35.05,Safe
UNIT 3A,Low Temperature Superheater,141,2023,2023-06-15,5.6,4.95,3.2,467,143.4,42.08,Watch
UNIT 3A,Low Temperature Superheater,141,2024,2024-06-15,5.6,4.8,3.2,467,143.4,49.36,Watch
UNIT 3A,Low Temperature Superheater,141,2025,2025-06-15,5.6,4.8,3.2,467,143.4,56.5,Watch
UNIT 3A,Low Temperature Superheater,142,2021,2021-06-15,5.6,5.26,3.2,438,143.5,23.28,Safe
UNIT 3A,Low Temperature Superheater,142,2022,2022-06-15,5.6,5.09,3.2,438,143.5,33.8,Safe
UNIT 3A,Low Temperature Superheater,142,2023,2023-06-15,5.6,4.93,3.2,438,143.5,42.53,Watch
UNIT 3A,Low Temperature Superheater,142,2024,2024-06-15,5.6,4.72,3.2,438,143.5,51.65,Watch
UNIT 3A,Low Temperature Superheater,142,2025,2025-06-15,5.6,4.62,3.2,438,143.5,62.49,Watch
UNIT 3A,Low Temperature Superheater,143,2021,2021-06-15,5.6,5.14,3.2,438,154.5,25.8,Safe
UNIT 3A,Low Temperature Superheater,143,2022,2022-06-15,5.6,5.06,3.2,438,154.5,35.99,Safe
UNIT 3A,Low Temperature Superheater,143,2023,2023-06-15,5.6,4.79,3.2,438,154.5,46.95,Watch
UNIT 3A,Low Temperature Superheater,143,2024,2024-06-15,5.6,4.75,3.2,438,154.5,57.34,Watch
UNIT 3A,Low Temperature Superheater,143,2025,2025-06-15,5.6,4.61,3.2,438,154.5,67.11,Watch
UNIT 3A,Low Temperature Superheater,144,2021,2021-06-15,5.6,5.02,3.2,437,146,33.68,Safe
UNIT 3A,Low Temperature Superheater,144,2022,2022-06-15,5.6,4.9,3.2,437,146,47.71,Watch
UNIT 3A,Low Temperature Superheater,144,2023,2023-06-15,5.6,4.71,3.2,437,146,64.11,Watch
UNIT 3A,Low Temperature Superheater,144,2024,2024-06-15,5.6,4.52,3.2,437,146,80.23,Critical
UNIT 3A,Low Temperature Superheater,144,2025,2025-06-15,5.6,4.07,3.2,437,146,94.3,Critical
UNIT 3A,Low Temperature Superheater,145,2021,2021-06-15,5.6,5.53,3.2,449,151.9,4.55,Safe
UNIT 3A,Low Temperature Superheater,145,2022,2022-06-15,5.6,5.52,3.2,449,151.9,5.79,Safe
UNIT 3A,Low Temperature Superheater,145,2023,2023-06-15,5.6,5.49,3.2,449,151.9,7.04,Safe
UNIT 3A,Low Temperature Superheater,145,2024,2024-06-15,5.6,5.47,3.2,449,151.9,8.2,Safe
UNIT 3A,Low Temperature Superheater,145,2025,2025-06-15,5.6,5.47,3.2,449,151.9,9.29,Safe
UNIT 3A,Low Temperature Superheater,146,2021,2021-06-15,5.6,5.23,3.2,435,150.9,27.81,Safe
UNIT 3A,Low Temperature Superheater,146,2022,2022-06-15,5.6,5.07,3.2,435,150.9,34.45,Safe
UNIT 3A,Low Temperature Superheater,146,2023,2023-06-15,5.6,4.95,3.2,435,150.9,42.14,Watch
UNIT 3A,Low Temperature Superheater,146,2024,2024-06-15,5.6,4.76,3.2,435,150.9,49.96,Watch
UNIT 3A,Low Temperature Superheater,146,2025,2025-06-15,5.6,4.73,3.2,435,150.9,58.45,Watch
UNIT 3A,Low Temperature Superheater,147,2021,2021-06-15,5.6,5.09,3.2,465,153.1,34.37,Safe
UNIT 3A,Low Temperature Superheater,147,2022,2022-06-15,5.6,4.91,3.2,465,153.1,44.08,Watch
UNIT 3A,Low Temperature Superheater,147,2023,2023-06-15,5.6,4.8,3.2,465,153.1,56.53,Watch
UNIT 3A,Low Temperature Superheater,147,2024,2024-06-15,5.6,4.43,3.2,465,153.1,68.28,Watch
UNIT 3A,Low Temperature Superheater,147,2025,2025-06-15,5.6,4.33,3.2,465,153.1,78.81,Watch
UNIT 3A,Low Temperature Superheater,148,2021,2021-06-15,5.6,5.24,3.2,446,150.6,21.14,Safe
UNIT 3A,Low Temperature Superheater,148,2022,2022-06-15,5.6,5.14,3.2,446,150.6,28.87,Safe
UNIT 3A,Low Temperature Superheater,148,2023,2023-06-15,5.6,5.1,3.2,446,150.6,36.42,Safe
UNIT 3A,Low Temperature Superheater,148,2024,2024-06-15,5.6,4.98,3.2,446,150.6,45.03,Watch
UNIT 3A,Low Temperature Superheater,148,2025,2025-06-15,5.6,4.82,3.2,446,150.6,53.92,Watch
UNIT 3A,Low Temperature Superheater,149,2021,2021-06-15,5.6,5.1,3.2,443,143,29.01,Safe
UNIT 3A,Low Temperature Superheater,149,2022,2022-06-15,5.6,5.1,3.2,443,143,36.6,Safe
UNIT 3A,Low Temperature Superheater,149,2023,2023-06-15,5.6,4.89,3.2,443,143,44.37,Watch
UNIT 3A,Low Temperature Superheater,149,2024,2024-06-15,5.6,4.69,3.2,443,143,52.61,Watch
UNIT 3A,Low Temperature Superheater,149,2025,2025-06-15,5.6,4.73,3.2,443,143,60.69,Watch
UNIT 3A,Low Temperature Superheater,150,2021,2021-06-15,5.6,5.26,3.2,450,149.1,21.27,Safe
UNIT 3A,Low Temperature Superheater,150,2022,2022-06-15,5.6,5.17,3.2,450,149.1,31.52,Safe
UNIT 3A,Low Temperature Superheater,150,2023,2023-06-15,5.6,4.9,3.2,450,149.1,40.13,Watch
UNIT 3A,Low Temperature Superheater,150,2024,2024-06-15,5.6,4.83,3.2,450,149.1,49.77,Watch
UNIT 3A,Low Temperature Superheater,150,2025,2025-06-15,5.6,4.55,3.2,450,149.1,59.92,Watch
UNIT 3A,Low Temperature Superheater,151,2021,2021-06-15,5.6,5.49,3.2,450,144,7.82,Safe
UNIT 3A,Low Temperature Superheater,151,2022,2022-06-15,5.6,5.44,3.2,450,144,8.96,Safe
UNIT 3A,Low Temperature Superheater,151,2023,2023-06-15,5.6,5.45,3.2,450,144,9.93,Safe
UNIT 3A,Low Temperature Superheater,151,2024,2024-06-15,5.6,5.45,3.2,450,144,10.9,Safe
UNIT 3A,Low Temperature Superheater,151,2025,2025-06-15,5.6,5.44,3.2,450,144,12.03,Safe
UNIT 3A,Low Temperature Superheater,152,2021,2021-06-15,5.6,5.53,3.2,436,154.9,4.24,Safe
UNIT 3A,Low Temperature Superheater,152,2022,2022-06-15,5.6,5.53,3.2,436,154.9,5.37,Safe
UNIT 3A,Low Temperature Superheater,152,2023,2023-06-15,5.6,5.49,3.2,436,154.9,6.29,Safe
UNIT 3A,Low Temperature Superheater,152,2024,2024-06-15,5.6,5.48,3.2,436,154.9,7.31,Safe
UNIT 3A,Low Temperature Superheater,152,2025,2025-06-15,5.6,5.47,3.2,436,154.9,8.45,Safe
UNIT 3A,Low Temperature Superheater,153,2021,2021-06-15,5.6,4.78,3.2,434,140.9,45.94,Watch
UNIT 3A,Low Temperature Superheater,153,2022,2022-06-15,5.6,4.68,3.2,434,140.9,58.28,Watch
UNIT 3A,Low Temperature Superheater,153,2023,2023-06-15,5.6,4.52,3.2,434,140.9,71.14,Watch
UNIT 3A,Low Temperature Superheater,153,2024,2024-06-15,5.6,4.14,3.2,434,140.9,84.55,Critical
UNIT 3A,Low Temperature Superheater,153,2025,2025-06-15,5.6,4.17,3.2,434,140.9,95.49,Critical
UNIT 3A,Low Temperature Superheater,154,2021,2021-06-15,5.6,5.54,3.2,443,154.5,4.18,Safe
UNIT 3A,Low Temperature Superheater,154,2022,2022-06-15,5.6,5.49,3.2,443,154.5,6.57,Safe
UNIT 3A,Low Temperature Superheater,154,2023,2023-06-15,5.6,5.48,3.2,443,154.5,8.79,Safe
UNIT 3A,Low Temperature Superheater,154,2024,2024-06-15,5.6,5.42,3.2,443,154.5,11.1,Safe
UNIT 3A,Low Temperature Superheater,154,2025,2025-06-15,5.6,5.38,3.2,443,154.5,13.06,Safe
UNIT 3A,Low Temperature Superheater,155,2021,2021-06-15,5.6,5.28,3.2,452,149.3,24.12,Safe
UNIT 3A,Low Temperature Superheater,155,2022,2022-06-15,5.6,5.12,3.2,452,149.3,33.69,Safe
UNIT 3A,Low Temperature Superheater,155,2023,2023-06-15,5.6,4.9,3.2,452,149.3,42.6,Watch
UNIT 3A,Low Temperature Superheater,155,2024,2024-06-15,5.6,4.69,3.2,452,149.3,50.96,Watch
UNIT 3A,Low Temperature Superheater,155,2025,2025-06-15,5.6,4.72,3.2,452,149.3,60.45,Watch
UNIT 3A,Low Temperature Superheater,156,2021,2021-06-15,5.6,5.52,3.2,455,153.1,5.57,Safe
UNIT 3A,Low Temperature Superheater,156,2022,2022-06-15,5.6,5.47,3.2,455,153.1,7.45,Safe
UNIT 3A,Low Temperature Superheater,156,2023,2023-06-15,5.6,5.45,3.2,455,153.1,9.28,Safe
UNIT 3A,Low Temperature Superheater,156,2024,2024-06-15,5.6,5.42,3.2,455,153.1,11.51,Safe
UNIT 3A,Low Temperature Superheater,156,2025,2025-06-15,5.6,5.35,3.2,455,153.1,13.84,Safe
UNIT 3A,Low Temperature Superheater,157,2021,2021-06-15,5.6,4.93,3.2,453,153.4,43.47,Watch
UNIT 3A,Low Temperature Superheater,157,2022,2022-06-15,5.6,4.64,3.2,453,153.4,55.43,Watch
UNIT 3A,Low Temperature Superheater,157,2023,2023-06-15,5.6,4.64,3.2,453,153.4,70.5,Watch
UNIT 3A,Low Temperature Superheater,157,2024,2024-06-15,5.6,4.39,3.2,453,153.4,84.81,Critical
UNIT 3A,Low Temperature Superheater,157,2025,2025-06-15,5.6,4.21,3.2,453,153.4,96.14,Critical
UNIT 3A,Low Temperature Superheater,158,2021,2021-06-15,5.6,5.2,3.2,442,146.1,28.87,Safe
UNIT 3A,Low Temperature Superheater,158,2022,2022-06-15,5.6,5,3.2,442,146.1,35.32,Safe
UNIT 3A,Low Temperature Superheater,158,2023,2023-06-15,5.6,4.88,3.2,442,146.1,42.6,Watch
UNIT 3A,Low Temperature Superheater,158,2024,2024-06-15,5.6,4.85,3.2,442,146.1,48.78,Watch
UNIT 3A,Low Temperature Superheater,158,2025,2025-06-15,5.6,4.78,3.2,442,146.1,56.43,Watch
UNIT 3A,Low Temperature Superheater,159,2021,2021-06-15,5.6,5.02,3.2,454,154.3,37.33,Safe
UNIT 3A,Low Temperature Superheater,159,2022,2022-06-15,5.6,4.92,3.2,454,154.3,49.39,Watch
UNIT 3A,Low Temperature Superheater,159,2023,2023-06-15,5.6,4.63,3.2,454,154.3,61.44,Watch
UNIT 3A,Low Temperature Superheater,159,2024,2024-06-15,5.6,4.47,3.2,454,154.3,74.63,Watch
UNIT 3A,Low Temperature Superheater,159,2025,2025-06-15,5.6,4.32,3.2,454,154.3,87.29,Critical
UNIT 3A,Low Temperature Superheater,160,2021,2021-06-15,5.6,5.5,3.2,437,153.1,5.69,Safe
UNIT 3A,Low Temperature Superheater,160,2022,2022-06-15,5.6,5.49,3.2,437,153.1,7.67,Safe
UNIT 3A,Low Temperature Superheater,160,2023,2023-06-15,5.6,5.42,3.2,437,153.1,9.88,Safe
UNIT 3A,Low Temperature Superheater,160,2024,2024-06-15,5.6,5.42,3.2,437,153.1,12.05,Safe
UNIT 3A,Low Temperature Superheater,160,2025,2025-06-15,5.6,5.41,3.2,437,153.1,14.25,Safe
UNIT 3A,Low Temperature Superheater,161,2021,2021-06-15,5.6,5.15,3.2,444,144.9,32.45,Safe
UNIT 3A,Low Temperature Superheater,161,2022,2022-06-15,5.6,4.97,3.2,444,144.9,42.53,Watch
UNIT 3A,Low Temperature Superheater,161,2023,2023-06-15,5.6,4.83,3.2,444,144.9,52.25,Watch
UNIT 3A,Low Temperature Superheater,161,2024,2024-06-15,5.6,4.6,3.2,444,144.9,60.79,Watch
UNIT 3A,Low Temperature Superheater,161,2025,2025-06-15,5.6,4.61,3.2,444,144.9,69.66,Watch
UNIT 3A,Low Temperature Superheater,162,2021,2021-06-15,5.6,5.1,3.2,459,145.2,34.56,Safe
UNIT 3A,Low Temperature Superheater,162,2022,2022-06-15,5.6,4.83,3.2,459,145.2,44.39,Watch
UNIT 3A,Low Temperature Superheater,162,2023,2023-06-15,5.6,4.85,3.2,459,145.2,55.05,Watch
UNIT 3A,Low Temperature Superheater,162,2024,2024-06-15,5.6,4.68,3.2,459,145.2,66.44,Watch
UNIT 3A,Low Temperature Superheater,162,2025,2025-06-15,5.6,4.54,3.2,459,145.2,78.69,Watch
UNIT 3A,Low Temperature Superheater,163,2021,2021-06-15,5.6,5.58,3.2,464,154.7,1.61,Safe
UNIT 3A,Low Temperature Superheater,163,2022,2022-06-15,5.6,5.56,3.2,464,154.7,2.81,Safe
UNIT 3A,Low Temperature Superheater,163,2023,2023-06-15,5.6,5.54,3.2,464,154.7,4.01,Safe
UNIT 3A,Low Temperature Superheater,163,2024,2024-06-15,5.6,5.53,3.2,464,154.7,5.2,Safe
UNIT 3A,Low Temperature Superheater,163,2025,2025-06-15,5.6,5.51,3.2,464,154.7,6.36,Safe
UNIT 3A,Low Temperature Superheater,164,2021,2021-06-15,5.6,5.47,3.2,454,146.9,7.94,Safe
UNIT 3A,Low Temperature Superheater,164,2022,2022-06-15,5.6,5.42,3.2,454,146.9,10.22,Safe
UNIT 3A,Low Temperature Superheater,164,2023,2023-06-15,5.6,5.4,3.2,454,146.9,12.98,Safe
UNIT 3A,Low Temperature Superheater,164,2024,2024-06-15,5.6,5.34,3.2,454,146.9,15.59,Safe
UNIT 3A,Low Temperature Superheater,164,2025,2025-06-15,5.6,5.28,3.2,454,146.9,18.52,Safe
UNIT 3A,Low Temperature Superheater,165,2021,2021-06-15,5.6,5.15,3.2,470,149,27.61,Safe
UNIT 3A,Low Temperature Superheater,165,2022,2022-06-15,5.6,4.99,3.2,470,149,38.55,Safe
UNIT 3A,Low Temperature Superheater,165,2023,2023-06-15,5.6,4.73,3.2,470,149,49.99,Watch
UNIT 3A,Low Temperature Superheater,165,2024,2024-06-15,5.6,4.76,3.2,470,149,60.09,Watch
UNIT 3A,Low Temperature Superheater,165,2025,2025-06-15,5.6,4.46,3.2,470,149,70.61,Watch
UNIT 3A,Low Temperature Superheater,166,2021,2021-06-15,5.6,5.56,3.2,452,153,2.3,Safe
UNIT 3A,Low Temperature Superheater,166,2022,2022-06-15,5.6,5.55,3.2,452,153,3.28,Safe
UNIT 3A,Low Temperature Superheater,166,2023,2023-06-15,5.6,5.53,3.2,452,153,4.26,Safe
UNIT 3A,Low Temperature Superheater,166,2024,2024-06-15,5.6,5.52,3.2,452,153,5.27,Safe
UNIT 3A,Low Temperature Superheater,166,2025,2025-06-15,5.6,5.5,3.2,452,153,6.22,Safe
UNIT 3A,Low Temperature Superheater,167,2021,2021-06-15,5.6,5.56,3.2,458,154.3,2.69,Safe
UNIT 3A,Low Temperature Superheater,167,2022,2022-06-15,5.6,5.53,3.2,458,154.3,4.37,Safe
UNIT 3A,Low Temperature Superheater,167,2023,2023-06-15,5.6,5.51,3.2,458,154.3,6.19,Safe
UNIT 3A,Low Temperature Superheater,167,2024,2024-06-15,5.6,5.47,3.2,458,154.3,7.79,Safe
UNIT 3A,Low Temperature Superheater,167,2025,2025-06-15,5.6,5.45,3.2,458,154.3,9.25,Safe
UNIT 3A,Low Temperature Superheater,168,2021,2021-06-15,5.6,5.6,3.2,444,152.6,0.08,Safe
UNIT 3A,Low Temperature Superheater,168,2022,2022-06-15,5.6,5.56,3.2,444,152.6,2.52,Safe
UNIT 3A,Low Temperature Superheater,168,2023,2023-06-15,5.6,5.52,3.2,444,152.6,4.65,Safe
UNIT 3A,Low Temperature Superheater,168,2024,2024-06-15,5.6,5.48,3.2,444,152.6,7,Safe
UNIT 3A,Low Temperature Superheater,168,2025,2025-06-15,5.6,5.45,3.2,444,152.6,9.21,Safe
UNIT 3A,Low Temperature Superheater,169,2021,2021-06-15,5.6,5.55,3.2,455,149.1,3.13,Safe
UNIT 3A,Low Temperature Superheater,169,2022,2022-06-15,5.6,5.54,3.2,455,149.1,4.11,Safe
UNIT 3A,Low Temperature Superheater,169,2023,2023-06-15,5.6,5.52,3.2,455,149.1,5.04,Safe
UNIT 3A,Low Temperature Superheater,169,2024,2024-06-15,5.6,5.52,3.2,455,149.1,5.81,Safe
UNIT 3A,Low Temperature Superheater,169,2025,2025-06-15,5.6,5.49,3.2,455,149.1,6.67,Safe
UNIT 3A,Low Temperature Superheater,170,2021,2021-06-15,5.6,5.16,3.2,437,150,28.31,Safe
UNIT 3A,Low Temperature Superheater,170,2022,2022-06-15,5.6,4.99,3.2,437,150,38.93,Safe
UNIT 3A,Low Temperature Superheater,170,2023,2023-06-15,5.6,4.89,3.2,437,150,49.19,Watch
UNIT 3A,Low Temperature Superheater,170,2024,2024-06-15,5.6,4.53,3.2,437,150,59.36,Watch
UNIT 3A,Low Temperature Superheater,170,2025,2025-06-15,5.6,4.58,3.2,437,150,69.81,Watch
UNIT 3A,Low Temperature Superheater,171,2021,2021-06-15,5.6,5.28,3.2,457,146.2,24.11,Safe
UNIT 3A,Low Temperature Superheater,171,2022,2022-06-15,5.6,5.16,3.2,457,146.2,32.57,Safe
UNIT 3A,Low Temperature Superheater,171,2023,2023-06-15,5.6,4.88,3.2,457,146.2,41.58,Watch
UNIT 3A,Low Temperature Superheater,171,2024,2024-06-15,5.6,4.73,3.2,457,146.2,51.45,Watch
UNIT 3A,Low Temperature Superheater,171,2025,2025-06-15,5.6,4.68,3.2,457,146.2,61.51,Watch
UNIT 3A,Low Temperature Superheater,172,2021,2021-06-15,5.6,5.52,3.2,457,150.8,4.79,Safe
UNIT 3A,Low Temperature Superheater,172,2022,2022-06-15,5.6,5.52,3.2,457,150.8,5.91,Safe
UNIT 3A,Low Temperature Superheater,172,2023,2023-06-15,5.6,5.5,3.2,457,150.8,7.04,Safe
UNIT 3A,Low Temperature Superheater,172,2024,2024-06-15,5.6,5.48,3.2,457,150.8,8.21,Safe
UNIT 3A,Low Temperature Superheater,172,2025,2025-06-15,5.6,5.46,3.2,457,150.8,9.26,Safe
UNIT 3A,Low Temperature Superheater,173,2021,2021-06-15,5.6,5.18,3.2,435,144.7,26.84,Safe
UNIT 3A,Low Temperature Superheater,173,2022,2022-06-15,5.6,5.06,3.2,435,144.7,34.87,Safe
UNIT 3A,Low Temperature Superheater,173,2023,2023-06-15,5.6,4.94,3.2,435,144.7,42.83,Watch
UNIT 3A,Low Temperature Superheater,173,2024,2024-06-15,5.6,4.9,3.2,435,144.7,49.94,Watch
UNIT 3A,Low Temperature Superheater,173,2025,2025-06-15,5.6,4.69,3.2,435,144.7,56.37,Watch
UNIT 3A,Low Temperature Superheater,174,2021,2021-06-15,5.6,5.17,3.2,467,146.4,24.31,Safe
UNIT 3A,Low Temperature Superheater,174,2022,2022-06-15,5.6,5.04,3.2,467,146.4,35.65,Safe
UNIT 3A,Low Temperature Superheater,174,2023,2023-06-15,5.6,4.97,3.2,467,146.4,45.11,Watch
UNIT 3A,Low Temperature Superheater,174,2024,2024-06-15,5.6,4.68,3.2,467,146.4,54.56,Watch
UNIT 3A,Low Temperature Superheater,174,2025,2025-06-15,5.6,4.54,3.2,467,146.4,64.17,Watch
UNIT 3A,Low Temperature Superheater,175,2021,2021-06-15,5.6,4.92,3.2,451,148.5,37.63,Safe
UNIT 3A,Low Temperature Superheater,175,2022,2022-06-15,5.6,4.75,3.2,451,148.5,51.46,Watch
UNIT 3A,Low Temperature Superheater,175,2023,2023-06-15,5.6,4.5,3.2,451,148.5,62.53,Watch
UNIT 3A,Low Temperature Superheater,175,2024,2024-06-15,5.6,4.27,3.2,451,148.5,76.34,Watch
UNIT 3A,Low Temperature Superheater,175,2025,2025-06-15,5.6,4.36,3.2,451,148.5,88.61,Critical
UNIT 3A,Low Temperature Superheater,176,2021,2021-06-15,5.6,5.23,3.2,450,148.4,24.69,Safe
UNIT 3A,Low Temperature Superheater,176,2022,2022-06-15,5.6,5.06,3.2,450,148.4,33.02,Safe
UNIT 3A,Low Temperature Superheater,176,2023,2023-06-15,5.6,5.05,3.2,450,148.4,40.92,Watch
UNIT 3A,Low Temperature Superheater,176,2024,2024-06-15,5.6,4.84,3.2,450,148.4,49.83,Watch
UNIT 3A,Low Temperature Superheater,176,2025,2025-06-15,5.6,4.71,3.2,450,148.4,57.58,Watch
UNIT 3A,Low Temperature Superheater,177,2021,2021-06-15,5.6,5.49,3.2,445,155,6.99,Safe
UNIT 3A,Low Temperature Superheater,177,2022,2022-06-15,5.6,5.48,3.2,445,155,7.71,Safe
UNIT 3A,Low Temperature Superheater,177,2023,2023-06-15,5.6,5.45,3.2,445,155,8.5,Safe
UNIT 3A,Low Temperature Superheater,177,2024,2024-06-15,5.6,5.45,3.2,445,155,9.39,Safe
UNIT 3A,Low Temperature Superheater,177,2025,2025-06-15,5.6,5.42,3.2,445,155,10.21,Safe
UNIT 3A,Low Temperature Superheater,178,2021,2021-06-15,5.6,5.56,3.2,434,150.6,2.6,Safe
UNIT 3A,Low Temperature Superheater,178,2022,2022-06-15,5.6,5.53,3.2,434,150.6,4.45,Safe
UNIT 3A,Low Temperature Superheater,178,2023,2023-06-15,5.6,5.5,3.2,434,150.6,6.16,Safe
UNIT 3A,Low Temperature Superheater,178,2024,2024-06-15,5.6,5.48,3.2,434,150.6,7.97,Safe
UNIT 3A,Low Temperature Superheater,178,2025,2025-06-15,5.6,5.45,3.2,434,150.6,9.82,Safe
UNIT 3A,Low Temperature Superheater,179,2021,2021-06-15,5.6,5.56,3.2,453,143.1,2.74,Safe
UNIT 3A,Low Temperature Superheater,179,2022,2022-06-15,5.6,5.51,3.2,453,143.1,5.45,Safe
UNIT 3A,Low Temperature Superheater,179,2023,2023-06-15,5.6,5.47,3.2,453,143.1,7.59,Safe
UNIT 3A,Low Temperature Superheater,179,2024,2024-06-15,5.6,5.42,3.2,453,143.1,10.04,Safe
UNIT 3A,Low Temperature Superheater,179,2025,2025-06-15,5.6,5.38,3.2,453,143.1,12.74,Safe
UNIT 3A,Low Temperature Superheater,180,2021,2021-06-15,5.6,5.57,3.2,458,145.8,1.82,Safe
UNIT 3A,Low Temperature Superheater,180,2022,2022-06-15,5.6,5.53,3.2,458,145.8,3.78,Safe
UNIT 3A,Low Temperature Superheater,180,2023,2023-06-15,5.6,5.5,3.2,458,145.8,5.77,Safe
UNIT 3A,Low Temperature Superheater,180,2024,2024-06-15,5.6,5.46,3.2,458,145.8,7.94,Safe
UNIT 3A,Low Temperature Superheater,180,2025,2025-06-15,5.6,5.44,3.2,458,145.8,10.43,Safe
UNIT 3A,Low Temperature Superheater,181,2021,2021-06-15,5.6,5.14,3.2,434,140.4,29.84,Safe
UNIT 3A,Low Temperature Superheater,181,2022,2022-06-15,5.6,4.94,3.2,434,140.4,38.58,Safe
UNIT 3A,Low Temperature Superheater,181,2023,2023-06-15,5.6,4.76,3.2,434,140.4,47.59,Watch
UNIT 3A,Low Temperature Superheater,181,2024,2024-06-15,5.6,4.57,3.2,434,140.4,58.67,Watch
UNIT 3A,Low Temperature Superheater,181,2025,2025-06-15,5.6,4.61,3.2,434,140.4,68.66,Watch
UNIT 3A,Low Temperature Superheater,182,2021,2021-06-15,5.6,5.55,3.2,442,140.9,3.02,Safe
UNIT 3A,Low Temperature Superheater,182,2022,2022-06-15,5.6,5.51,3.2,442,140.9,6.27,Safe
UNIT 3A,Low Temperature Superheater,182,2023,2023-06-15,5.6,5.48,3.2,442,140.9,9.42,Safe
UNIT 3A,Low Temperature Superheater,182,2024,2024-06-15,5.6,5.41,3.2,442,140.9,12.42,Safe
UNIT 3A,Low Temperature Superheater,182,2025,2025-06-15,5.6,5.38,3.2,442,140.9,15.26,Safe
UNIT 3A,Low Temperature Superheater,183,2021,2021-06-15,5.6,5.54,3.2,441,150.7,3.73,Safe
UNIT 3A,Low Temperature Superheater,183,2022,2022-06-15,5.6,5.53,3.2,441,150.7,4.97,Safe
UNIT 3A,Low Temperature Superheater,183,2023,2023-06-15,5.6,5.49,3.2,441,150.7,6.45,Safe
UNIT 3A,Low Temperature Superheater,183,2024,2024-06-15,5.6,5.46,3.2,441,150.7,7.99,Safe
UNIT 3A,Low Temperature Superheater,183,2025,2025-06-15,5.6,5.44,3.2,441,150.7,9.39,Safe
UNIT 3A,Low Temperature Superheater,184,2021,2021-06-15,5.6,5.5,3.2,453,146.2,6.37,Safe
UNIT 3A,Low Temperature Superheater,184,2022,2022-06-15,5.6,5.46,3.2,453,146.2,9.09,Safe
UNIT 3A,Low Temperature Superheater,184,2023,2023-06-15,5.6,5.4,3.2,453,146.2,12.27,Safe
UNIT 3A,Low Temperature Superheater,184,2024,2024-06-15,5.6,5.35,3.2,453,146.2,14.96,Safe
UNIT 3A,Low Temperature Superheater,184,2025,2025-06-15,5.6,5.32,3.2,453,146.2,17.75,Safe
UNIT 3A,Low Temperature Superheater,185,2021,2021-06-15,5.6,5.5,3.2,430,145.9,5.85,Safe
UNIT 3A,Low Temperature Superheater,185,2022,2022-06-15,5.6,5.48,3.2,430,145.9,8.07,Safe
UNIT 3A,Low Temperature Superheater,185,2023,2023-06-15,5.6,5.43,3.2,430,145.9,10.53,Safe
UNIT 3A,Low Temperature Superheater,185,2024,2024-06-15,5.6,5.41,3.2,430,145.9,13.23,Safe
UNIT 3A,Low Temperature Superheater,185,2025,2025-06-15,5.6,5.37,3.2,430,145.9,15.89,Safe
UNIT 3A,Low Temperature Superheater,186,2021,2021-06-15,5.6,5.5,3.2,460,152.2,6.9,Safe
UNIT 3A,Low Temperature Superheater,186,2022,2022-06-15,5.6,5.43,3.2,460,152.2,9.65,Safe
UNIT 3A,Low Temperature Superheater,186,2023,2023-06-15,5.6,5.44,3.2,460,152.2,11.99,Safe
UNIT 3A,Low Temperature Superheater,186,2024,2024-06-15,5.6,5.35,3.2,460,152.2,14.24,Safe
UNIT 3A,Low Temperature Superheater,186,2025,2025-06-15,5.6,5.31,3.2,460,152.2,16.95,Safe
UNIT 3A,Low Temperature Superheater,187,2021,2021-06-15,5.6,5.26,3.2,439,141.6,24.52,Safe
UNIT 3A,Low Temperature Superheater,187,2022,2022-06-15,5.6,5.06,3.2,439,141.6,32.33,Safe
UNIT 3A,Low Temperature Superheater,187,2023,2023-06-15,5.6,4.98,3.2,439,141.6,40.6,Watch
UNIT 3A,Low Temperature Superheater,187,2024,2024-06-15,5.6,4.72,3.2,439,141.6,49.42,Watch
UNIT 3A,Low Temperature Superheater,187,2025,2025-06-15,5.6,4.64,3.2,439,141.6,58.65,Watch
UNIT 3A,Low Temperature Superheater,188,2021,2021-06-15,5.6,5.54,3.2,435,148.5,3.97,Safe
UNIT 3A,Low Temperature Superheater,188,2022,2022-06-15,5.6,5.51,3.2,435,148.5,6.22,Safe
UNIT 3A,Low Temperature Superheater,188,2023,2023-06-15,5.6,5.47,3.2,435,148.5,8.43,Safe
UNIT 3A,Low Temperature Superheater,188,2024,2024-06-15,5.6,5.43,3.2,435,148.5,10.81,Safe
UNIT 3A,Low Temperature Superheater,188,2025,2025-06-15,5.6,5.41,3.2,435,148.5,12.85,Safe
UNIT 3A,Low Temperature Superheater,189,2021,2021-06-15,5.6,5.6,3.2,432,147.5,0.06,Safe
UNIT 3A,Low Temperature Superheater,189,2022,2022-06-15,5.6,5.57,3.2,432,147.5,1.59,Safe
UNIT 3A,Low Temperature Superheater,189,2023,2023-06-15,5.6,5.55,3.2,432,147.5,3.33,Safe
UNIT 3A,Low Temperature Superheater,189,2024,2024-06-15,5.6,5.53,3.2,432,147.5,4.64,Safe
UNIT 3A,Low Temperature Superheater,189,2025,2025-06-15,5.6,5.51,3.2,432,147.5,6.31,Safe
UNIT 3A,Low Temperature Superheater,190,2021,2021-06-15,5.6,5.57,3.2,433,153.6,1.93,Safe
UNIT 3A,Low Temperature Superheater,190,2022,2022-06-15,5.6,5.56,3.2,433,153.6,3.05,Safe
UNIT 3A,Low Temperature Superheater,190,2023,2023-06-15,5.6,5.54,3.2,433,153.6,4.13,Safe
UNIT 3A,Low Temperature Superheater,190,2024,2024-06-15,5.6,5.52,3.2,433,153.6,5.1,Safe
UNIT 3A,Low Temperature Superheater,190,2025,2025-06-15,5.6,5.5,3.2,433,153.6,6.24,Safe
UNIT 3A,Low Temperature Superheater,191,2021,2021-06-15,5.6,5.26,3.2,451,140.4,20.76,Safe
UNIT 3A,Low Temperature Superheater,191,2022,2022-06-15,5.6,5.16,3.2,451,140.4,28.32,Safe
UNIT 3A,Low Temperature Superheater,191,2023,2023-06-15,5.6,5.06,3.2,451,140.4,35.9,Safe
UNIT 3A,Low Temperature Superheater,191,2024,2024-06-15,5.6,4.88,3.2,451,140.4,44.13,Watch
UNIT 3A,Low Temperature Superheater,191,2025,2025-06-15,5.6,4.81,3.2,451,140.4,53.31,Watch
UNIT 3A,Low Temperature Superheater,192,2021,2021-06-15,5.6,5.48,3.2,465,154.4,6.92,Safe
UNIT 3A,Low Temperature Superheater,192,2022,2022-06-15,5.6,5.46,3.2,465,154.4,8.39,Safe
UNIT 3A,Low Temperature Superheater,192,2023,2023-06-15,5.6,5.44,3.2,465,154.4,9.82,Safe
UNIT 3A,Low Temperature Superheater,192,2024,2024-06-15,5.6,5.43,3.2,465,154.4,11.46,Safe
UNIT 3A,Low Temperature Superheater,192,2025,2025-06-15,5.6,5.4,3.2,465,154.4,13.03,Safe
UNIT 3A,Low Temperature Superheater,193,2021,2021-06-15,5.6,4.93,3.2,446,152.6,44.68,Watch
UNIT 3A,Low Temperature Superheater,193,2022,2022-06-15,5.6,4.62,3.2,446,152.6,59.86,Watch
UNIT 3A,Low Temperature Superheater,193,2023,2023-06-15,5.6,4.52,3.2,446,152.6,74.59,Watch
UNIT 3A,Low Temperature Superheater,193,2024,2024-06-15,5.6,4.06,3.2,446,152.6,87.88,Critical
UNIT 3A,Low Temperature Superheater,193,2025,2025-06-15,5.6,4.09,3.2,446,152.6,99.5,Critical
UNIT 3A,Low Temperature Superheater,194,2021,2021-06-15,5.6,5.51,3.2,453,154.2,5.92,Safe
UNIT 3A,Low Temperature Superheater,194,2022,2022-06-15,5.6,5.45,3.2,453,154.2,8.69,Safe
UNIT 3A,Low Temperature Superheater,194,2023,2023-06-15,5.6,5.44,3.2,453,154.2,11.52,Safe
UNIT 3A,Low Temperature Superheater,194,2024,2024-06-15,5.6,5.38,3.2,453,154.2,14.09,Safe
UNIT 3A,Low Temperature Superheater,194,2025,2025-06-15,5.6,5.33,3.2,453,154.2,16.97,Safe
UNIT 3A,Low Temperature Superheater,195,2021,2021-06-15,5.6,5.52,3.2,452,143.4,4.93,Safe
UNIT 3A,Low Temperature Superheater,195,2022,2022-06-15,5.6,5.49,3.2,452,143.4,6.33,Safe
UNIT 3A,Low Temperature Superheater,195,2023,2023-06-15,5.6,5.5,3.2,452,143.4,7.7,Safe
UNIT 3A,Low Temperature Superheater,195,2024,2024-06-15,5.6,5.44,3.2,452,143.4,9.08,Safe
UNIT 3A,Low Temperature Superheater,195,2025,2025-06-15,5.6,5.45,3.2,452,143.4,10.49,Safe
UNIT 3A,Low Temperature Superheater,196,2021,2021-06-15,5.6,5.17,3.2,452,151.1,25.25,Safe
UNIT 3A,Low Temperature Superheater,196,2022,2022-06-15,5.6,5.06,3.2,452,151.1,32.02,Safe
UNIT 3A,Low Temperature Superheater,196,2023,2023-06-15,5.6,4.89,3.2,452,151.1,40.34,Watch
UNIT 3A,Low Temperature Superheater,196,2024,2024-06-15,5.6,4.77,3.2,452,151.1,49.09,Watch
UNIT 3A,Low Temperature Superheater,196,2025,2025-06-15,5.6,4.77,3.2,452,151.1,56.17,Watch
UNIT 3A,Low Temperature Superheater,197,2021,2021-06-15,5.6,5.47,3.2,469,150.9,7.33,Safe
UNIT 3A,Low Temperature Superheater,197,2022,2022-06-15,5.6,5.45,3.2,469,150.9,9.08,Safe
UNIT 3A,Low Temperature Superheater,197,2023,2023-06-15,5.6,5.45,3.2,469,150.9,11.34,Safe
UNIT 3A,Low Temperature Superheater,197,2024,2024-06-15,5.6,5.38,3.2,469,150.9,13.16,Safe
UNIT 3A,Low Temperature Superheater,197,2025,2025-06-15,5.6,5.39,3.2,469,150.9,15.16,Safe
UNIT 3A,Low Temperature Superheater,198,2021,2021-06-15,5.6,5.09,3.2,465,149.9,30.53,Safe
UNIT 3A,Low Temperature Superheater,198,2022,2022-06-15,5.6,5.03,3.2,465,149.9,37.18,Safe
UNIT 3A,Low Temperature Superheater,198,2023,2023-06-15,5.6,4.83,3.2,465,149.9,44.54,Watch
UNIT 3A,Low Temperature Superheater,198,2024,2024-06-15,5.6,4.79,3.2,465,149.9,53.38,Watch
UNIT 3A,Low Temperature Superheater,198,2025,2025-06-15,5.6,4.77,3.2,465,149.9,62.27,Watch
UNIT 3A,Low Temperature Superheater,199,2021,2021-06-15,5.6,5.5,3.2,454,151.9,7.37,Safe
UNIT 3A,Low Temperature Superheater,199,2022,2022-06-15,5.6,5.46,3.2,454,151.9,8.82,Safe
UNIT 3A,Low Temperature Superheater,199,2023,2023-06-15,5.6,5.43,3.2,454,151.9,10.62,Safe
UNIT 3A,Low Temperature Superheater,199,2024,2024-06-15,5.6,5.44,3.2,454,151.9,12.28,Safe
UNIT 3A,Low Temperature Superheater,199,2025,2025-06-15,5.6,5.42,3.2,454,151.9,13.66,Safe
UNIT 3A,Low Temperature Superheater,200,2021,2021-06-15,5.6,5.19,3.2,438,148.8,27.32,Safe
UNIT 3A,Low Temperature Superheater,200,2022,2022-06-15,5.6,5.08,3.2,438,148.8,33.97,Safe
UNIT 3A,Low Temperature Superheater,200,2023,2023-06-15,5.6,4.99,3.2,438,148.8,42.35,Watch
UNIT 3A,Low Temperature Superheater,200,2024,2024-06-15,5.6,4.93,3.2,438,148.8,50.65,Watch
UNIT 3A,Low Temperature Superheater,200,2025,2025-06-15,5.6,4.54,3.2,438,148.8,59.42,Watch
UNIT 3A,Primary Superheater,1,2021,2021-06-15,5.8,5.15,3.3,479,148.1,38.62,Safe
UNIT 3A,Primary Superheater,1,2022,2022-06-15,5.8,5.1,3.3,479,148.1,49.74,Watch
UNIT 3A,Primary Superheater,1,2023,2023-06-15,5.8,4.74,3.3,479,148.1,62.65,Watch
UNIT 3A,Primary Superheater,1,2024,2024-06-15,5.8,4.43,3.3,479,148.1,76.07,Watch
UNIT 3A,Primary Superheater,1,2025,2025-06-15,5.8,4.34,3.3,479,148.1,88.75,Critical
UNIT 3A,Primary Superheater,2,2021,2021-06-15,5.8,5.66,3.3,484,146.1,7.97,Safe
UNIT 3A,Primary Superheater,2,2022,2022-06-15,5.8,5.64,3.3,484,146.1,10.86,Safe
UNIT 3A,Primary Superheater,2,2023,2023-06-15,5.8,5.58,3.3,484,146.1,13.72,Safe
UNIT 3A,Primary Superheater,2,2024,2024-06-15,5.8,5.56,3.3,484,146.1,16.42,Safe
UNIT 3A,Primary Superheater,2,2025,2025-06-15,5.8,5.47,3.3,484,146.1,19.36,Safe
UNIT 3A,Primary Superheater,3,2021,2021-06-15,5.8,5.41,3.3,468,145.6,21.2,Safe
UNIT 3A,Primary Superheater,3,2022,2022-06-15,5.8,5.3,3.3,468,145.6,29.71,Safe
UNIT 3A,Primary Superheater,3,2023,2023-06-15,5.8,5.17,3.3,468,145.6,39.42,Safe
UNIT 3A,Primary Superheater,3,2024,2024-06-15,5.8,5.09,3.3,468,145.6,49.15,Watch
UNIT 3A,Primary Superheater,3,2025,2025-06-15,5.8,4.98,3.3,468,145.6,57.52,Watch
UNIT 3A,Primary Superheater,4,2021,2021-06-15,5.8,5.71,3.3,463,144.2,5.01,Safe
UNIT 3A,Primary Superheater,4,2022,2022-06-15,5.8,5.69,3.3,463,144.2,7.23,Safe
UNIT 3A,Primary Superheater,4,2023,2023-06-15,5.8,5.64,3.3,463,144.2,9.81,Safe
UNIT 3A,Primary Superheater,4,2024,2024-06-15,5.8,5.63,3.3,463,144.2,11.97,Safe
UNIT 3A,Primary Superheater,4,2025,2025-06-15,5.8,5.55,3.3,463,144.2,14,Safe
UNIT 3A,Primary Superheater,5,2021,2021-06-15,5.8,5.72,3.3,463,149.3,4.93,Safe
UNIT 3A,Primary Superheater,5,2022,2022-06-15,5.8,5.7,3.3,463,149.3,5.94,Safe
UNIT 3A,Primary Superheater,5,2023,2023-06-15,5.8,5.69,3.3,463,149.3,7.03,Safe
UNIT 3A,Primary Superheater,5,2024,2024-06-15,5.8,5.66,3.3,463,149.3,8,Safe
UNIT 3A,Primary Superheater,5,2025,2025-06-15,5.8,5.67,3.3,463,149.3,8.93,Safe
UNIT 3A,Primary Superheater,6,2021,2021-06-15,5.8,5.42,3.3,479,141.2,27.42,Safe
UNIT 3A,Primary Superheater,6,2022,2022-06-15,5.8,5.31,3.3,479,141.2,33.88,Safe
UNIT 3A,Primary Superheater,6,2023,2023-06-15,5.8,5.06,3.3,479,141.2,41.16,Watch
UNIT 3A,Primary Superheater,6,2024,2024-06-15,5.8,5.03,3.3,479,141.2,48.23,Watch
UNIT 3A,Primary Superheater,6,2025,2025-06-15,5.8,4.95,3.3,479,141.2,55.89,Watch
UNIT 3A,Primary Superheater,7,2021,2021-06-15,5.8,5.34,3.3,475,153.3,24.66,Safe
UNIT 3A,Primary Superheater,7,2022,2022-06-15,5.8,5.34,3.3,475,153.3,33.38,Safe
UNIT 3A,Primary Superheater,7,2023,2023-06-15,5.8,5.1,3.3,475,153.3,41.84,Watch
UNIT 3A,Primary Superheater,7,2024,2024-06-15,5.8,4.9,3.3,475,153.3,48.75,Watch
UNIT 3A,Primary Superheater,7,2025,2025-06-15,5.8,4.97,3.3,475,153.3,57.27,Watch
UNIT 3A,Primary Superheater,8,2021,2021-06-15,5.8,5.39,3.3,450,142.3,21.91,Safe
UNIT 3A,Primary Superheater,8,2022,2022-06-15,5.8,5.34,3.3,450,142.3,30.41,Safe
UNIT 3A,Primary Superheater,8,2023,2023-06-15,5.8,5.09,3.3,450,142.3,39.41,Safe
UNIT 3A,Primary Superheater,8,2024,2024-06-15,5.8,4.9,3.3,450,142.3,48.78,Watch
UNIT 3A,Primary Superheater,8,2025,2025-06-15,5.8,4.82,3.3,450,142.3,58.11,Watch
UNIT 3A,Primary Superheater,9,2021,2021-06-15,5.8,5.78,3.3,471,144.3,1.35,Safe
UNIT 3A,Primary Superheater,9,2022,2022-06-15,5.8,5.76,3.3,471,144.3,2.55,Safe
UNIT 3A,Primary Superheater,9,2023,2023-06-15,5.8,5.74,3.3,471,144.3,3.64,Safe
UNIT 3A,Primary Superheater,9,2024,2024-06-15,5.8,5.73,3.3,471,144.3,4.77,Safe
UNIT 3A,Primary Superheater,9,2025,2025-06-15,5.8,5.7,3.3,471,144.3,5.7,Safe
UNIT 3A,Primary Superheater,10,2021,2021-06-15,5.8,5.47,3.3,467,150.2,20.62,Safe
UNIT 3A,Primary Superheater,10,2022,2022-06-15,5.8,5.28,3.3,467,150.2,28.33,Safe
UNIT 3A,Primary Superheater,10,2023,2023-06-15,5.8,5.25,3.3,467,150.2,36.72,Safe
UNIT 3A,Primary Superheater,10,2024,2024-06-15,5.8,5.15,3.3,467,150.2,44.93,Watch
UNIT 3A,Primary Superheater,10,2025,2025-06-15,5.8,4.9,3.3,467,150.2,52.05,Watch
UNIT 3A,Primary Superheater,11,2021,2021-06-15,5.8,4.96,3.3,464,153.9,46.37,Watch
UNIT 3A,Primary Superheater,11,2022,2022-06-15,5.8,4.84,3.3,464,153.9,56.71,Watch
UNIT 3A,Primary Superheater,11,2023,2023-06-15,5.8,4.64,3.3,464,153.9,67.28,Watch
UNIT 3A,Primary Superheater,11,2024,2024-06-15,5.8,4.73,3.3,464,153.9,77.74,Watch
UNIT 3A,Primary Superheater,11,2025,2025-06-15,5.8,4.26,3.3,464,153.9,87.37,Critical
UNIT 3A,Primary Superheater,12,2021,2021-06-15,5.8,5.08,3.3,480,151.1,45.72,Watch
UNIT 3A,Primary Superheater,12,2022,2022-06-15,5.8,4.74,3.3,480,151.1,57.77,Watch
UNIT 3A,Primary Superheater,12,2023,2023-06-15,5.8,4.68,3.3,480,151.1,71.23,Watch
UNIT 3A,Primary Superheater,12,2024,2024-06-15,5.8,4.52,3.3,480,151.1,86.17,Critical
UNIT 3A,Primary Superheater,12,2025,2025-06-15,5.8,4.38,3.3,480,151.1,99.14,Critical
UNIT 3A,Primary Superheater,13,2021,2021-06-15,5.8,5.03,3.3,489,150.3,43.19,Watch
UNIT 3A,Primary Superheater,13,2022,2022-06-15,5.8,5.01,3.3,489,150.3,56.32,Watch
UNIT 3A,Primary Superheater,13,2023,2023-06-15,5.8,4.8,3.3,489,150.3,69.08,Watch
UNIT 3A,Primary Superheater,13,2024,2024-06-15,5.8,4.53,3.3,489,150.3,81.57,Critical
UNIT 3A,Primary Superheater,13,2025,2025-06-15,5.8,4.41,3.3,489,150.3,94.1,Critical
UNIT 3A,Primary Superheater,14,2021,2021-06-15,5.8,5.33,3.3,463,145.1,27.37,Safe
UNIT 3A,Primary Superheater,14,2022,2022-06-15,5.8,5.21,3.3,463,145.1,34.95,Safe
UNIT 3A,Primary Superheater,14,2023,2023-06-15,5.8,5.04,3.3,463,145.1,42.63,Watch
UNIT 3A,Primary Superheater,14,2024,2024-06-15,5.8,5.08,3.3,463,145.1,50.69,Watch
UNIT 3A,Primary Superheater,14,2025,2025-06-15,5.8,4.78,3.3,463,145.1,58.02,Watch
UNIT 3A,Primary Superheater,15,2021,2021-06-15,5.8,5.18,3.3,487,145.5,36.27,Safe
UNIT 3A,Primary Superheater,15,2022,2022-06-15,5.8,4.99,3.3,487,145.5,47.48,Watch
UNIT 3A,Primary Superheater,15,2023,2023-06-15,5.8,4.79,3.3,487,145.5,57.51,Watch
UNIT 3A,Primary Superheater,15,2024,2024-06-15,5.8,4.81,3.3,487,145.5,68.89,Watch
UNIT 3A,Primary Superheater,15,2025,2025-06-15,5.8,4.6,3.3,487,145.5,78.76,Watch
UNIT 3A,Primary Superheater,16,2021,2021-06-15,5.8,5.46,3.3,473,140.5,21.7,Safe
UNIT 3A,Primary Superheater,16,2022,2022-06-15,5.8,5.34,3.3,473,140.5,28.87,Safe
UNIT 3A,Primary Superheater,16,2023,2023-06-15,5.8,5.29,3.3,473,140.5,36.11,Safe
UNIT 3A,Primary Superheater,16,2024,2024-06-15,5.8,5.05,3.3,473,140.5,42.63,Watch
UNIT 3A,Primary Superheater,16,2025,2025-06-15,5.8,4.91,3.3,473,140.5,49.56,Watch
UNIT 3A,Primary Superheater,17,2021,2021-06-15,5.8,5.78,3.3,466,144.7,1.35,Safe
UNIT 3A,Primary Superheater,17,2022,2022-06-15,5.8,5.73,3.3,466,144.7,3.82,Safe
UNIT 3A,Primary Superheater,17,2023,2023-06-15,5.8,5.68,3.3,466,144.7,6.37,Safe
UNIT 3A,Primary Superheater,17,2024,2024-06-15,5.8,5.66,3.3,466,144.7,8.51,Safe
UNIT 3A,Primary Superheater,17,2025,2025-06-15,5.8,5.63,3.3,466,144.7,11.14,Safe
UNIT 3A,Primary Superheater,18,2021,2021-06-15,5.8,5.66,3.3,483,147.3,7.43,Safe
UNIT 3A,Primary Superheater,18,2022,2022-06-15,5.8,5.65,3.3,483,147.3,8.49,Safe
UNIT 3A,Primary Superheater,18,2023,2023-06-15,5.8,5.66,3.3,483,147.3,9.6,Safe
UNIT 3A,Primary Superheater,18,2024,2024-06-15,5.8,5.6,3.3,483,147.3,10.67,Safe
UNIT 3A,Primary Superheater,18,2025,2025-06-15,5.8,5.58,3.3,483,147.3,11.83,Safe
UNIT 3A,Primary Superheater,19,2021,2021-06-15,5.8,5.73,3.3,461,140.6,4.86,Safe
UNIT 3A,Primary Superheater,19,2022,2022-06-15,5.8,5.69,3.3,461,140.6,6.95,Safe
UNIT 3A,Primary Superheater,19,2023,2023-06-15,5.8,5.67,3.3,461,140.6,8.84,Safe
UNIT 3A,Primary Superheater,19,2024,2024-06-15,5.8,5.59,3.3,461,140.6,11.04,Safe
UNIT 3A,Primary Superheater,19,2025,2025-06-15,5.8,5.56,3.3,461,140.6,13.13,Safe
UNIT 3A,Primary Superheater,20,2021,2021-06-15,5.8,5.42,3.3,475,141.4,22.54,Safe
UNIT 3A,Primary Superheater,20,2022,2022-06-15,5.8,5.27,3.3,475,141.4,29.19,Safe
UNIT 3A,Primary Superheater,20,2023,2023-06-15,5.8,5.23,3.3,475,141.4,36.55,Safe
UNIT 3A,Primary Superheater,20,2024,2024-06-15,5.8,4.97,3.3,475,141.4,44.69,Watch
UNIT 3A,Primary Superheater,20,2025,2025-06-15,5.8,4.87,3.3,475,141.4,52.4,Watch
UNIT 3A,Primary Superheater,21,2021,2021-06-15,5.8,5.79,3.3,490,147.5,0.52,Safe
UNIT 3A,Primary Superheater,21,2022,2022-06-15,5.8,5.76,3.3,490,147.5,2.92,Safe
UNIT 3A,Primary Superheater,21,2023,2023-06-15,5.8,5.72,3.3,490,147.5,5.48,Safe
UNIT 3A,Primary Superheater,21,2024,2024-06-15,5.8,5.65,3.3,490,147.5,8.16,Safe
UNIT 3A,Primary Superheater,21,2025,2025-06-15,5.8,5.61,3.3,490,147.5,10.99,Safe
UNIT 3A,Primary Superheater,22,2021,2021-06-15,5.8,5.24,3.3,472,144.5,34.34,Safe
UNIT 3A,Primary Superheater,22,2022,2022-06-15,5.8,4.84,3.3,472,144.5,51.13,Watch
UNIT 3A,Primary Superheater,22,2023,2023-06-15,5.8,4.63,3.3,472,144.5,67.27,Watch
UNIT 3A,Primary Superheater,22,2024,2024-06-15,5.8,4.39,3.3,472,144.5,82.27,Critical
UNIT 3A,Primary Superheater,22,2025,2025-06-15,5.8,4.36,3.3,472,144.5,95.56,Critical
UNIT 3A,Primary Superheater,23,2021,2021-06-15,5.8,5.77,3.3,457,147.3,1.93,Safe
UNIT 3A,Primary Superheater,23,2022,2022-06-15,5.8,5.75,3.3,457,147.3,3.51,Safe
UNIT 3A,Primary Superheater,23,2023,2023-06-15,5.8,5.73,3.3,457,147.3,4.84,Safe
UNIT 3A,Primary Superheater,23,2024,2024-06-15,5.8,5.7,3.3,457,147.3,6.47,Safe
UNIT 3A,Primary Superheater,23,2025,2025-06-15,5.8,5.66,3.3,457,147.3,7.97,Safe
UNIT 3A,Primary Superheater,24,2021,2021-06-15,5.8,5.42,3.3,459,149.7,23.43,Safe
UNIT 3A,Primary Superheater,24,2022,2022-06-15,5.8,5.16,3.3,459,149.7,34.06,Safe
UNIT 3A,Primary Superheater,24,2023,2023-06-15,5.8,4.99,3.3,459,149.7,44.26,Watch
UNIT 3A,Primary Superheater,24,2024,2024-06-15,5.8,4.9,3.3,459,149.7,52.66,Watch
UNIT 3A,Primary Superheater,24,2025,2025-06-15,5.8,4.87,3.3,459,149.7,61.23,Watch
UNIT 3A,Primary Superheater,25,2021,2021-06-15,5.8,5.67,3.3,464,153.9,6.96,Safe
UNIT 3A,Primary Superheater,25,2022,2022-06-15,5.8,5.66,3.3,464,153.9,9.59,Safe
UNIT 3A,Primary Superheater,25,2023,2023-06-15,5.8,5.59,3.3,464,153.9,12,Safe
UNIT 3A,Primary Superheater,25,2024,2024-06-15,5.8,5.6,3.3,464,153.9,14.73,Safe
UNIT 3A,Primary Superheater,25,2025,2025-06-15,5.8,5.54,3.3,464,153.9,16.99,Safe
UNIT 3A,Primary Superheater,26,2021,2021-06-15,5.8,5.75,3.3,472,150.7,2.88,Safe
UNIT 3A,Primary Superheater,26,2022,2022-06-15,5.8,5.74,3.3,472,150.7,3.68,Safe
UNIT 3A,Primary Superheater,26,2023,2023-06-15,5.8,5.71,3.3,472,150.7,4.58,Safe
UNIT 3A,Primary Superheater,26,2024,2024-06-15,5.8,5.7,3.3,472,150.7,5.55,Safe
UNIT 3A,Primary Superheater,26,2025,2025-06-15,5.8,5.69,3.3,472,150.7,6.36,Safe
UNIT 3A,Primary Superheater,27,2021,2021-06-15,5.8,5.77,3.3,483,152.6,1.7,Safe
UNIT 3A,Primary Superheater,27,2022,2022-06-15,5.8,5.74,3.3,483,152.6,3.34,Safe
UNIT 3A,Primary Superheater,27,2023,2023-06-15,5.8,5.71,3.3,483,152.6,5.3,Safe
UNIT 3A,Primary Superheater,27,2024,2024-06-15,5.8,5.67,3.3,483,152.6,7.03,Safe
UNIT 3A,Primary Superheater,27,2025,2025-06-15,5.8,5.64,3.3,483,152.6,8.94,Safe
UNIT 3A,Primary Superheater,28,2021,2021-06-15,5.8,5.67,3.3,451,144.3,7.38,Safe
UNIT 3A,Primary Superheater,28,2022,2022-06-15,5.8,5.65,3.3,451,144.3,8.63,Safe
UNIT 3A,Primary Superheater,28,2023,2023-06-15,5.8,5.66,3.3,451,144.3,9.78,Safe
UNIT 3A,Primary Superheater,28,2024,2024-06-15,5.8,5.62,3.3,451,144.3,10.88,Safe
UNIT 3A,Primary Superheater,28,2025,2025-06-15,5.8,5.63,3.3,451,144.3,11.86,Safe
UNIT 3A,Primary Superheater,29,2021,2021-06-15,5.8,5.39,3.3,472,147.1,23.02,Safe
UNIT 3A,Primary Superheater,29,2022,2022-06-15,5.8,5.37,3.3,472,147.1,30.95,Safe
UNIT 3A,Primary Superheater,29,2023,2023-06-15,5.8,5.26,3.3,472,147.1,38.8,Safe
UNIT 3A,Primary Superheater,29,2024,2024-06-15,5.8,5.12,3.3,472,147.1,47.48,Watch
UNIT 3A,Primary Superheater,29,2025,2025-06-15,5.8,4.92,3.3,472,147.1,54.71,Watch
UNIT 3A,Primary Superheater,30,2021,2021-06-15,5.8,5.24,3.3,476,154.3,39.37,Safe
UNIT 3A,Primary Superheater,30,2022,2022-06-15,5.8,4.89,3.3,476,154.3,52.44,Watch
UNIT 3A,Primary Superheater,30,2023,2023-06-15,5.8,4.72,3.3,476,154.3,63.79,Watch
UNIT 3A,Primary Superheater,30,2024,2024-06-15,5.8,4.42,3.3,476,154.3,77.96,Watch
UNIT 3A,Primary Superheater,30,2025,2025-06-15,5.8,4.2,3.3,476,154.3,92.4,Critical
UNIT 3A,Primary Superheater,31,2021,2021-06-15,5.8,5.71,3.3,454,153.1,4.67,Safe
UNIT 3A,Primary Superheater,31,2022,2022-06-15,5.8,5.7,3.3,454,153.1,5.8,Safe
UNIT 3A,Primary Superheater,31,2023,2023-06-15,5.8,5.68,3.3,454,153.1,6.98,Safe
UNIT 3A,Primary Superheater,31,2024,2024-06-15,5.8,5.68,3.3,454,153.1,8.36,Safe
UNIT 3A,Primary Superheater,31,2025,2025-06-15,5.8,5.64,3.3,454,153.1,9.78,Safe
UNIT 3A,Primary Superheater,32,2021,2021-06-15,5.8,5.73,3.3,481,140.3,4.71,Safe
UNIT 3A,Primary Superheater,32,2022,2022-06-15,5.8,5.7,3.3,481,140.3,6.63,Safe
UNIT 3A,Primary Superheater,32,2023,2023-06-15,5.8,5.66,3.3,481,140.3,8.77,Safe
UNIT 3A,Primary Superheater,32,2024,2024-06-15,5.8,5.64,3.3,481,140.3,11.15,Safe
UNIT 3A,Primary Superheater,32,2025,2025-06-15,5.8,5.55,3.3,481,140.3,13.46,Safe
UNIT 3A,Primary Superheater,33,2021,2021-06-15,5.8,5.34,3.3,475,151.1,32.73,Safe
UNIT 3A,Primary Superheater,33,2022,2022-06-15,5.8,4.97,3.3,475,151.1,45.66,Watch
UNIT 3A,Primary Superheater,33,2023,2023-06-15,5.8,4.79,3.3,475,151.1,58.16,Watch
UNIT 3A,Primary Superheater,33,2024,2024-06-15,5.8,4.75,3.3,475,151.1,72.23,Watch
UNIT 3A,Primary Superheater,33,2025,2025-06-15,5.8,4.38,3.3,475,151.1,86.83,Critical
UNIT 3A,Primary Superheater,34,2021,2021-06-15,5.8,5.21,3.3,471,151.2,39.87,Safe
UNIT 3A,Primary Superheater,34,2022,2022-06-15,5.8,4.86,3.3,471,151.2,53.81,Watch
UNIT 3A,Primary Superheater,34,2023,2023-06-15,5.8,4.74,3.3,471,151.2,70.28,Watch
UNIT 3A,Primary Superheater,34,2024,2024-06-15,5.8,4.38,3.3,471,151.2,87.08,Critical
UNIT 3A,Primary Superheater,34,2025,2025-06-15,5.8,4.04,3.3,471,151.2,99.5,Critical
UNIT 3A,Primary Superheater,35,2021,2021-06-15,5.8,5.73,3.3,475,152.3,4.36,Safe
UNIT 3A,Primary Superheater,35,2022,2022-06-15,5.8,5.67,3.3,475,152.3,6.83,Safe
UNIT 3A,Primary Superheater,35,2023,2023-06-15,5.8,5.66,3.3,475,152.3,9.63,Safe
UNIT 3A,Primary Superheater,35,2024,2024-06-15,5.8,5.61,3.3,475,152.3,11.96,Safe
UNIT 3A,Primary Superheater,35,2025,2025-06-15,5.8,5.53,3.3,475,152.3,14.75,Safe
UNIT 3A,Primary Superheater,36,2021,2021-06-15,5.8,5.48,3.3,488,146.3,20.39,Safe
UNIT 3A,Primary Superheater,36,2022,2022-06-15,5.8,5.29,3.3,488,146.3,30.55,Safe
UNIT 3A,Primary Superheater,36,2023,2023-06-15,5.8,5.21,3.3,488,146.3,39.77,Safe
UNIT 3A,Primary Superheater,36,2024,2024-06-15,5.8,5.08,3.3,488,146.3,50.73,Watch
UNIT 3A,Primary Superheater,36,2025,2025-06-15,5.8,4.91,3.3,488,146.3,60.76,Watch
UNIT 3A,Primary Superheater,37,2021,2021-06-15,5.8,5.44,3.3,450,152.5,25.47,Safe
UNIT 3A,Primary Superheater,37,2022,2022-06-15,5.8,5.27,3.3,450,152.5,35.55,Safe
UNIT 3A,Primary Superheater,37,2023,2023-06-15,5.8,5.17,3.3,450,152.5,46.06,Watch
UNIT 3A,Primary Superheater,37,2024,2024-06-15,5.8,4.86,3.3,450,152.5,55.55,Watch
UNIT 3A,Primary Superheater,37,2025,2025-06-15,5.8,4.64,3.3,450,152.5,65.1,Watch
UNIT 3A,Primary Superheater,38,2021,2021-06-15,5.8,5.06,3.3,462,153.3,45.82,Watch
UNIT 3A,Primary Superheater,38,2022,2022-06-15,5.8,4.78,3.3,462,153.3,57.94,Watch
UNIT 3A,Primary Superheater,38,2023,2023-06-15,5.8,4.51,3.3,462,153.3,70.84,Watch
UNIT 3A,Primary Superheater,38,2024,2024-06-15,5.8,4.47,3.3,462,153.3,83.98,Critical
UNIT 3A,Primary Superheater,38,2025,2025-06-15,5.8,4.24,3.3,462,153.3,96.42,Critical
UNIT 3A,Primary Superheater,39,2021,2021-06-15,5.8,5.17,3.3,464,150.2,41.63,Watch
UNIT 3A,Primary Superheater,39,2022,2022-06-15,5.8,4.89,3.3,464,150.2,54.47,Watch
UNIT 3A,Primary Superheater,39,2023,2023-06-15,5.8,4.65,3.3,464,150.2,70.25,Watch
UNIT 3A,Primary Superheater,39,2024,2024-06-15,5.8,4.42,3.3,464,150.2,82.82,Critical
UNIT 3A,Primary Superheater,39,2025,2025-06-15,5.8,4.05,3.3,464,150.2,95.39,Critical
UNIT 3A,Primary Superheater,40,2021,2021-06-15,5.8,5.79,3.3,452,146.8,0.78,Safe
UNIT 3A,Primary Superheater,40,2022,2022-06-15,5.8,5.77,3.3,452,146.8,1.71,Safe
UNIT 3A,Primary Superheater,40,2023,2023-06-15,5.8,5.76,3.3,452,146.8,2.5,Safe
UNIT 3A,Primary Superheater,40,2024,2024-06-15,5.8,5.75,3.3,452,146.8,3.35,Safe
UNIT 3A,Primary Superheater,40,2025,2025-06-15,5.8,5.73,3.3,452,146.8,4.28,Safe
UNIT 3A,Primary Superheater,41,2021,2021-06-15,5.8,5.74,3.3,452,146.4,3.53,Safe
UNIT 3A,Primary Superheater,41,2022,2022-06-15,5.8,5.73,3.3,452,146.4,4.66,Safe
UNIT 3A,Primary Superheater,41,2023,2023-06-15,5.8,5.71,3.3,452,146.4,5.79,Safe
UNIT 3A,Primary Superheater,41,2024,2024-06-15,5.8,5.69,3.3,452,146.4,6.84,Safe
UNIT 3A,Primary Superheater,41,2025,2025-06-15,5.8,5.69,3.3,452,146.4,7.86,Safe
UNIT 3A,Primary Superheater,42,2021,2021-06-15,5.8,5.28,3.3,486,149.2,37.36,Safe
UNIT 3A,Primary Superheater,42,2022,2022-06-15,5.8,5.09,3.3,486,149.2,48.08,Watch
UNIT 3A,Primary Superheater,42,2023,2023-06-15,5.8,4.9,3.3,486,149.2,59.77,Watch
UNIT 3A,Primary Superheater,42,2024,2024-06-15,5.8,4.62,3.3,486,149.2,70.38,Watch
UNIT 3A,Primary Superheater,42,2025,2025-06-15,5.8,4.37,3.3,486,149.2,83.15,Critical
UNIT 3A,Primary Superheater,43,2021,2021-06-15,5.8,5.72,3.3,455,143.6,4.92,Safe
UNIT 3A,Primary Superheater,43,2022,2022-06-15,5.8,5.68,3.3,455,143.6,6.89,Safe
UNIT 3A,Primary Superheater,43,2023,2023-06-15,5.8,5.67,3.3,455,143.6,8.92,Safe
UNIT 3A,Primary Superheater,43,2024,2024-06-15,5.8,5.64,3.3,455,143.6,10.84,Safe
UNIT 3A,Primary Superheater,43,2025,2025-06-15,5.8,5.62,3.3,455,143.6,12.95,Safe
UNIT 3A,Primary Superheater,44,2021,2021-06-15,5.8,5.28,3.3,458,153,31.23,Safe
UNIT 3A,Primary Superheater,44,2022,2022-06-15,5.8,5.12,3.3,458,153,39.72,Safe
UNIT 3A,Primary Superheater,44,2023,2023-06-15,5.8,5,3.3,458,153,49.54,Watch
UNIT 3A,Primary Superheater,44,2024,2024-06-15,5.8,4.79,3.3,458,153,57.2,Watch
UNIT 3A,Primary Superheater,44,2025,2025-06-15,5.8,4.66,3.3,458,153,64.63,Watch
UNIT 3A,Primary Superheater,45,2021,2021-06-15,5.8,5.01,3.3,466,148.4,44.51,Watch
UNIT 3A,Primary Superheater,45,2022,2022-06-15,5.8,4.91,3.3,466,148.4,55.28,Watch
UNIT 3A,Primary Superheater,45,2023,2023-06-15,5.8,4.77,3.3,466,148.4,66.48,Watch
UNIT 3A,Primary Superheater,45,2024,2024-06-15,5.8,4.45,3.3,466,148.4,75.26,Watch
UNIT 3A,Primary Superheater,45,2025,2025-06-15,5.8,4.26,3.3,466,148.4,84.76,Critical
UNIT 3A,Primary Superheater,46,2021,2021-06-15,5.8,5.22,3.3,478,149,32.64,Safe
UNIT 3A,Primary Superheater,46,2022,2022-06-15,5.8,5.2,3.3,478,149,42.14,Watch
UNIT 3A,Primary Superheater,46,2023,2023-06-15,5.8,5,3.3,478,149,51.54,Watch
UNIT 3A,Primary Superheater,46,2024,2024-06-15,5.8,4.75,3.3,478,149,61.74,Watch
UNIT 3A,Primary Superheater,46,2025,2025-06-15,5.8,4.68,3.3,478,149,70.35,Watch
UNIT 3A,Primary Superheater,47,2021,2021-06-15,5.8,5.39,3.3,464,140.5,27.36,Safe
UNIT 3A,Primary Superheater,47,2022,2022-06-15,5.8,5.26,3.3,464,140.5,36.17,Safe
UNIT 3A,Primary Superheater,47,2023,2023-06-15,5.8,5.08,3.3,464,140.5,45.07,Watch
UNIT 3A,Primary Superheater,47,2024,2024-06-15,5.8,4.86,3.3,464,140.5,53.13,Watch
UNIT 3A,Primary Superheater,47,2025,2025-06-15,5.8,4.89,3.3,464,140.5,60.97,Watch
UNIT 3A,Primary Superheater,48,2021,2021-06-15,5.8,5.17,3.3,466,152.1,39.52,Safe
UNIT 3A,Primary Superheater,48,2022,2022-06-15,5.8,4.99,3.3,466,152.1,52.87,Watch
UNIT 3A,Primary Superheater,48,2023,2023-06-15,5.8,4.63,3.3,466,152.1,65.34,Watch
UNIT 3A,Primary Superheater,48,2024,2024-06-15,5.8,4.39,3.3,466,152.1,77.38,Watch
UNIT 3A,Primary Superheater,48,2025,2025-06-15,5.8,4.34,3.3,466,152.1,89.14,Critical
UNIT 3A,Primary Superheater,49,2021,2021-06-15,5.8,5.2,3.3,450,153.7,35.38,Safe
UNIT 3A,Primary Superheater,49,2022,2022-06-15,5.8,4.94,3.3,450,153.7,48.45,Watch
UNIT 3A,Primary Superheater,49,2023,2023-06-15,5.8,4.93,3.3,450,153.7,62.65,Watch
UNIT 3A,Primary Superheater,49,2024,2024-06-15,5.8,4.43,3.3,450,153.7,77.05,Watch
UNIT 3A,Primary Superheater,49,2025,2025-06-15,5.8,4.2,3.3,450,153.7,91.2,Critical
UNIT 3A,Primary Superheater,50,2021,2021-06-15,5.8,5.72,3.3,473,145.5,5.81,Safe
UNIT 3A,Primary Superheater,50,2022,2022-06-15,5.8,5.67,3.3,473,145.5,7.24,Safe
UNIT 3A,Primary Superheater,50,2023,2023-06-15,5.8,5.67,3.3,473,145.5,8.66,Safe
UNIT 3A,Primary Superheater,50,2024,2024-06-15,5.8,5.66,3.3,473,145.5,10,Safe
UNIT 3A,Primary Superheater,50,2025,2025-06-15,5.8,5.61,3.3,473,145.5,11.73,Safe
UNIT 3A,Primary Superheater,51,2021,2021-06-15,5.8,5.69,3.3,466,151.1,6.39,Safe
UNIT 3A,Primary Superheater,51,2022,2022-06-15,5.8,5.66,3.3,466,151.1,7.93,Safe
UNIT 3A,Primary Superheater,51,2023,2023-06-15,5.8,5.64,3.3,466,151.1,9.32,Safe
UNIT 3A,Primary Superheater,51,2024,2024-06-15,5.8,5.62,3.3,466,151.1,10.83,Safe
UNIT 3A,Primary Superheater,51,2025,2025-06-15,5.8,5.59,3.3,466,151.1,12.59,Safe
UNIT 3A,Primary Superheater,52,2021,2021-06-15,5.8,4.95,3.3,489,149.6,46.86,Watch
UNIT 3A,Primary Superheater,52,2022,2022-06-15,5.8,4.68,3.3,489,149.6,62.29,Watch
UNIT 3A,Primary Superheater,52,2023,2023-06-15,5.8,4.58,3.3,489,149.6,75.7,Watch
UNIT 3A,Primary Superheater,52,2024,2024-06-15,5.8,4.13,3.3,489,149.6,91.22,Critical
UNIT 3A,Primary Superheater,52,2025,2025-06-15,5.8,4.34,3.3,489,149.6,99.5,Critical
UNIT 3A,Primary Superheater,53,2021,2021-06-15,5.8,5.72,3.3,490,144.6,4.64,Safe
UNIT 3A,Primary Superheater,53,2022,2022-06-15,5.8,5.7,3.3,490,144.6,7.24,Safe
UNIT 3A,Primary Superheater,53,2023,2023-06-15,5.8,5.63,3.3,490,144.6,9.81,Safe
UNIT 3A,Primary Superheater,53,2024,2024-06-15,5.8,5.62,3.3,490,144.6,12.53,Safe
UNIT 3A,Primary Superheater,53,2025,2025-06-15,5.8,5.52,3.3,490,144.6,15.1,Safe
UNIT 3A,Primary Superheater,54,2021,2021-06-15,5.8,5.76,3.3,454,152.2,2.44,Safe
UNIT 3A,Primary Superheater,54,2022,2022-06-15,5.8,5.74,3.3,454,152.2,3.55,Safe
UNIT 3A,Primary Superheater,54,2023,2023-06-15,5.8,5.72,3.3,454,152.2,4.65,Safe
UNIT 3A,Primary Superheater,54,2024,2024-06-15,5.8,5.71,3.3,454,152.2,5.62,Safe
UNIT 3A,Primary Superheater,54,2025,2025-06-15,5.8,5.67,3.3,454,152.2,6.88,Safe
UNIT 3A,Primary Superheater,55,2021,2021-06-15,5.8,5.7,3.3,465,147,5.66,Safe
UNIT 3A,Primary Superheater,55,2022,2022-06-15,5.8,5.65,3.3,465,147,8.32,Safe
UNIT 3A,Primary Superheater,55,2023,2023-06-15,5.8,5.64,3.3,465,147,10.9,Safe
UNIT 3A,Primary Superheater,55,2024,2024-06-15,5.8,5.56,3.3,465,147,13.27,Safe
UNIT 3A,Primary Superheater,55,2025,2025-06-15,5.8,5.52,3.3,465,147,15.48,Safe
UNIT 3A,Primary Superheater,56,2021,2021-06-15,5.8,5,3.3,460,146.1,44.8,Watch
UNIT 3A,Primary Superheater,56,2022,2022-06-15,5.8,4.9,3.3,460,146.1,55.14,Watch
UNIT 3A,Primary Superheater,56,2023,2023-06-15,5.8,4.58,3.3,460,146.1,67.17,Watch
UNIT 3A,Primary Superheater,56,2024,2024-06-15,5.8,4.6,3.3,460,146.1,77.48,Watch
UNIT 3A,Primary Superheater,56,2025,2025-06-15,5.8,4.13,3.3,460,146.1,89.78,Critical
UNIT 3A,Primary Superheater,57,2021,2021-06-15,5.8,5.72,3.3,452,153,4.51,Safe
UNIT 3A,Primary Superheater,57,2022,2022-06-15,5.8,5.68,3.3,452,153,6.64,Safe
UNIT 3A,Primary Superheater,57,2023,2023-06-15,5.8,5.67,3.3,452,153,8.35,Safe
UNIT 3A,Primary Superheater,57,2024,2024-06-15,5.8,5.63,3.3,452,153,10.57,Safe
UNIT 3A,Primary Superheater,57,2025,2025-06-15,5.8,5.6,3.3,452,153,12.31,Safe
UNIT 3A,Primary Superheater,58,2021,2021-06-15,5.8,5.79,3.3,485,146.8,0.39,Safe
UNIT 3A,Primary Superheater,58,2022,2022-06-15,5.8,5.75,3.3,485,146.8,3.28,Safe
UNIT 3A,Primary Superheater,58,2023,2023-06-15,5.8,5.7,3.3,485,146.8,5.97,Safe
UNIT 3A,Primary Superheater,58,2024,2024-06-15,5.8,5.66,3.3,485,146.8,8.65,Safe
UNIT 3A,Primary Superheater,58,2025,2025-06-15,5.8,5.61,3.3,485,146.8,11.4,Safe
UNIT 3A,Primary Superheater,59,2021,2021-06-15,5.8,5.17,3.3,490,151.4,40.75,Watch
UNIT 3A,Primary Superheater,59,2022,2022-06-15,5.8,5.03,3.3,490,151.4,53.45,Watch
UNIT 3A,Primary Superheater,59,2023,2023-06-15,5.8,4.83,3.3,490,151.4,65.96,Watch
UNIT 3A,Primary Superheater,59,2024,2024-06-15,5.8,4.61,3.3,490,151.4,77.62,Watch
UNIT 3A,Primary Superheater,59,2025,2025-06-15,5.8,4.47,3.3,490,151.4,89.66,Critical
UNIT 3A,Primary Superheater,60,2021,2021-06-15,5.8,5.7,3.3,463,149.1,5.69,Safe
UNIT 3A,Primary Superheater,60,2022,2022-06-15,5.8,5.66,3.3,463,149.1,8.36,Safe
UNIT 3A,Primary Superheater,60,2023,2023-06-15,5.8,5.6,3.3,463,149.1,11.17,Safe
UNIT 3A,Primary Superheater,60,2024,2024-06-15,5.8,5.58,3.3,463,149.1,13.66,Safe
UNIT 3A,Primary Superheater,60,2025,2025-06-15,5.8,5.53,3.3,463,149.1,16.7,Safe
UNIT 3A,Primary Superheater,61,2021,2021-06-15,5.8,4.95,3.3,484,145.5,45.6,Watch
UNIT 3A,Primary Superheater,61,2022,2022-06-15,5.8,4.97,3.3,484,145.5,59.36,Watch
UNIT 3A,Primary Superheater,61,2023,2023-06-15,5.8,4.79,3.3,484,145.5,71.73,Watch
UNIT 3A,Primary Superheater,61,2024,2024-06-15,5.8,4.44,3.3,484,145.5,85.53,Critical
UNIT 3A,Primary Superheater,61,2025,2025-06-15,5.8,4.33,3.3,484,145.5,97.48,Critical
UNIT 3A,Primary Superheater,62,2021,2021-06-15,5.8,5.34,3.3,458,148.5,25.89,Safe
UNIT 3A,Primary Superheater,62,2022,2022-06-15,5.8,5.29,3.3,458,148.5,34.67,Safe
UNIT 3A,Primary Superheater,62,2023,2023-06-15,5.8,5.02,3.3,458,148.5,44.14,Watch
UNIT 3A,Primary Superheater,62,2024,2024-06-15,5.8,4.87,3.3,458,148.5,52.55,Watch
UNIT 3A,Primary Superheater,62,2025,2025-06-15,5.8,4.77,3.3,458,148.5,62.25,Watch
UNIT 3A,Primary Superheater,63,2021,2021-06-15,5.8,5.26,3.3,465,148.4,29.06,Safe
UNIT 3A,Primary Superheater,63,2022,2022-06-15,5.8,5.23,3.3,465,148.4,35.54,Safe
UNIT 3A,Primary Superheater,63,2023,2023-06-15,5.8,5.19,3.3,465,148.4,42.73,Watch
UNIT 3A,Primary Superheater,63,2024,2024-06-15,5.8,4.85,3.3,465,148.4,51.24,Watch
UNIT 3A,Primary Superheater,63,2025,2025-06-15,5.8,4.72,3.3,465,148.4,58.32,Watch
UNIT 3A,Primary Superheater,64,2021,2021-06-15,5.8,5.04,3.3,466,143.2,45.37,Watch
UNIT 3A,Primary Superheater,64,2022,2022-06-15,5.8,4.84,3.3,466,143.2,62.66,Watch
UNIT 3A,Primary Superheater,64,2023,2023-06-15,5.8,4.49,3.3,466,143.2,77.83,Watch
UNIT 3A,Primary Superheater,64,2024,2024-06-15,5.8,4.48,3.3,466,143.2,92.02,Critical
UNIT 3A,Primary Superheater,64,2025,2025-06-15,5.8,4.06,3.3,466,143.2,99.5,Critical
UNIT 3A,Primary Superheater,65,2021,2021-06-15,5.8,5.77,3.3,452,141.6,1.55,Safe
UNIT 3A,Primary Superheater,65,2022,2022-06-15,5.8,5.75,3.3,452,141.6,2.75,Safe
UNIT 3A,Primary Superheater,65,2023,2023-06-15,5.8,5.73,3.3,452,141.6,3.93,Safe
UNIT 3A,Primary Superheater,65,2024,2024-06-15,5.8,5.71,3.3,452,141.6,5,Safe
UNIT 3A,Primary Superheater,65,2025,2025-06-15,5.8,5.71,3.3,452,141.6,6.14,Safe
UNIT 3A,Primary Superheater,66,2021,2021-06-15,5.8,5.3,3.3,476,151.9,29.63,Safe
UNIT 3A,Primary Superheater,66,2022,2022-06-15,5.8,5.17,3.3,476,151.9,39.16,Safe
UNIT 3A,Primary Superheater,66,2023,2023-06-15,5.8,4.97,3.3,476,151.9,46.34,Watch
UNIT 3A,Primary Superheater,66,2024,2024-06-15,5.8,5.01,3.3,476,151.9,53.98,Watch
UNIT 3A,Primary Superheater,66,2025,2025-06-15,5.8,4.86,3.3,476,151.9,61.25,Watch
UNIT 3A,Primary Superheater,67,2021,2021-06-15,5.8,5.38,3.3,485,141.4,29.02,Safe
UNIT 3A,Primary Superheater,67,2022,2022-06-15,5.8,5.26,3.3,485,141.4,38.13,Safe
UNIT 3A,Primary Superheater,67,2023,2023-06-15,5.8,5.01,3.3,485,141.4,46.66,Watch
UNIT 3A,Primary Superheater,67,2024,2024-06-15,5.8,4.96,3.3,485,141.4,56.28,Watch
UNIT 3A,Primary Superheater,67,2025,2025-06-15,5.8,4.69,3.3,485,141.4,65.6,Watch
UNIT 3A,Primary Superheater,68,2021,2021-06-15,5.8,5.31,3.3,488,143.6,29.02,Safe
UNIT 3A,Primary Superheater,68,2022,2022-06-15,5.8,5.21,3.3,488,143.6,39.02,Safe
UNIT 3A,Primary Superheater,68,2023,2023-06-15,5.8,5.03,3.3,488,143.6,48.39,Watch
UNIT 3A,Primary Superheater,68,2024,2024-06-15,5.8,4.99,3.3,488,143.6,58.67,Watch
UNIT 3A,Primary Superheater,68,2025,2025-06-15,5.8,4.8,3.3,488,143.6,68.17,Watch
UNIT 3A,Primary Superheater,69,2021,2021-06-15,5.8,5.72,3.3,463,144.7,4.34,Safe
UNIT 3A,Primary Superheater,69,2022,2022-06-15,5.8,5.69,3.3,463,144.7,6.03,Safe
UNIT 3A,Primary Superheater,69,2023,2023-06-15,5.8,5.65,3.3,463,144.7,8.02,Safe
UNIT 3A,Primary Superheater,69,2024,2024-06-15,5.8,5.64,3.3,463,144.7,9.79,Safe
UNIT 3A,Primary Superheater,69,2025,2025-06-15,5.8,5.59,3.3,463,144.7,11.42,Safe
UNIT 3A,Primary Superheater,70,2021,2021-06-15,5.8,5.76,3.3,462,149.1,2.27,Safe
UNIT 3A,Primary Superheater,70,2022,2022-06-15,5.8,5.72,3.3,462,149.1,4.39,Safe
UNIT 3A,Primary Superheater,70,2023,2023-06-15,5.8,5.67,3.3,462,149.1,7.09,Safe
UNIT 3A,Primary Superheater,70,2024,2024-06-15,5.8,5.65,3.3,462,149.1,9.72,Safe
UNIT 3A,Primary Superheater,70,2025,2025-06-15,5.8,5.63,3.3,462,149.1,12.19,Safe
UNIT 3A,Primary Superheater,71,2021,2021-06-15,5.8,5.4,3.3,477,141.1,22.89,Safe
UNIT 3A,Primary Superheater,71,2022,2022-06-15,5.8,5.33,3.3,477,141.1,31.92,Safe
UNIT 3A,Primary Superheater,71,2023,2023-06-15,5.8,5.18,3.3,477,141.1,40.9,Watch
UNIT 3A,Primary Superheater,71,2024,2024-06-15,5.8,4.96,3.3,477,141.1,52.18,Watch
UNIT 3A,Primary Superheater,71,2025,2025-06-15,5.8,4.9,3.3,477,141.1,61.43,Watch
UNIT 3A,Primary Superheater,72,2021,2021-06-15,5.8,5.32,3.3,456,140.4,33.76,Safe
UNIT 3A,Primary Superheater,72,2022,2022-06-15,5.8,5.02,3.3,456,140.4,44.69,Watch
UNIT 3A,Primary Superheater,72,2023,2023-06-15,5.8,4.86,3.3,456,140.4,54.74,Watch
UNIT 3A,Primary Superheater,72,2024,2024-06-15,5.8,4.59,3.3,456,140.4,66.71,Watch
UNIT 3A,Primary Superheater,72,2025,2025-06-15,5.8,4.43,3.3,456,140.4,77.17,Watch
UNIT 3A,Primary Superheater,73,2021,2021-06-15,5.8,5.79,3.3,480,152.2,0.99,Safe
UNIT 3A,Primary Superheater,73,2022,2022-06-15,5.8,5.74,3.3,480,152.2,3.31,Safe
UNIT 3A,Primary Superheater,73,2023,2023-06-15,5.8,5.7,3.3,480,152.2,5.62,Safe
UNIT 3A,Primary Superheater,73,2024,2024-06-15,5.8,5.66,3.3,480,152.2,8.13,Safe
UNIT 3A,Primary Superheater,73,2025,2025-06-15,5.8,5.62,3.3,480,152.2,10.39,Safe
UNIT 3A,Primary Superheater,74,2021,2021-06-15,5.8,5.79,3.3,488,142.9,0.87,Safe
UNIT 3A,Primary Superheater,74,2022,2022-06-15,5.8,5.77,3.3,488,142.9,2.26,Safe
UNIT 3A,Primary Superheater,74,2023,2023-06-15,5.8,5.74,3.3,488,142.9,3.37,Safe
UNIT 3A,Primary Superheater,74,2024,2024-06-15,5.8,5.73,3.3,488,142.9,4.49,Safe
UNIT 3A,Primary Superheater,74,2025,2025-06-15,5.8,5.71,3.3,488,142.9,5.77,Safe
UNIT 3A,Primary Superheater,75,2021,2021-06-15,5.8,5.72,3.3,482,145.5,4.78,Safe
UNIT 3A,Primary Superheater,75,2022,2022-06-15,5.8,5.7,3.3,482,145.5,6.18,Safe
UNIT 3A,Primary Superheater,75,2023,2023-06-15,5.8,5.69,3.3,482,145.5,7.72,Safe
UNIT 3A,Primary Superheater,75,2024,2024-06-15,5.8,5.67,3.3,482,145.5,9.13,Safe
UNIT 3A,Primary Superheater,75,2025,2025-06-15,5.8,5.62,3.3,482,145.5,10.66,Safe
UNIT 3A,Primary Superheater,76,2021,2021-06-15,5.8,5.46,3.3,485,144.1,23.78,Safe
UNIT 3A,Primary Superheater,76,2022,2022-06-15,5.8,5.28,3.3,485,144.1,34.22,Safe
UNIT 3A,Primary Superheater,76,2023,2023-06-15,5.8,5.02,3.3,485,144.1,45.47,Watch
UNIT 3A,Primary Superheater,76,2024,2024-06-15,5.8,4.9,3.3,485,144.1,54.16,Watch
UNIT 3A,Primary Superheater,76,2025,2025-06-15,5.8,4.92,3.3,485,144.1,63.54,Watch
UNIT 3A,Primary Superheater,77,2021,2021-06-15,5.8,5.36,3.3,452,154.7,26.88,Safe
UNIT 3A,Primary Superheater,77,2022,2022-06-15,5.8,5.21,3.3,452,154.7,35.97,Safe
UNIT 3A,Primary Superheater,77,2023,2023-06-15,5.8,5.05,3.3,452,154.7,47.46,Watch
UNIT 3A,Primary Superheater,77,2024,2024-06-15,5.8,4.88,3.3,452,154.7,57.33,Watch
UNIT 3A,Primary Superheater,77,2025,2025-06-15,5.8,4.83,3.3,452,154.7,66.76,Watch
UNIT 3A,Primary Superheater,78,2021,2021-06-15,5.8,5.79,3.3,458,146,0.77,Safe
UNIT 3A,Primary Superheater,78,2022,2022-06-15,5.8,5.75,3.3,458,146,3.05,Safe
UNIT 3A,Primary Superheater,78,2023,2023-06-15,5.8,5.7,3.3,458,146,5.32,Safe
UNIT 3A,Primary Superheater,78,2024,2024-06-15,5.8,5.67,3.3,458,146,7.72,Safe
UNIT 3A,Primary Superheater,78,2025,2025-06-15,5.8,5.62,3.3,458,146,10.41,Safe
UNIT 3A,Primary Superheater,79,2021,2021-06-15,5.8,5.77,3.3,471,153.1,2.38,Safe
UNIT 3A,Primary Superheater,79,2022,2022-06-15,5.8,5.73,3.3,471,153.1,4.7,Safe
UNIT 3A,Primary Superheater,79,2023,2023-06-15,5.8,5.69,3.3,471,153.1,6.89,Safe
UNIT 3A,Primary Superheater,79,2024,2024-06-15,5.8,5.67,3.3,471,153.1,9.22,Safe
UNIT 3A,Primary Superheater,79,2025,2025-06-15,5.8,5.6,3.3,471,153.1,11.17,Safe
UNIT 3A,Primary Superheater,80,2021,2021-06-15,5.8,5.3,3.3,462,141.6,29.97,Safe
UNIT 3A,Primary Superheater,80,2022,2022-06-15,5.8,5.22,3.3,462,141.6,39.22,Safe
UNIT 3A,Primary Superheater,80,2023,2023-06-15,5.8,5.09,3.3,462,141.6,49.67,Watch
UNIT 3A,Primary Superheater,80,2024,2024-06-15,5.8,4.9,3.3,462,141.6,59.67,Watch
UNIT 3A,Primary Superheater,80,2025,2025-06-15,5.8,4.63,3.3,462,141.6,70.84,Watch
UNIT 3A,Primary Superheater,81,2021,2021-06-15,5.8,5.12,3.3,462,154.4,45.17,Watch
UNIT 3A,Primary Superheater,81,2022,2022-06-15,5.8,4.86,3.3,462,154.4,59.69,Watch
UNIT 3A,Primary Superheater,81,2023,2023-06-15,5.8,4.53,3.3,462,154.4,73.62,Watch
UNIT 3A,Primary Superheater,81,2024,2024-06-15,5.8,4.17,3.3,462,154.4,89.37,Critical
UNIT 3A,Primary Superheater,81,2025,2025-06-15,5.8,4.35,3.3,462,154.4,99.5,Critical
UNIT 3A,Primary Superheater,82,2021,2021-06-15,5.8,5.3,3.3,460,151.9,28.61,Safe
UNIT 3A,Primary Superheater,82,2022,2022-06-15,5.8,5.25,3.3,460,151.9,38.1,Safe
UNIT 3A,Primary Superheater,82,2023,2023-06-15,5.8,4.94,3.3,460,151.9,48.17,Watch
UNIT 3A,Primary Superheater,82,2024,2024-06-15,5.8,5,3.3,460,151.9,57.93,Watch
UNIT 3A,Primary Superheater,82,2025,2025-06-15,5.8,4.79,3.3,460,151.9,68.71,Watch
UNIT 3A,Primary Superheater,83,2021,2021-06-15,5.8,5.46,3.3,453,150.8,24.72,Safe
UNIT 3A,Primary Superheater,83,2022,2022-06-15,5.8,5.2,3.3,453,150.8,34,Safe
UNIT 3A,Primary Superheater,83,2023,2023-06-15,5.8,5.01,3.3,453,150.8,42.95,Watch
UNIT 3A,Primary Superheater,83,2024,2024-06-15,5.8,5.02,3.3,453,150.8,52.27,Watch
UNIT 3A,Primary Superheater,83,2025,2025-06-15,5.8,4.86,3.3,453,150.8,60.5,Watch
UNIT 3A,Primary Superheater,84,2021,2021-06-15,5.8,5.76,3.3,486,154.1,2.5,Safe
UNIT 3A,Primary Superheater,84,2022,2022-06-15,5.8,5.72,3.3,486,154.1,4.51,Safe
UNIT 3A,Primary Superheater,84,2023,2023-06-15,5.8,5.69,3.3,486,154.1,6.56,Safe
UNIT 3A,Primary Superheater,84,2024,2024-06-15,5.8,5.64,3.3,486,154.1,8.7,Safe
UNIT 3A,Primary Superheater,84,2025,2025-06-15,5.8,5.63,3.3,486,154.1,10.7,Safe
UNIT 3A,Primary Superheater,85,2021,2021-06-15,5.8,5.77,3.3,480,151.7,1.68,Safe
UNIT 3A,Primary Superheater,85,2022,2022-06-15,5.8,5.76,3.3,480,151.7,2.69,Safe
UNIT 3A,Primary Superheater,85,2023,2023-06-15,5.8,5.74,3.3,480,151.7,3.79,Safe
UNIT 3A,Primary Superheater,85,2024,2024-06-15,5.8,5.73,3.3,480,151.7,4.93,Safe
UNIT 3A,Primary Superheater,85,2025,2025-06-15,5.8,5.71,3.3,480,151.7,6.09,Safe
UNIT 3A,Primary Superheater,86,2021,2021-06-15,5.8,5.45,3.3,488,143.3,22.16,Safe
UNIT 3A,Primary Superheater,86,2022,2022-06-15,5.8,5.26,3.3,488,143.3,29.5,Safe
UNIT 3A,Primary Superheater,86,2023,2023-06-15,5.8,5.2,3.3,488,143.3,36.56,Safe
UNIT 3A,Primary Superheater,86,2024,2024-06-15,5.8,5.03,3.3,488,143.3,43.19,Watch
UNIT 3A,Primary Superheater,86,2025,2025-06-15,5.8,5.05,3.3,488,143.3,49.39,Watch
UNIT 3A,Primary Superheater,87,2021,2021-06-15,5.8,5.06,3.3,489,141.5,41.39,Watch
UNIT 3A,Primary Superheater,87,2022,2022-06-15,5.8,4.95,3.3,489,141.5,50.68,Watch
UNIT 3A,Primary Superheater,87,2023,2023-06-15,5.8,4.69,3.3,489,141.5,60.72,Watch
UNIT 3A,Primary Superheater,87,2024,2024-06-15,5.8,4.79,3.3,489,141.5,71.87,Watch
UNIT 3A,Primary Superheater,87,2025,2025-06-15,5.8,4.48,3.3,489,141.5,83.61,Critical
UNIT 3A,Primary Superheater,88,2021,2021-06-15,5.8,5.76,3.3,455,145.3,2.43,Safe
UNIT 3A,Primary Superheater,88,2022,2022-06-15,5.8,5.71,3.3,455,145.3,4.87,Safe
UNIT 3A,Primary Superheater,88,2023,2023-06-15,5.8,5.67,3.3,455,145.3,7.19,Safe
UNIT 3A,Primary Superheater,88,2024,2024-06-15,5.8,5.63,3.3,455,145.3,9.34,Safe
UNIT 3A,Primary Superheater,88,2025,2025-06-15,5.8,5.59,3.3,455,145.3,12.03,Safe
UNIT 3A,Primary Superheater,89,2021,2021-06-15,5.8,5.28,3.3,481,155,33.37,Safe
UNIT 3A,Primary Superheater,89,2022,2022-06-15,5.8,5.14,3.3,481,155,43.52,Watch
UNIT 3A,Primary Superheater,89,2023,2023-06-15,5.8,4.89,3.3,481,155,55.04,Watch
UNIT 3A,Primary Superheater,89,2024,2024-06-15,5.8,4.66,3.3,481,155,65.41,Watch
UNIT 3A,Primary Superheater,89,2025,2025-06-15,5.8,4.53,3.3,481,155,75.3,Watch
UNIT 3A,Primary Superheater,90,2021,2021-06-15,5.8,5.3,3.3,474,146.6,28.08,Safe
UNIT 3A,Primary Superheater,90,2022,2022-06-15,5.8,5.24,3.3,474,146.6,37.14,Safe
UNIT 3A,Primary Superheater,90,2023,2023-06-15,5.8,4.92,3.3,474,146.6,47.41,Watch
UNIT 3A,Primary Superheater,90,2024,2024-06-15,5.8,4.78,3.3,474,146.6,55.35,Watch
UNIT 3A,Primary Superheater,90,2025,2025-06-15,5.8,4.87,3.3,474,146.6,65.13,Watch
UNIT 3A,Primary Superheater,91,2021,2021-06-15,5.8,5.34,3.3,473,147.6,31.2,Safe
UNIT 3A,Primary Superheater,91,2022,2022-06-15,5.8,5.09,3.3,473,147.6,40.16,Watch
UNIT 3A,Primary Superheater,91,2023,2023-06-15,5.8,5,3.3,473,147.6,48.26,Watch
UNIT 3A,Primary Superheater,91,2024,2024-06-15,5.8,4.81,3.3,473,147.6,56.73,Watch
UNIT 3A,Primary Superheater,91,2025,2025-06-15,5.8,4.66,3.3,473,147.6,66.12,Watch
UNIT 3A,Primary Superheater,92,2021,2021-06-15,5.8,5.7,3.3,465,148.6,5.45,Safe
UNIT 3A,Primary Superheater,92,2022,2022-06-15,5.8,5.69,3.3,465,148.6,7.51,Safe
UNIT 3A,Primary Superheater,92,2023,2023-06-15,5.8,5.66,3.3,465,148.6,10.05,Safe
UNIT 3A,Primary Superheater,92,2024,2024-06-15,5.8,5.59,3.3,465,148.6,12.56,Safe
UNIT 3A,Primary Superheater,92,2025,2025-06-15,5.8,5.55,3.3,465,148.6,15.07,Safe
UNIT 3A,Primary Superheater,93,2021,2021-06-15,5.8,5.75,3.3,464,143.8,2.91,Safe
UNIT 3A,Primary Superheater,93,2022,2022-06-15,5.8,5.72,3.3,464,143.8,4.73,Safe
UNIT 3A,Primary Superheater,93,2023,2023-06-15,5.8,5.7,3.3,464,143.8,6.69,Safe
UNIT 3A,Primary Superheater,93,2024,2024-06-15,5.8,5.68,3.3,464,143.8,8.93,Safe
UNIT 3A,Primary Superheater,93,2025,2025-06-15,5.8,5.62,3.3,464,143.8,10.94,Safe
UNIT 3A,Primary Superheater,94,2021,2021-06-15,5.8,5.03,3.3,450,141.6,43.11,Watch
UNIT 3A,Primary Superheater,94,2022,2022-06-15,5.8,5.03,3.3,450,141.6,54,Watch
UNIT 3A,Primary Superheater,94,2023,2023-06-15,5.8,4.88,3.3,450,141.6,63.83,Watch
UNIT 3A,Primary Superheater,94,2024,2024-06-15,5.8,4.56,3.3,450,141.6,75.26,Watch
UNIT 3A,Primary Superheater,94,2025,2025-06-15,5.8,4.41,3.3,450,141.6,84.2,Critical
UNIT 3A,Primary Superheater,95,2021,2021-06-15,5.8,5.8,3.3,476,150.3,0.28,Safe
UNIT 3A,Primary Superheater,95,2022,2022-06-15,5.8,5.78,3.3,476,150.3,1.1,Safe
UNIT 3A,Primary Superheater,95,2023,2023-06-15,5.8,5.77,3.3,476,150.3,2.03,Safe
UNIT 3A,Primary Superheater,95,2024,2024-06-15,5.8,5.75,3.3,476,150.3,2.92,Safe
UNIT 3A,Primary Superheater,95,2025,2025-06-15,5.8,5.74,3.3,476,150.3,3.73,Safe
UNIT 3A,Primary Superheater,96,2021,2021-06-15,5.8,5.24,3.3,464,146.1,34.38,Safe
UNIT 3A,Primary Superheater,96,2022,2022-06-15,5.8,5.04,3.3,464,146.1,45.51,Watch
UNIT 3A,Primary Superheater,96,2023,2023-06-15,5.8,4.7,3.3,464,146.1,59.44,Watch
UNIT 3A,Primary Superheater,96,2024,2024-06-15,5.8,4.75,3.3,464,146.1,71.23,Watch
UNIT 3A,Primary Superheater,96,2025,2025-06-15,5.8,4.28,3.3,464,146.1,83.43,Critical
UNIT 3A,Primary Superheater,97,2021,2021-06-15,5.8,5.45,3.3,476,146.8,20.46,Safe
UNIT 3A,Primary Superheater,97,2022,2022-06-15,5.8,5.33,3.3,476,146.8,30.58,Safe
UNIT 3A,Primary Superheater,97,2023,2023-06-15,5.8,5.14,3.3,476,146.8,40.43,Watch
UNIT 3A,Primary Superheater,97,2024,2024-06-15,5.8,4.91,3.3,476,146.8,48.85,Watch
UNIT 3A,Primary Superheater,97,2025,2025-06-15,5.8,4.72,3.3,476,146.8,59.04,Watch
UNIT 3A,Primary Superheater,98,2021,2021-06-15,5.8,5.41,3.3,472,140.5,24.64,Safe
UNIT 3A,Primary Superheater,98,2022,2022-06-15,5.8,5.35,3.3,472,140.5,32.48,Safe
UNIT 3A,Primary Superheater,98,2023,2023-06-15,5.8,5.2,3.3,472,140.5,41.56,Watch
UNIT 3A,Primary Superheater,98,2024,2024-06-15,5.8,4.92,3.3,472,140.5,49.79,Watch
UNIT 3A,Primary Superheater,98,2025,2025-06-15,5.8,4.95,3.3,472,140.5,58.27,Watch
UNIT 3A,Primary Superheater,99,2021,2021-06-15,5.8,5.76,3.3,488,149.1,2.55,Safe
UNIT 3A,Primary Superheater,99,2022,2022-06-15,5.8,5.71,3.3,488,149.1,5.46,Safe
UNIT 3A,Primary Superheater,99,2023,2023-06-15,5.8,5.64,3.3,488,149.1,8.36,Safe
UNIT 3A,Primary Superheater,99,2024,2024-06-15,5.8,5.6,3.3,488,149.1,11.1,Safe
UNIT 3A,Primary Superheater,99,2025,2025-06-15,5.8,5.6,3.3,488,149.1,13.9,Safe
UNIT 3A,Primary Superheater,100,2021,2021-06-15,5.8,5.77,3.3,451,145,1.95,Safe
UNIT 3A,Primary Superheater,100,2022,2022-06-15,5.8,5.72,3.3,451,145,4.51,Safe
UNIT 3A,Primary Superheater,100,2023,2023-06-15,5.8,5.69,3.3,451,145,7.49,Safe
UNIT 3A,Primary Superheater,100,2024,2024-06-15,5.8,5.62,3.3,451,145,10.15,Safe
UNIT 3A,Primary Superheater,100,2025,2025-06-15,5.8,5.58,3.3,451,145,12.67,Safe
UNIT 3A,Primary Superheater,101,2021,2021-06-15,5.8,5.8,3.3,450,141.9,0.23,Safe
UNIT 3A,Primary Superheater,101,2022,2022-06-15,5.8,5.77,3.3,450,141.9,2.16,Safe
UNIT 3A,Primary Superheater,101,2023,2023-06-15,5.8,5.73,3.3,450,141.9,3.73,Safe
UNIT 3A,Primary Superheater,101,2024,2024-06-15,5.8,5.72,3.3,450,141.9,5.22,Safe
UNIT 3A,Primary Superheater,101,2025,2025-06-15,5.8,5.68,3.3,450,141.9,6.89,Safe
UNIT 3A,Primary Superheater,102,2021,2021-06-15,5.8,5.8,3.3,482,149.3,0.13,Safe
UNIT 3A,Primary Superheater,102,2022,2022-06-15,5.8,5.74,3.3,482,149.3,3.45,Safe
UNIT 3A,Primary Superheater,102,2023,2023-06-15,5.8,5.69,3.3,482,149.3,6.22,Safe
UNIT 3A,Primary Superheater,102,2024,2024-06-15,5.8,5.67,3.3,482,149.3,9.28,Safe
UNIT 3A,Primary Superheater,102,2025,2025-06-15,5.8,5.57,3.3,482,149.3,12.32,Safe
UNIT 3A,Primary Superheater,103,2021,2021-06-15,5.8,5.38,3.3,477,150.7,24.97,Safe
UNIT 3A,Primary Superheater,103,2022,2022-06-15,5.8,5.3,3.3,477,150.7,34.76,Safe
UNIT 3A,Primary Superheater,103,2023,2023-06-15,5.8,5.05,3.3,477,150.7,46.19,Watch
UNIT 3A,Primary Superheater,103,2024,2024-06-15,5.8,4.77,3.3,477,150.7,57.13,Watch
UNIT 3A,Primary Superheater,103,2025,2025-06-15,5.8,4.61,3.3,477,150.7,66.03,Watch
UNIT 3A,Primary Superheater,104,2021,2021-06-15,5.8,5.75,3.3,467,149.9,2.58,Safe
UNIT 3A,Primary Superheater,104,2022,2022-06-15,5.8,5.74,3.3,467,149.9,4.09,Safe
UNIT 3A,Primary Superheater,104,2023,2023-06-15,5.8,5.72,3.3,467,149.9,5.42,Safe
UNIT 3A,Primary Superheater,104,2024,2024-06-15,5.8,5.68,3.3,467,149.9,6.81,Safe
UNIT 3A,Primary Superheater,104,2025,2025-06-15,5.8,5.67,3.3,467,149.9,8.24,Safe
UNIT 3A,Primary Superheater,105,2021,2021-06-15,5.8,5.35,3.3,486,151.4,26.66,Safe
UNIT 3A,Primary Superheater,105,2022,2022-06-15,5.8,5.3,3.3,486,151.4,34.06,Safe
UNIT 3A,Primary Superheater,105,2023,2023-06-15,5.8,5.07,3.3,486,151.4,42.61,Watch
UNIT 3A,Primary Superheater,105,2024,2024-06-15,5.8,5.01,3.3,486,151.4,51.13,Watch
UNIT 3A,Primary Superheater,105,2025,2025-06-15,5.8,4.77,3.3,486,151.4,58.46,Watch
UNIT 3A,Primary Superheater,106,2021,2021-06-15,5.8,5.77,3.3,471,144.1,2.12,Safe
UNIT 3A,Primary Superheater,106,2022,2022-06-15,5.8,5.74,3.3,471,144.1,4.07,Safe
UNIT 3A,Primary Superheater,106,2023,2023-06-15,5.8,5.69,3.3,471,144.1,5.79,Safe
UNIT 3A,Primary Superheater,106,2024,2024-06-15,5.8,5.68,3.3,471,144.1,7.56,Safe
UNIT 3A,Primary Superheater,106,2025,2025-06-15,5.8,5.66,3.3,471,144.1,9.33,Safe
UNIT 3A,Primary Superheater,107,2021,2021-06-15,5.8,5.26,3.3,455,154.4,39.57,Safe
UNIT 3A,Primary Superheater,107,2022,2022-06-15,5.8,5.01,3.3,455,154.4,55.34,Watch
UNIT 3A,Primary Superheater,107,2023,2023-06-15,5.8,4.54,3.3,455,154.4,70.14,Watch
UNIT 3A,Primary Superheater,107,2024,2024-06-15,5.8,4.24,3.3,455,154.4,83.19,Critical
UNIT 3A,Primary Superheater,107,2025,2025-06-15,5.8,4.25,3.3,455,154.4,98.54,Critical
UNIT 3A,Primary Superheater,108,2021,2021-06-15,5.8,5.15,3.3,479,143.2,39.92,Safe
UNIT 3A,Primary Superheater,108,2022,2022-06-15,5.8,4.84,3.3,479,143.2,51.11,Watch
UNIT 3A,Primary Superheater,108,2023,2023-06-15,5.8,4.77,3.3,479,143.2,63.56,Watch
UNIT 3A,Primary Superheater,108,2024,2024-06-15,5.8,4.45,3.3,479,143.2,77.79,Watch
UNIT 3A,Primary Superheater,108,2025,2025-06-15,5.8,4.09,3.3,479,143.2,92.42,Critical
UNIT 3A,Primary Superheater,109,2021,2021-06-15,5.8,5.21,3.3,470,150.8,42.99,Watch
UNIT 3A,Primary Superheater,109,2022,2022-06-15,5.8,4.83,3.3,470,150.8,56.18,Watch
UNIT 3A,Primary Superheater,109,2023,2023-06-15,5.8,4.72,3.3,470,150.8,68.14,Watch
UNIT 3A,Primary Superheater,109,2024,2024-06-15,5.8,4.38,3.3,470,150.8,81.59,Critical
UNIT 3A,Primary Superheater,109,2025,2025-06-15,5.8,4.11,3.3,470,150.8,94.41,Critical
UNIT 3A,Primary Superheater,110,2021,2021-06-15,5.8,5.21,3.3,451,149.8,35.17,Safe
UNIT 3A,Primary Superheater,110,2022,2022-06-15,5.8,4.98,3.3,451,149.8,44.06,Watch
UNIT 3A,Primary Superheater,110,2023,2023-06-15,5.8,4.88,3.3,451,149.8,52.3,Watch
UNIT 3A,Primary Superheater,110,2024,2024-06-15,5.8,4.82,3.3,451,149.8,61.63,Watch
UNIT 3A,Primary Superheater,110,2025,2025-06-15,5.8,4.59,3.3,451,149.8,69.68,Watch
UNIT 3A,Primary Superheater,111,2021,2021-06-15,5.8,5.37,3.3,475,149.2,27.28,Safe
UNIT 3A,Primary Superheater,111,2022,2022-06-15,5.8,5.16,3.3,475,149.2,36.82,Safe
UNIT 3A,Primary Superheater,111,2023,2023-06-15,5.8,5.01,3.3,475,149.2,44.38,Watch
UNIT 3A,Primary Superheater,111,2024,2024-06-15,5.8,4.83,3.3,475,149.2,52.53,Watch
UNIT 3A,Primary Superheater,111,2025,2025-06-15,5.8,4.95,3.3,475,149.2,61.37,Watch
UNIT 3A,Primary Superheater,112,2021,2021-06-15,5.8,5.28,3.3,465,150.4,31.38,Safe
UNIT 3A,Primary Superheater,112,2022,2022-06-15,5.8,5.14,3.3,465,150.4,41.7,Watch
UNIT 3A,Primary Superheater,112,2023,2023-06-15,5.8,4.87,3.3,465,150.4,50.45,Watch
UNIT 3A,Primary Superheater,112,2024,2024-06-15,5.8,4.88,3.3,465,150.4,59.95,Watch
UNIT 3A,Primary Superheater,112,2025,2025-06-15,5.8,4.51,3.3,465,150.4,69.03,Watch
UNIT 3A,Primary Superheater,113,2021,2021-06-15,5.8,5.26,3.3,472,154.5,29.66,Safe
UNIT 3A,Primary Superheater,113,2022,2022-06-15,5.8,5.26,3.3,472,154.5,37.79,Safe
UNIT 3A,Primary Superheater,113,2023,2023-06-15,5.8,4.94,3.3,472,154.5,45.79,Watch
UNIT 3A,Primary Superheater,113,2024,2024-06-15,5.8,4.84,3.3,472,154.5,53.04,Watch
UNIT 3A,Primary Superheater,113,2025,2025-06-15,5.8,4.68,3.3,472,154.5,60.37,Watch
UNIT 3A,Primary Superheater,114,2021,2021-06-15,5.8,5.42,3.3,467,145.9,20.6,Safe
UNIT 3A,Primary Superheater,114,2022,2022-06-15,5.8,5.28,3.3,467,145.9,28.34,Safe
UNIT 3A,Primary Superheater,114,2023,2023-06-15,5.8,5.19,3.3,467,145.9,35.74,Safe
UNIT 3A,Primary Superheater,114,2024,2024-06-15,5.8,5.03,3.3,467,145.9,45.33,Watch
UNIT 3A,Primary Superheater,114,2025,2025-06-15,5.8,4.78,3.3,467,145.9,54.76,Watch
UNIT 3A,Primary Superheater,115,2021,2021-06-15,5.8,5.74,3.3,485,152.4,3.42,Safe
UNIT 3A,Primary Superheater,115,2022,2022-06-15,5.8,5.72,3.3,485,152.4,4.32,Safe
UNIT 3A,Primary Superheater,115,2023,2023-06-15,5.8,5.71,3.3,485,152.4,5.08,Safe
UNIT 3A,Primary Superheater,115,2024,2024-06-15,5.8,5.71,3.3,485,152.4,5.85,Safe
UNIT 3A,Primary Superheater,115,2025,2025-06-15,5.8,5.7,3.3,485,152.4,6.75,Safe
UNIT 3A,Primary Superheater,116,2021,2021-06-15,5.8,5.78,3.3,461,142.7,1.43,Safe
UNIT 3A,Primary Superheater,116,2022,2022-06-15,5.8,5.74,3.3,461,142.7,4.05,Safe
UNIT 3A,Primary Superheater,116,2023,2023-06-15,5.8,5.68,3.3,461,142.7,6.53,Safe
UNIT 3A,Primary Superheater,116,2024,2024-06-15,5.8,5.63,3.3,461,142.7,9.51,Safe
UNIT 3A,Primary Superheater,116,2025,2025-06-15,5.8,5.61,3.3,461,142.7,11.74,Safe
UNIT 3A,Primary Superheater,117,2021,2021-06-15,5.8,5.21,3.3,485,149.5,38.85,Safe
UNIT 3A,Primary Superheater,117,2022,2022-06-15,5.8,4.86,3.3,485,149.5,50.98,Watch
UNIT 3A,Primary Superheater,117,2023,2023-06-15,5.8,4.71,3.3,485,149.5,61.07,Watch
UNIT 3A,Primary Superheater,117,2024,2024-06-15,5.8,4.76,3.3,485,149.5,71.71,Watch
UNIT 3A,Primary Superheater,117,2025,2025-06-15,5.8,4.63,3.3,485,149.5,84.73,Critical
UNIT 3A,Primary Superheater,118,2021,2021-06-15,5.8,5.31,3.3,488,152.9,27.45,Safe
UNIT 3A,Primary Superheater,118,2022,2022-06-15,5.8,5.22,3.3,488,152.9,36.92,Safe
UNIT 3A,Primary Superheater,118,2023,2023-06-15,5.8,5.04,3.3,488,152.9,45,Watch
UNIT 3A,Primary Superheater,118,2024,2024-06-15,5.8,5.04,3.3,488,152.9,53.96,Watch
UNIT 3A,Primary Superheater,118,2025,2025-06-15,5.8,4.82,3.3,488,152.9,64.16,Watch
UNIT 3A,Primary Superheater,119,2021,2021-06-15,5.8,5.15,3.3,486,142.3,41.23,Watch
UNIT 3A,Primary Superheater,119,2022,2022-06-15,5.8,4.94,3.3,486,142.3,57.21,Watch
UNIT 3A,Primary Superheater,119,2023,2023-06-15,5.8,4.7,3.3,486,142.3,73.45,Watch
UNIT 3A,Primary Superheater,119,2024,2024-06-15,5.8,4.59,3.3,486,142.3,87.42,Critical
UNIT 3A,Primary Superheater,119,2025,2025-06-15,5.8,4.31,3.3,486,142.3,99.5,Critical
UNIT 3A,Primary Superheater,120,2021,2021-06-15,5.8,5.73,3.3,480,143.4,4.55,Safe
UNIT 3A,Primary Superheater,120,2022,2022-06-15,5.8,5.7,3.3,480,143.4,5.87,Safe
UNIT 3A,Primary Superheater,120,2023,2023-06-15,5.8,5.69,3.3,480,143.4,7.12,Safe
UNIT 3A,Primary Superheater,120,2024,2024-06-15,5.8,5.66,3.3,480,143.4,8.18,Safe
UNIT 3A,Primary Superheater,120,2025,2025-06-15,5.8,5.64,3.3,480,143.4,9.39,Safe
UNIT 3A,Primary Superheater,121,2021,2021-06-15,5.8,5.35,3.3,483,140.8,26.71,Safe
UNIT 3A,Primary Superheater,121,2022,2022-06-15,5.8,5.18,3.3,483,140.8,35.82,Safe
UNIT 3A,Primary Superheater,121,2023,2023-06-15,5.8,5.06,3.3,483,140.8,46.11,Watch
UNIT 3A,Primary Superheater,121,2024,2024-06-15,5.8,4.86,3.3,483,140.8,55.92,Watch
UNIT 3A,Primary Superheater,121,2025,2025-06-15,5.8,4.61,3.3,483,140.8,65.53,Watch
UNIT 3A,Primary Superheater,122,2021,2021-06-15,5.8,5.24,3.3,459,143.1,32.54,Safe
UNIT 3A,Primary Superheater,122,2022,2022-06-15,5.8,5.1,3.3,459,143.1,46.42,Watch
UNIT 3A,Primary Superheater,122,2023,2023-06-15,5.8,4.75,3.3,459,143.1,60.63,Watch
UNIT 3A,Primary Superheater,122,2024,2024-06-15,5.8,4.72,3.3,459,143.1,76.87,Watch
UNIT 3A,Primary Superheater,122,2025,2025-06-15,5.8,4.43,3.3,459,143.1,92.54,Critical
UNIT 3A,Primary Superheater,123,2021,2021-06-15,5.8,5.4,3.3,488,154.3,25.78,Safe
UNIT 3A,Primary Superheater,123,2022,2022-06-15,5.8,5.24,3.3,488,154.3,35.34,Safe
UNIT 3A,Primary Superheater,123,2023,2023-06-15,5.8,5.1,3.3,488,154.3,44.66,Watch
UNIT 3A,Primary Superheater,123,2024,2024-06-15,5.8,5.05,3.3,488,154.3,52.82,Watch
UNIT 3A,Primary Superheater,123,2025,2025-06-15,5.8,4.68,3.3,488,154.3,60.65,Watch
UNIT 3A,Primary Superheater,124,2021,2021-06-15,5.8,5.34,3.3,473,145.3,28.57,Safe
UNIT 3A,Primary Superheater,124,2022,2022-06-15,5.8,5.24,3.3,473,145.3,37.75,Safe
UNIT 3A,Primary Superheater,124,2023,2023-06-15,5.8,5.11,3.3,473,145.3,46.44,Watch
UNIT 3A,Primary Superheater,124,2024,2024-06-15,5.8,4.88,3.3,473,145.3,53.77,Watch
UNIT 3A,Primary Superheater,124,2025,2025-06-15,5.8,4.62,3.3,473,145.3,62.92,Watch
UNIT 3A,Primary Superheater,125,2021,2021-06-15,5.8,4.92,3.3,460,154.4,47.17,Watch
UNIT 3A,Primary Superheater,125,2022,2022-06-15,5.8,4.63,3.3,460,154.4,62.63,Watch
UNIT 3A,Primary Superheater,125,2023,2023-06-15,5.8,4.54,3.3,460,154.4,77.34,Watch
UNIT 3A,Primary Superheater,125,2024,2024-06-15,5.8,4.13,3.3,460,154.4,93.29,Critical
UNIT 3A,Primary Superheater,125,2025,2025-06-15,5.8,4.28,3.3,460,154.4,99.5,Critical
UNIT 3A,Primary Superheater,126,2021,2021-06-15,5.8,5.77,3.3,476,147.8,2.43,Safe
UNIT 3A,Primary Superheater,126,2022,2022-06-15,5.8,5.74,3.3,476,147.8,3.93,Safe
UNIT 3A,Primary Superheater,126,2023,2023-06-15,5.8,5.72,3.3,476,147.8,5.12,Safe
UNIT 3A,Primary Superheater,126,2024,2024-06-15,5.8,5.69,3.3,476,147.8,6.55,Safe
UNIT 3A,Primary Superheater,126,2025,2025-06-15,5.8,5.68,3.3,476,147.8,7.85,Safe
UNIT 3A,Primary Superheater,127,2021,2021-06-15,5.8,5.74,3.3,476,150.7,3.57,Safe
UNIT 3A,Primary Superheater,127,2022,2022-06-15,5.8,5.69,3.3,476,150.7,6.28,Safe
UNIT 3A,Primary Superheater,127,2023,2023-06-15,5.8,5.64,3.3,476,150.7,8.83,Safe
UNIT 3A,Primary Superheater,127,2024,2024-06-15,5.8,5.62,3.3,476,150.7,11.15,Safe
UNIT 3A,Primary Superheater,127,2025,2025-06-15,5.8,5.58,3.3,476,150.7,13.31,Safe
UNIT 3A,Primary Superheater,128,2021,2021-06-15,5.8,5.47,3.3,490,152.4,21.98,Safe
UNIT 3A,Primary Superheater,128,2022,2022-06-15,5.8,5.37,3.3,490,152.4,30.81,Safe
UNIT 3A,Primary Superheater,128,2023,2023-06-15,5.8,5.14,3.3,490,152.4,40.89,Watch
UNIT 3A,Primary Superheater,128,2024,2024-06-15,5.8,4.93,3.3,490,152.4,50.63,Watch
UNIT 3A,Primary Superheater,128,2025,2025-06-15,5.8,4.94,3.3,490,152.4,60.87,Watch
UNIT 3A,Primary Superheater,129,2021,2021-06-15,5.8,5.39,3.3,452,150.4,22.5,Safe
UNIT 3A,Primary Superheater,129,2022,2022-06-15,5.8,5.31,3.3,452,150.4,29.77,Safe
UNIT 3A,Primary Superheater,129,2023,2023-06-15,5.8,5.3,3.3,452,150.4,36.14,Safe
UNIT 3A,Primary Superheater,129,2024,2024-06-15,5.8,5.14,3.3,452,150.4,43.19,Watch
UNIT 3A,Primary Superheater,129,2025,2025-06-15,5.8,4.88,3.3,452,150.4,49.44,Watch
UNIT 3A,Primary Superheater,130,2021,2021-06-15,5.8,5.06,3.3,478,144.6,47.19,Watch
UNIT 3A,Primary Superheater,130,2022,2022-06-15,5.8,4.93,3.3,478,144.6,55.26,Watch
UNIT 3A,Primary Superheater,130,2023,2023-06-15,5.8,4.67,3.3,478,144.6,65.79,Watch
UNIT 3A,Primary Superheater,130,2024,2024-06-15,5.8,4.65,3.3,478,144.6,74.95,Watch
UNIT 3A,Primary Superheater,130,2025,2025-06-15,5.8,4.39,3.3,478,144.6,83.8,Critical
UNIT 3A,Primary Superheater,131,2021,2021-06-15,5.8,5.3,3.3,480,152.6,30.43,Safe
UNIT 3A,Primary Superheater,131,2022,2022-06-15,5.8,5.06,3.3,480,152.6,40.52,Watch
UNIT 3A,Primary Superheater,131,2023,2023-06-15,5.8,5.03,3.3,480,152.6,48.48,Watch
UNIT 3A,Primary Superheater,131,2024,2024-06-15,5.8,4.73,3.3,480,152.6,56.94,Watch
UNIT 3A,Primary Superheater,131,2025,2025-06-15,5.8,4.6,3.3,480,152.6,67.42,Watch
UNIT 3A,Primary Superheater,132,2021,2021-06-15,5.8,5.77,3.3,486,149.3,1.5,Safe
UNIT 3A,Primary Superheater,132,2022,2022-06-15,5.8,5.76,3.3,486,149.3,2.47,Safe
UNIT 3A,Primary Superheater,132,2023,2023-06-15,5.8,5.75,3.3,486,149.3,3.3,Safe
UNIT 3A,Primary Superheater,132,2024,2024-06-15,5.8,5.73,3.3,486,149.3,4.05,Safe
UNIT 3A,Primary Superheater,132,2025,2025-06-15,5.8,5.73,3.3,486,149.3,4.87,Safe
UNIT 3A,Primary Superheater,133,2021,2021-06-15,5.8,5.77,3.3,461,154.2,1.72,Safe
UNIT 3A,Primary Superheater,133,2022,2022-06-15,5.8,5.74,3.3,461,154.2,4.33,Safe
UNIT 3A,Primary Superheater,133,2023,2023-06-15,5.8,5.67,3.3,461,154.2,7.45,Safe
UNIT 3A,Primary Superheater,133,2024,2024-06-15,5.8,5.66,3.3,461,154.2,9.94,Safe
UNIT 3A,Primary Superheater,133,2025,2025-06-15,5.8,5.61,3.3,461,154.2,12.41,Safe
UNIT 3A,Primary Superheater,134,2021,2021-06-15,5.8,5.25,3.3,457,145.7,33.87,Safe
UNIT 3A,Primary Superheater,134,2022,2022-06-15,5.8,5.01,3.3,457,145.7,44.33,Watch
UNIT 3A,Primary Superheater,134,2023,2023-06-15,5.8,4.82,3.3,457,145.7,54.16,Watch
UNIT 3A,Primary Superheater,134,2024,2024-06-15,5.8,4.57,3.3,457,145.7,66.06,Watch
UNIT 3A,Primary Superheater,134,2025,2025-06-15,5.8,4.67,3.3,457,145.7,75.66,Watch
UNIT 3A,Primary Superheater,135,2021,2021-06-15,5.8,5.49,3.3,465,152.1,20.88,Safe
UNIT 3A,Primary Superheater,135,2022,2022-06-15,5.8,5.29,3.3,465,152.1,28.62,Safe
UNIT 3A,Primary Superheater,135,2023,2023-06-15,5.8,5.25,3.3,465,152.1,34.59,Safe
UNIT 3A,Primary Superheater,135,2024,2024-06-15,5.8,5.06,3.3,465,152.1,40.55,Watch
UNIT 3A,Primary Superheater,135,2025,2025-06-15,5.8,4.98,3.3,465,152.1,47.89,Watch
UNIT 3A,Primary Superheater,136,2021,2021-06-15,5.8,5.3,3.3,474,151.1,31.07,Safe
UNIT 3A,Primary Superheater,136,2022,2022-06-15,5.8,5.25,3.3,474,151.1,39.92,Safe
UNIT 3A,Primary Superheater,136,2023,2023-06-15,5.8,4.98,3.3,474,151.1,49.04,Watch
UNIT 3A,Primary Superheater,136,2024,2024-06-15,5.8,4.69,3.3,474,151.1,60.19,Watch
UNIT 3A,Primary Superheater,136,2025,2025-06-15,5.8,4.75,3.3,474,151.1,69.43,Watch
UNIT 3A,Primary Superheater,137,2021,2021-06-15,5.8,5.06,3.3,474,148.6,44.49,Watch
UNIT 3A,Primary Superheater,137,2022,2022-06-15,5.8,4.93,3.3,474,148.6,59.24,Watch
UNIT 3A,Primary Superheater,137,2023,2023-06-15,5.8,4.69,3.3,474,148.6,74.2,Watch
UNIT 3A,Primary Superheater,137,2024,2024-06-15,5.8,4.42,3.3,474,148.6,90.4,Critical
UNIT 3A,Primary Superheater,137,2025,2025-06-15,5.8,4.15,3.3,474,148.6,99.5,Critical
UNIT 3A,Primary Superheater,138,2021,2021-06-15,5.8,5.71,3.3,469,140,5.08,Safe
UNIT 3A,Primary Superheater,138,2022,2022-06-15,5.8,5.7,3.3,469,140,6.59,Safe
UNIT 3A,Primary Superheater,138,2023,2023-06-15,5.8,5.66,3.3,469,140,7.88,Safe
UNIT 3A,Primary Superheater,138,2024,2024-06-15,5.8,5.64,3.3,469,140,9.46,Safe
UNIT 3A,Primary Superheater,138,2025,2025-06-15,5.8,5.61,3.3,469,140,10.94,Safe
UNIT 3A,Primary Superheater,139,2021,2021-06-15,5.8,5.38,3.3,458,146.5,26.18,Safe
UNIT 3A,Primary Superheater,139,2022,2022-06-15,5.8,5.14,3.3,458,146.5,36,Safe
UNIT 3A,Primary Superheater,139,2023,2023-06-15,5.8,5,3.3,458,146.5,43.91,Watch
UNIT 3A,Primary Superheater,139,2024,2024-06-15,5.8,4.87,3.3,458,146.5,51.55,Watch
UNIT 3A,Primary Superheater,139,2025,2025-06-15,5.8,4.86,3.3,458,146.5,59.31,Watch
UNIT 3A,Primary Superheater,140,2021,2021-06-15,5.8,5.32,3.3,483,141.7,25.94,Safe
UNIT 3A,Primary Superheater,140,2022,2022-06-15,5.8,5.15,3.3,483,141.7,35.94,Safe
UNIT 3A,Primary Superheater,140,2023,2023-06-15,5.8,5.15,3.3,483,141.7,46.89,Watch
UNIT 3A,Primary Superheater,140,2024,2024-06-15,5.8,4.93,3.3,483,141.7,56.06,Watch
UNIT 3A,Primary Superheater,140,2025,2025-06-15,5.8,4.87,3.3,483,141.7,66.02,Watch
UNIT 3A,Primary Superheater,141,2021,2021-06-15,5.8,5.72,3.3,478,141.1,5.61,Safe
UNIT 3A,Primary Superheater,141,2022,2022-06-15,5.8,5.69,3.3,478,141.1,6.66,Safe
UNIT 3A,Primary Superheater,141,2023,2023-06-15,5.8,5.66,3.3,478,141.1,7.7,Safe
UNIT 3A,Primary Superheater,141,2024,2024-06-15,5.8,5.67,3.3,478,141.1,8.99,Safe
UNIT 3A,Primary Superheater,141,2025,2025-06-15,5.8,5.61,3.3,478,141.1,10.31,Safe
UNIT 3A,Primary Superheater,142,2021,2021-06-15,5.8,5.27,3.3,468,150,36.47,Safe
UNIT 3A,Primary Superheater,142,2022,2022-06-15,5.8,4.84,3.3,468,150,53.61,Watch
UNIT 3A,Primary Superheater,142,2023,2023-06-15,5.8,4.46,3.3,468,150,71.51,Watch
UNIT 3A,Primary Superheater,142,2024,2024-06-15,5.8,4.35,3.3,468,150,85.17,Critical
UNIT 3A,Primary Superheater,142,2025,2025-06-15,5.8,4.37,3.3,468,150,99.5,Critical
UNIT 3A,Primary Superheater,143,2021,2021-06-15,5.8,5.04,3.3,455,154.8,42.94,Watch
UNIT 3A,Primary Superheater,143,2022,2022-06-15,5.8,4.87,3.3,455,154.8,57.6,Watch
UNIT 3A,Primary Superheater,143,2023,2023-06-15,5.8,4.53,3.3,455,154.8,74.22,Watch
UNIT 3A,Primary Superheater,143,2024,2024-06-15,5.8,4.34,3.3,455,154.8,89.6,Critical
UNIT 3A,Primary Superheater,143,2025,2025-06-15,5.8,4.18,3.3,455,154.8,99.5,Critical
UNIT 3A,Primary Superheater,144,2021,2021-06-15,5.8,5.36,3.3,452,146.4,27.79,Safe
UNIT 3A,Primary Superheater,144,2022,2022-06-15,5.8,5.16,3.3,452,146.4,34.59,Safe
UNIT 3A,Primary Superheater,144,2023,2023-06-15,5.8,5.14,3.3,452,146.4,41.54,Watch
UNIT 3A,Primary Superheater,144,2024,2024-06-15,5.8,4.96,3.3,452,146.4,48.42,Watch
UNIT 3A,Primary Superheater,144,2025,2025-06-15,5.8,4.92,3.3,452,146.4,55.85,Watch
UNIT 3A,Primary Superheater,145,2021,2021-06-15,5.8,5.74,3.3,487,154.3,3.75,Safe
UNIT 3A,Primary Superheater,145,2022,2022-06-15,5.8,5.69,3.3,487,154.3,5.84,Safe
UNIT 3A,Primary Superheater,145,2023,2023-06-15,5.8,5.69,3.3,487,154.3,8.06,Safe
UNIT 3A,Primary Superheater,145,2024,2024-06-15,5.8,5.62,3.3,487,154.3,10.29,Safe
UNIT 3A,Primary Superheater,145,2025,2025-06-15,5.8,5.61,3.3,487,154.3,12.29,Safe
UNIT 3A,Primary Superheater,146,2021,2021-06-15,5.8,5.78,3.3,489,149.1,1.61,Safe
UNIT 3A,Primary Superheater,146,2022,2022-06-15,5.8,5.74,3.3,489,149.1,3.84,Safe
UNIT 3A,Primary Superheater,146,2023,2023-06-15,5.8,5.71,3.3,489,149.1,6.17,Safe
UNIT 3A,Primary Superheater,146,2024,2024-06-15,5.8,5.68,3.3,489,149.1,8.14,Safe
UNIT 3A,Primary Superheater,146,2025,2025-06-15,5.8,5.61,3.3,489,149.1,10.45,Safe
UNIT 3A,Primary Superheater,147,2021,2021-06-15,5.8,5.79,3.3,462,147.5,0.89,Safe
UNIT 3A,Primary Superheater,147,2022,2022-06-15,5.8,5.76,3.3,462,147.5,2.44,Safe
UNIT 3A,Primary Superheater,147,2023,2023-06-15,5.8,5.75,3.3,462,147.5,3.88,Safe
UNIT 3A,Primary Superheater,147,2024,2024-06-15,5.8,5.72,3.3,462,147.5,5.46,Safe
UNIT 3A,Primary Superheater,147,2025,2025-06-15,5.8,5.68,3.3,462,147.5,6.96,Safe
UNIT 3A,Primary Superheater,148,2021,2021-06-15,5.8,5.33,3.3,486,144.1,25.91,Safe
UNIT 3A,Primary Superheater,148,2022,2022-06-15,5.8,5.28,3.3,486,144.1,32.91,Safe
UNIT 3A,Primary Superheater,148,2023,2023-06-15,5.8,5.18,3.3,486,144.1,40.01,Watch
UNIT 3A,Primary Superheater,148,2024,2024-06-15,5.8,4.94,3.3,486,144.1,46.63,Watch
UNIT 3A,Primary Superheater,148,2025,2025-06-15,5.8,4.99,3.3,486,144.1,52.62,Watch
UNIT 3A,Primary Superheater,149,2021,2021-06-15,5.8,5.8,3.3,490,147.5,0.3,Safe
UNIT 3A,Primary Superheater,149,2022,2022-06-15,5.8,5.77,3.3,490,147.5,1.7,Safe
UNIT 3A,Primary Superheater,149,2023,2023-06-15,5.8,5.74,3.3,490,147.5,3.26,Safe
UNIT 3A,Primary Superheater,149,2024,2024-06-15,5.8,5.72,3.3,490,147.5,4.83,Safe
UNIT 3A,Primary Superheater,149,2025,2025-06-15,5.8,5.71,3.3,490,147.5,6.47,Safe
UNIT 3A,Primary Superheater,150,2021,2021-06-15,5.8,5.22,3.3,467,144.9,31.99,Safe
UNIT 3A,Primary Superheater,150,2022,2022-06-15,5.8,5.18,3.3,467,144.9,38.9,Safe
UNIT 3A,Primary Superheater,150,2023,2023-06-15,5.8,5.11,3.3,467,144.9,46.45,Watch
UNIT 3A,Primary Superheater,150,2024,2024-06-15,5.8,4.88,3.3,467,144.9,54.05,Watch
UNIT 3A,Primary Superheater,150,2025,2025-06-15,5.8,4.69,3.3,467,144.9,61.92,Watch
UNIT 3A,Primary Superheater,151,2021,2021-06-15,5.8,5.79,3.3,459,146.3,0.58,Safe
UNIT 3A,Primary Superheater,151,2022,2022-06-15,5.8,5.74,3.3,459,146.3,3.58,Safe
UNIT 3A,Primary Superheater,151,2023,2023-06-15,5.8,5.7,3.3,459,146.3,6.89,Safe
UNIT 3A,Primary Superheater,151,2024,2024-06-15,5.8,5.63,3.3,459,146.3,10.13,Safe
UNIT 3A,Primary Superheater,151,2025,2025-06-15,5.8,5.6,3.3,459,146.3,13.08,Safe
UNIT 3A,Primary Superheater,152,2021,2021-06-15,5.8,5.35,3.3,461,142.3,25.72,Safe
UNIT 3A,Primary Superheater,152,2022,2022-06-15,5.8,5.14,3.3,461,142.3,35.74,Safe
UNIT 3A,Primary Superheater,152,2023,2023-06-15,5.8,5.03,3.3,461,142.3,45.38,Watch
UNIT 3A,Primary Superheater,152,2024,2024-06-15,5.8,4.86,3.3,461,142.3,54.88,Watch
UNIT 3A,Primary Superheater,152,2025,2025-06-15,5.8,4.87,3.3,461,142.3,64.25,Watch
UNIT 3A,Primary Superheater,153,2021,2021-06-15,5.8,5.74,3.3,483,141.9,3.85,Safe
UNIT 3A,Primary Superheater,153,2022,2022-06-15,5.8,5.72,3.3,483,141.9,5.75,Safe
UNIT 3A,Primary Superheater,153,2023,2023-06-15,5.8,5.67,3.3,483,141.9,7.58,Safe
UNIT 3A,Primary Superheater,153,2024,2024-06-15,5.8,5.63,3.3,483,141.9,9.55,Safe
UNIT 3A,Primary Superheater,153,2025,2025-06-15,5.8,5.63,3.3,483,141.9,11.94,Safe
UNIT 3A,Primary Superheater,154,2021,2021-06-15,5.8,5.74,3.3,479,145.7,3.88,Safe
UNIT 3A,Primary Superheater,154,2022,2022-06-15,5.8,5.7,3.3,479,145.7,7.04,Safe
UNIT 3A,Primary Superheater,154,2023,2023-06-15,5.8,5.65,3.3,479,145.7,10.14,Safe
UNIT 3A,Primary Superheater,154,2024,2024-06-15,5.8,5.59,3.3,479,145.7,13.08,Safe
UNIT 3A,Primary Superheater,154,2025,2025-06-15,5.8,5.58,3.3,479,145.7,15.57,Safe
UNIT 3A,Primary Superheater,155,2021,2021-06-15,5.8,5.77,3.3,488,141.5,1.64,Safe
UNIT 3A,Primary Superheater,155,2022,2022-06-15,5.8,5.72,3.3,488,141.5,4.26,Safe
UNIT 3A,Primary Superheater,155,2023,2023-06-15,5.8,5.69,3.3,488,141.5,6.94,Safe
UNIT 3A,Primary Superheater,155,2024,2024-06-15,5.8,5.63,3.3,488,141.5,9.16,Safe
UNIT 3A,Primary Superheater,155,2025,2025-06-15,5.8,5.64,3.3,488,141.5,11.31,Safe
UNIT 3A,Primary Superheater,156,2021,2021-06-15,5.8,5.68,3.3,469,145.4,7.9,Safe
UNIT 3A,Primary Superheater,156,2022,2022-06-15,5.8,5.62,3.3,469,145.4,10.14,Safe
UNIT 3A,Primary Superheater,156,2023,2023-06-15,5.8,5.57,3.3,469,145.4,12.27,Safe
UNIT 3A,Primary Superheater,156,2024,2024-06-15,5.8,5.54,3.3,469,145.4,14.6,Safe
UNIT 3A,Primary Superheater,156,2025,2025-06-15,5.8,5.52,3.3,469,145.4,17.16,Safe
UNIT 3A,Primary Superheater,157,2021,2021-06-15,5.8,5.24,3.3,462,143.3,29.89,Safe
UNIT 3A,Primary Superheater,157,2022,2022-06-15,5.8,5.11,3.3,462,143.3,40.94,Watch
UNIT 3A,Primary Superheater,157,2023,2023-06-15,5.8,4.95,3.3,462,143.3,52.1,Watch
UNIT 3A,Primary Superheater,157,2024,2024-06-15,5.8,4.81,3.3,462,143.3,61.48,Watch
UNIT 3A,Primary Superheater,157,2025,2025-06-15,5.8,4.65,3.3,462,143.3,69.89,Watch
UNIT 3A,Primary Superheater,158,2021,2021-06-15,5.8,5.26,3.3,473,151.9,28.65,Safe
UNIT 3A,Primary Superheater,158,2022,2022-06-15,5.8,5.16,3.3,473,151.9,35.62,Safe
UNIT 3A,Primary Superheater,158,2023,2023-06-15,5.8,5.19,3.3,473,151.9,42.4,Watch
UNIT 3A,Primary Superheater,158,2024,2024-06-15,5.8,4.99,3.3,473,151.9,50.44,Watch
UNIT 3A,Primary Superheater,158,2025,2025-06-15,5.8,4.91,3.3,473,151.9,58.63,Watch
UNIT 3A,Primary Superheater,159,2021,2021-06-15,5.8,5.28,3.3,486,142.5,33.84,Safe
UNIT 3A,Primary Superheater,159,2022,2022-06-15,5.8,5.12,3.3,486,142.5,47.71,Watch
UNIT 3A,Primary Superheater,159,2023,2023-06-15,5.8,4.78,3.3,486,142.5,60.98,Watch
UNIT 3A,Primary Superheater,159,2024,2024-06-15,5.8,4.6,3.3,486,142.5,73.97,Watch
UNIT 3A,Primary Superheater,159,2025,2025-06-15,5.8,4.23,3.3,486,142.5,87.44,Critical
UNIT 3A,Primary Superheater,160,2021,2021-06-15,5.8,5.26,3.3,461,147.2,32.98,Safe
UNIT 3A,Primary Superheater,160,2022,2022-06-15,5.8,5.14,3.3,461,147.2,46.35,Watch
UNIT 3A,Primary Superheater,160,2023,2023-06-15,5.8,4.98,3.3,461,147.2,59.17,Watch
UNIT 3A,Primary Superheater,160,2024,2024-06-15,5.8,4.72,3.3,461,147.2,74.2,Watch
UNIT 3A,Primary Superheater,160,2025,2025-06-15,5.8,4.15,3.3,461,147.2,90.26,Critical
UNIT 3A,Primary Superheater,161,2021,2021-06-15,5.8,5.23,3.3,481,141.6,30.58,Safe
UNIT 3A,Primary Superheater,161,2022,2022-06-15,5.8,5.2,3.3,481,141.6,38.72,Safe
UNIT 3A,Primary Superheater,161,2023,2023-06-15,5.8,4.92,3.3,481,141.6,47.82,Watch
UNIT 3A,Primary Superheater,161,2024,2024-06-15,5.8,4.94,3.3,481,141.6,55.95,Watch
UNIT 3A,Primary Superheater,161,2025,2025-06-15,5.8,4.85,3.3,481,141.6,64.04,Watch
UNIT 3A,Primary Superheater,162,2021,2021-06-15,5.8,5.28,3.3,466,154.5,29.12,Safe
UNIT 3A,Primary Superheater,162,2022,2022-06-15,5.8,5.25,3.3,466,154.5,36.99,Safe
UNIT 3A,Primary Superheater,162,2023,2023-06-15,5.8,5.11,3.3,466,154.5,46.07,Watch
UNIT 3A,Primary Superheater,162,2024,2024-06-15,5.8,4.86,3.3,466,154.5,53.74,Watch
UNIT 3A,Primary Superheater,162,2025,2025-06-15,5.8,4.92,3.3,466,154.5,62.35,Watch
UNIT 3A,Primary Superheater,163,2021,2021-06-15,5.8,5.78,3.3,451,153.5,1.27,Safe
UNIT 3A,Primary Superheater,163,2022,2022-06-15,5.8,5.74,3.3,451,153.5,3.66,Safe
UNIT 3A,Primary Superheater,163,2023,2023-06-15,5.8,5.71,3.3,451,153.5,6.09,Safe
UNIT 3A,Primary Superheater,163,2024,2024-06-15,5.8,5.67,3.3,451,153.5,8.66,Safe
UNIT 3A,Primary Superheater,163,2025,2025-06-15,5.8,5.65,3.3,451,153.5,10.65,Safe
UNIT 3A,Primary Superheater,164,2021,2021-06-15,5.8,5.26,3.3,471,140.2,30.39,Safe
UNIT 3A,Primary Superheater,164,2022,2022-06-15,5.8,5.22,3.3,471,140.2,41.4,Watch
UNIT 3A,Primary Superheater,164,2023,2023-06-15,5.8,4.83,3.3,471,140.2,51.66,Watch
UNIT 3A,Primary Superheater,164,2024,2024-06-15,5.8,4.79,3.3,471,140.2,62.14,Watch
UNIT 3A,Primary Superheater,164,2025,2025-06-15,5.8,4.54,3.3,471,140.2,72.87,Watch
UNIT 3A,Primary Superheater,165,2021,2021-06-15,5.8,5.36,3.3,474,142.7,24.48,Safe
UNIT 3A,Primary Superheater,165,2022,2022-06-15,5.8,5.28,3.3,474,142.7,33.55,Safe
UNIT 3A,Primary Superheater,165,2023,2023-06-15,5.8,5.2,3.3,474,142.7,41.43,Watch
UNIT 3A,Primary Superheater,165,2024,2024-06-15,5.8,4.97,3.3,474,142.7,48.99,Watch
UNIT 3A,Primary Superheater,165,2025,2025-06-15,5.8,4.75,3.3,474,142.7,56.53,Watch
UNIT 3A,Primary Superheater,166,2021,2021-06-15,5.8,5.45,3.3,463,145.1,24.41,Safe
UNIT 3A,Primary Superheater,166,2022,2022-06-15,5.8,5.26,3.3,463,145.1,34.81,Safe
UNIT 3A,Primary Superheater,166,2023,2023-06-15,5.8,5.03,3.3,463,145.1,45.69,Watch
UNIT 3A,Primary Superheater,166,2024,2024-06-15,5.8,4.84,3.3,463,145.1,56.74,Watch
UNIT 3A,Primary Superheater,166,2025,2025-06-15,5.8,4.64,3.3,463,145.1,67.5,Watch
UNIT 3A,Primary Superheater,167,2021,2021-06-15,5.8,5.8,3.3,473,143.9,0.05,Safe
UNIT 3A,Primary Superheater,167,2022,2022-06-15,5.8,5.77,3.3,473,143.9,2.05,Safe
UNIT 3A,Primary Superheater,167,2023,2023-06-15,5.8,5.74,3.3,473,143.9,3.98,Safe
UNIT 3A,Primary Superheater,167,2024,2024-06-15,5.8,5.71,3.3,473,143.9,5.92,Safe
UNIT 3A,Primary Superheater,167,2025,2025-06-15,5.8,5.67,3.3,473,143.9,8.22,Safe
UNIT 3A,Primary Superheater,168,2021,2021-06-15,5.8,5.75,3.3,478,146.5,3.33,Safe
UNIT 3A,Primary Superheater,168,2022,2022-06-15,5.8,5.72,3.3,478,146.5,4.46,Safe
UNIT 3A,Primary Superheater,168,2023,2023-06-15,5.8,5.71,3.3,478,146.5,5.63,Safe
UNIT 3A,Primary Superheater,168,2024,2024-06-15,5.8,5.7,3.3,478,146.5,6.82,Safe
UNIT 3A,Primary Superheater,168,2025,2025-06-15,5.8,5.65,3.3,478,146.5,8.05,Safe
UNIT 3A,Primary Superheater,169,2021,2021-06-15,5.8,5.74,3.3,485,151.8,3.93,Safe
UNIT 3A,Primary Superheater,169,2022,2022-06-15,5.8,5.69,3.3,485,151.8,6.29,Safe
UNIT 3A,Primary Superheater,169,2023,2023-06-15,5.8,5.67,3.3,485,151.8,8.83,Safe
UNIT 3A,Primary Superheater,169,2024,2024-06-15,5.8,5.62,3.3,485,151.8,11.79,Safe
UNIT 3A,Primary Superheater,169,2025,2025-06-15,5.8,5.55,3.3,485,151.8,14.39,Safe
UNIT 3A,Primary Superheater,170,2021,2021-06-15,5.8,5.11,3.3,453,147.4,42.37,Watch
UNIT 3A,Primary Superheater,170,2022,2022-06-15,5.8,4.73,3.3,453,147.4,58.48,Watch
UNIT 3A,Primary Superheater,170,2023,2023-06-15,5.8,4.69,3.3,453,147.4,71.01,Watch
UNIT 3A,Primary Superheater,170,2024,2024-06-15,5.8,4.24,3.3,453,147.4,85.26,Critical
UNIT 3A,Primary Superheater,170,2025,2025-06-15,5.8,4.24,3.3,453,147.4,99.5,Critical
UNIT 3A,Primary Superheater,171,2021,2021-06-15,5.8,5.37,3.3,471,149.3,27.32,Safe
UNIT 3A,Primary Superheater,171,2022,2022-06-15,5.8,5.14,3.3,471,149.3,35.58,Safe
UNIT 3A,Primary Superheater,171,2023,2023-06-15,5.8,5.1,3.3,471,149.3,42.64,Watch
UNIT 3A,Primary Superheater,171,2024,2024-06-15,5.8,5.06,3.3,471,149.3,50.73,Watch
UNIT 3A,Primary Superheater,171,2025,2025-06-15,5.8,4.82,3.3,471,149.3,58.99,Watch
UNIT 3A,Primary Superheater,172,2021,2021-06-15,5.8,5.23,3.3,464,142.6,38.83,Safe
UNIT 3A,Primary Superheater,172,2022,2022-06-15,5.8,4.78,3.3,464,142.6,55.2,Watch
UNIT 3A,Primary Superheater,172,2023,2023-06-15,5.8,4.81,3.3,464,142.6,69.72,Watch
UNIT 3A,Primary Superheater,172,2024,2024-06-15,5.8,4.39,3.3,464,142.6,83,Critical
UNIT 3A,Primary Superheater,172,2025,2025-06-15,5.8,4.25,3.3,464,142.6,97.49,Critical
UNIT 3A,Primary Superheater,173,2021,2021-06-15,5.8,5.73,3.3,465,147.4,4.33,Safe
UNIT 3A,Primary Superheater,173,2022,2022-06-15,5.8,5.71,3.3,465,147.4,6.58,Safe
UNIT 3A,Primary Superheater,173,2023,2023-06-15,5.8,5.66,3.3,465,147.4,8.56,Safe
UNIT 3A,Primary Superheater,173,2024,2024-06-15,5.8,5.62,3.3,465,147.4,10.63,Safe
UNIT 3A,Primary Superheater,173,2025,2025-06-15,5.8,5.61,3.3,465,147.4,12.76,Safe
UNIT 3A,Primary Superheater,174,2021,2021-06-15,5.8,5.26,3.3,456,146.5,29.71,Safe
UNIT 3A,Primary Superheater,174,2022,2022-06-15,5.8,5.14,3.3,456,146.5,36.18,Safe
UNIT 3A,Primary Superheater,174,2023,2023-06-15,5.8,5.17,3.3,456,146.5,43.99,Watch
UNIT 3A,Primary Superheater,174,2024,2024-06-15,5.8,4.93,3.3,456,146.5,51.18,Watch
UNIT 3A,Primary Superheater,174,2025,2025-06-15,5.8,4.88,3.3,456,146.5,58.31,Watch
UNIT 3A,Primary Superheater,175,2021,2021-06-15,5.8,5.69,3.3,485,150.9,6.77,Safe
UNIT 3A,Primary Superheater,175,2022,2022-06-15,5.8,5.63,3.3,485,150.9,10.03,Safe
UNIT 3A,Primary Superheater,175,2023,2023-06-15,5.8,5.59,3.3,485,150.9,12.59,Safe
UNIT 3A,Primary Superheater,175,2024,2024-06-15,5.8,5.52,3.3,485,150.9,15.16,Safe
UNIT 3A,Primary Superheater,175,2025,2025-06-15,5.8,5.5,3.3,485,150.9,18.22,Safe
UNIT 3A,Primary Superheater,176,2021,2021-06-15,5.8,5.17,3.3,483,150.1,37.48,Safe
UNIT 3A,Primary Superheater,176,2022,2022-06-15,5.8,5.05,3.3,483,150.1,50.09,Watch
UNIT 3A,Primary Superheater,176,2023,2023-06-15,5.8,4.79,3.3,483,150.1,62.8,Watch
UNIT 3A,Primary Superheater,176,2024,2024-06-15,5.8,4.4,3.3,483,150.1,76.74,Watch
UNIT 3A,Primary Superheater,176,2025,2025-06-15,5.8,4.41,3.3,483,150.1,90.33,Critical
UNIT 3A,Primary Superheater,177,2021,2021-06-15,5.8,5.04,3.3,453,150.3,47.87,Watch
UNIT 3A,Primary Superheater,177,2022,2022-06-15,5.8,4.64,3.3,453,150.3,61.72,Watch
UNIT 3A,Primary Superheater,177,2023,2023-06-15,5.8,4.32,3.3,453,150.3,79.21,Watch
UNIT 3A,Primary Superheater,177,2024,2024-06-15,5.8,4.29,3.3,453,150.3,93.03,Critical
UNIT 3A,Primary Superheater,177,2025,2025-06-15,5.8,4.1,3.3,453,150.3,99.5,Critical
UNIT 3A,Primary Superheater,178,2021,2021-06-15,5.8,5.73,3.3,455,152.9,4.89,Safe
UNIT 3A,Primary Superheater,178,2022,2022-06-15,5.8,5.71,3.3,455,152.9,5.69,Safe
UNIT 3A,Primary Superheater,178,2023,2023-06-15,5.8,5.7,3.3,455,152.9,6.59,Safe
UNIT 3A,Primary Superheater,178,2024,2024-06-15,5.8,5.67,3.3,455,152.9,7.35,Safe
UNIT 3A,Primary Superheater,178,2025,2025-06-15,5.8,5.66,3.3,455,152.9,8.16,Safe
UNIT 3A,Primary Superheater,179,2021,2021-06-15,5.8,5.71,3.3,486,148.4,5.56,Safe
UNIT 3A,Primary Superheater,179,2022,2022-06-15,5.8,5.68,3.3,486,148.4,7.61,Safe
UNIT 3A,Primary Superheater,179,2023,2023-06-15,5.8,5.65,3.3,486,148.4,9.68,Safe
UNIT 3A,Primary Superheater,179,2024,2024-06-15,5.8,5.6,3.3,486,148.4,11.6,Safe
UNIT 3A,Primary Superheater,179,2025,2025-06-15,5.8,5.55,3.3,486,148.4,13.47,Safe
UNIT 3A,Primary Superheater,180,2021,2021-06-15,5.8,5.35,3.3,473,153.9,24.34,Safe
UNIT 3A,Primary Superheater,180,2022,2022-06-15,5.8,5.23,3.3,473,153.9,34.42,Safe
UNIT 3A,Primary Superheater,180,2023,2023-06-15,5.8,5.04,3.3,473,153.9,44.71,Watch
UNIT 3A,Primary Superheater,180,2024,2024-06-15,5.8,5,3.3,473,153.9,54.87,Watch
UNIT 3A,Primary Superheater,180,2025,2025-06-15,5.8,4.69,3.3,473,153.9,65.12,Watch
UNIT 3A,Primary Superheater,181,2021,2021-06-15,5.8,5.67,3.3,488,148.3,7.27,Safe
UNIT 3A,Primary Superheater,181,2022,2022-06-15,5.8,5.64,3.3,488,148.3,9.24,Safe
UNIT 3A,Primary Superheater,181,2023,2023-06-15,5.8,5.62,3.3,488,148.3,11.66,Safe
UNIT 3A,Primary Superheater,181,2024,2024-06-15,5.8,5.6,3.3,488,148.3,14.1,Safe
UNIT 3A,Primary Superheater,181,2025,2025-06-15,5.8,5.5,3.3,488,148.3,16.64,Safe
UNIT 3A,Primary Superheater,182,2021,2021-06-15,5.8,5.76,3.3,450,153.1,2.76,Safe
UNIT 3A,Primary Superheater,182,2022,2022-06-15,5.8,5.73,3.3,450,153.1,4.4,Safe
UNIT 3A,Primary Superheater,182,2023,2023-06-15,5.8,5.69,3.3,450,153.1,6.16,Safe
UNIT 3A,Primary Superheater,182,2024,2024-06-15,5.8,5.68,3.3,450,153.1,7.68,Safe
UNIT 3A,Primary Superheater,182,2025,2025-06-15,5.8,5.67,3.3,450,153.1,9.16,Safe
UNIT 3A,Primary Superheater,183,2021,2021-06-15,5.8,5.79,3.3,452,151.9,0.43,Safe
UNIT 3A,Primary Superheater,183,2022,2022-06-15,5.8,5.76,3.3,452,151.9,2.27,Safe
UNIT 3A,Primary Superheater,183,2023,2023-06-15,5.8,5.73,3.3,452,151.9,3.97,Safe
UNIT 3A,Primary Superheater,183,2024,2024-06-15,5.8,5.69,3.3,452,151.9,6.15,Safe
UNIT 3A,Primary Superheater,183,2025,2025-06-15,5.8,5.69,3.3,452,151.9,7.89,Safe
UNIT 3A,Primary Superheater,184,2021,2021-06-15,5.8,5.72,3.3,475,140.9,4.59,Safe
UNIT 3A,Primary Superheater,184,2022,2022-06-15,5.8,5.69,3.3,475,140.9,6.47,Safe
UNIT 3A,Primary Superheater,184,2023,2023-06-15,5.8,5.65,3.3,475,140.9,8.12,Safe
UNIT 3A,Primary Superheater,184,2024,2024-06-15,5.8,5.66,3.3,475,140.9,9.87,Safe
UNIT 3A,Primary Superheater,184,2025,2025-06-15,5.8,5.64,3.3,475,140.9,11.62,Safe
UNIT 3A,Primary Superheater,185,2021,2021-06-15,5.8,5.79,3.3,480,144.3,0.31,Safe
UNIT 3A,Primary Superheater,185,2022,2022-06-15,5.8,5.77,3.3,480,144.3,1.49,Safe
UNIT 3A,Primary Superheater,185,2023,2023-06-15,5.8,5.76,3.3,480,144.3,2.91,Safe
UNIT 3A,Primary Superheater,185,2024,2024-06-15,5.8,5.74,3.3,480,144.3,4.3,Safe
UNIT 3A,Primary Superheater,185,2025,2025-06-15,5.8,5.71,3.3,480,144.3,5.51,Safe
UNIT 3A,Primary Superheater,186,2021,2021-06-15,5.8,4.97,3.3,475,151.9,44.3,Watch
UNIT 3A,Primary Superheater,186,2022,2022-06-15,5.8,4.92,3.3,475,151.9,55.06,Watch
UNIT 3A,Primary Superheater,186,2023,2023-06-15,5.8,4.92,3.3,475,151.9,63.54,Watch
UNIT 3A,Primary Superheater,186,2024,2024-06-15,5.8,4.48,3.3,475,151.9,73.16,Watch
UNIT 3A,Primary Superheater,186,2025,2025-06-15,5.8,4.59,3.3,475,151.9,82.02,Critical
UNIT 3A,Primary Superheater,187,2021,2021-06-15,5.8,5.71,3.3,459,145.6,5.78,Safe
UNIT 3A,Primary Superheater,187,2022,2022-06-15,5.8,5.66,3.3,459,145.6,7.72,Safe
UNIT 3A,Primary Superheater,187,2023,2023-06-15,5.8,5.66,3.3,459,145.6,9.48,Safe
UNIT 3A,Primary Superheater,187,2024,2024-06-15,5.8,5.65,3.3,459,145.6,11.08,Safe
UNIT 3A,Primary Superheater,187,2025,2025-06-15,5.8,5.62,3.3,459,145.6,12.66,Safe
UNIT 3A,Primary Superheater,188,2021,2021-06-15,5.8,5.69,3.3,468,154.9,5.79,Safe
UNIT 3A,Primary Superheater,188,2022,2022-06-15,5.8,5.68,3.3,468,154.9,8.04,Safe
UNIT 3A,Primary Superheater,188,2023,2023-06-15,5.8,5.61,3.3,468,154.9,10.21,Safe
UNIT 3A,Primary Superheater,188,2024,2024-06-15,5.8,5.61,3.3,468,154.9,12.34,Safe
UNIT 3A,Primary Superheater,188,2025,2025-06-15,5.8,5.55,3.3,468,154.9,14.78,Safe
UNIT 3A,Primary Superheater,189,2021,2021-06-15,5.8,5.69,3.3,476,152.9,6.81,Safe
UNIT 3A,Primary Superheater,189,2022,2022-06-15,5.8,5.64,3.3,476,152.9,8.7,Safe
UNIT 3A,Primary Superheater,189,2023,2023-06-15,5.8,5.6,3.3,476,152.9,11.02,Safe
UNIT 3A,Primary Superheater,189,2024,2024-06-15,5.8,5.59,3.3,476,152.9,13.34,Safe
UNIT 3A,Primary Superheater,189,2025,2025-06-15,5.8,5.58,3.3,476,152.9,15.23,Safe
UNIT 3A,Primary Superheater,190,2021,2021-06-15,5.8,5.7,3.3,453,149.5,6.79,Safe
UNIT 3A,Primary Superheater,190,2022,2022-06-15,5.8,5.65,3.3,453,149.5,9.45,Safe
UNIT 3A,Primary Superheater,190,2023,2023-06-15,5.8,5.62,3.3,453,149.5,12.64,Safe
UNIT 3A,Primary Superheater,190,2024,2024-06-15,5.8,5.53,3.3,453,149.5,15.97,Safe
UNIT 3A,Primary Superheater,190,2025,2025-06-15,5.8,5.46,3.3,453,149.5,18.76,Safe
UNIT 3A,Primary Superheater,191,2021,2021-06-15,5.8,5.74,3.3,473,148.1,3.15,Safe
UNIT 3A,Primary Superheater,191,2022,2022-06-15,5.8,5.71,3.3,473,148.1,5.03,Safe
UNIT 3A,Primary Superheater,191,2023,2023-06-15,5.8,5.68,3.3,473,148.1,6.47,Safe
UNIT 3A,Primary Superheater,191,2024,2024-06-15,5.8,5.69,3.3,473,148.1,7.95,Safe
UNIT 3A,Primary Superheater,191,2025,2025-06-15,5.8,5.62,3.3,473,148.1,9.72,Safe
UNIT 3A,Primary Superheater,192,2021,2021-06-15,5.8,5.78,3.3,450,140.9,1.23,Safe
UNIT 3A,Primary Superheater,192,2022,2022-06-15,5.8,5.76,3.3,450,140.9,2.48,Safe
UNIT 3A,Primary Superheater,192,2023,2023-06-15,5.8,5.74,3.3,450,140.9,3.72,Safe
UNIT 3A,Primary Superheater,192,2024,2024-06-15,5.8,5.72,3.3,450,140.9,5.05,Safe
UNIT 3A,Primary Superheater,192,2025,2025-06-15,5.8,5.69,3.3,450,140.9,6.23,Safe
UNIT 3A,Primary Superheater,193,2021,2021-06-15,5.8,5.28,3.3,485,143,31.35,Safe
UNIT 3A,Primary Superheater,193,2022,2022-06-15,5.8,5.25,3.3,485,143,38.11,Safe
UNIT 3A,Primary Superheater,193,2023,2023-06-15,5.8,4.98,3.3,485,143,44.09,Watch
UNIT 3A,Primary Superheater,193,2024,2024-06-15,5.8,5.05,3.3,485,143,50.68,Watch
UNIT 3A,Primary Superheater,193,2025,2025-06-15,5.8,4.87,3.3,485,143,57.85,Watch
UNIT 3A,Primary Superheater,194,2021,2021-06-15,5.8,5.43,3.3,480,154.6,21.98,Safe
UNIT 3A,Primary Superheater,194,2022,2022-06-15,5.8,5.39,3.3,480,154.6,29.38,Safe
UNIT 3A,Primary Superheater,194,2023,2023-06-15,5.8,5.21,3.3,480,154.6,36.65,Safe
UNIT 3A,Primary Superheater,194,2024,2024-06-15,5.8,5.12,3.3,480,154.6,43.71,Watch
UNIT 3A,Primary Superheater,194,2025,2025-06-15,5.8,5.09,3.3,480,154.6,50.69,Watch
UNIT 3A,Primary Superheater,195,2021,2021-06-15,5.8,5.29,3.3,479,153.7,33.99,Safe
UNIT 3A,Primary Superheater,195,2022,2022-06-15,5.8,4.92,3.3,479,153.7,48.94,Watch
UNIT 3A,Primary Superheater,195,2023,2023-06-15,5.8,4.9,3.3,479,153.7,64.61,Watch
UNIT 3A,Primary Superheater,195,2024,2024-06-15,5.8,4.49,3.3,479,153.7,79.47,Watch
UNIT 3A,Primary Superheater,195,2025,2025-06-15,5.8,4.16,3.3,479,153.7,93.41,Critical
UNIT 3A,Primary Superheater,196,2021,2021-06-15,5.8,5.29,3.3,450,146.8,28.82,Safe
UNIT 3A,Primary Superheater,196,2022,2022-06-15,5.8,5.31,3.3,450,146.8,35.14,Safe
UNIT 3A,Primary Superheater,196,2023,2023-06-15,5.8,5,3.3,450,146.8,42.64,Watch
UNIT 3A,Primary Superheater,196,2024,2024-06-15,5.8,4.92,3.3,450,146.8,48.86,Watch
UNIT 3A,Primary Superheater,196,2025,2025-06-15,5.8,5.03,3.3,450,146.8,55.69,Watch
UNIT 3A,Primary Superheater,197,2021,2021-06-15,5.8,5.38,3.3,475,143,23.45,Safe
UNIT 3A,Primary Superheater,197,2022,2022-06-15,5.8,5.27,3.3,475,143,33.91,Safe
UNIT 3A,Primary Superheater,197,2023,2023-06-15,5.8,5,3.3,475,143,43.04,Watch
UNIT 3A,Primary Superheater,197,2024,2024-06-15,5.8,4.89,3.3,475,143,51.32,Watch
UNIT 3A,Primary Superheater,197,2025,2025-06-15,5.8,4.7,3.3,475,143,60.78,Watch
UNIT 3A,Primary Superheater,198,2021,2021-06-15,5.8,5.42,3.3,469,142.5,20.2,Safe
UNIT 3A,Primary Superheater,198,2022,2022-06-15,5.8,5.42,3.3,469,142.5,27.42,Safe
UNIT 3A,Primary Superheater,198,2023,2023-06-15,5.8,5.25,3.3,469,142.5,34.7,Safe
UNIT 3A,Primary Superheater,198,2024,2024-06-15,5.8,5.2,3.3,469,142.5,42.62,Watch
UNIT 3A,Primary Superheater,198,2025,2025-06-15,5.8,4.89,3.3,469,142.5,51.1,Watch
UNIT 3A,Primary Superheater,199,2021,2021-06-15,5.8,5.11,3.3,475,154,37.78,Safe
UNIT 3A,Primary Superheater,199,2022,2022-06-15,5.8,4.96,3.3,475,154,51.83,Watch
UNIT 3A,Primary Superheater,199,2023,2023-06-15,5.8,4.73,3.3,475,154,65.48,Watch
UNIT 3A,Primary Superheater,199,2024,2024-06-15,5.8,4.65,3.3,475,154,80.86,Critical
UNIT 3A,Primary Superheater,199,2025,2025-06-15,5.8,4.11,3.3,475,154,97.29,Critical
UNIT 3A,Primary Superheater,200,2021,2021-06-15,5.8,5.08,3.3,467,144.7,43.9,Watch
UNIT 3A,Primary Superheater,200,2022,2022-06-15,5.8,4.67,3.3,467,144.7,60.61,Watch
UNIT 3A,Primary Superheater,200,2023,2023-06-15,5.8,4.53,3.3,467,144.7,74.7,Watch
UNIT 3A,Primary Superheater,200,2024,2024-06-15,5.8,4.09,3.3,467,144.7,91.42,Critical
UNIT 3A,Primary Superheater,200,2025,2025-06-15,5.8,4.18,3.3,467,144.7,99.5,Critical
UNIT 3A,Secondary Superheater,1,2021,2021-06-15,6.1,5.7,3.5,537,148.3,27.01,Safe
UNIT 3A,Secondary Superheater,1,2022,2022-06-15,6.1,5.53,3.5,537,148.3,35.97,Safe
UNIT 3A,Secondary Superheater,1,2023,2023-06-15,6.1,5.36,3.5,537,148.3,45.02,Watch
UNIT 3A,Secondary Superheater,1,2024,2024-06-15,6.1,5.09,3.5,537,148.3,52.13,Watch
UNIT 3A,Secondary Superheater,1,2025,2025-06-15,6.1,5.12,3.5,537,148.3,61.08,Watch
UNIT 3A,Secondary Superheater,2,2021,2021-06-15,6.1,6.06,3.5,521,151.3,2.32,Safe
UNIT 3A,Secondary Superheater,2,2022,2022-06-15,6.1,6.01,3.5,521,151.3,5.48,Safe
UNIT 3A,Secondary Superheater,2,2023,2023-06-15,6.1,5.95,3.5,521,151.3,8.08,Safe
UNIT 3A,Secondary Superheater,2,2024,2024-06-15,6.1,5.89,3.5,521,151.3,10.75,Safe
UNIT 3A,Secondary Superheater,2,2025,2025-06-15,6.1,5.89,3.5,521,151.3,13.37,Safe
UNIT 3A,Secondary Superheater,3,2021,2021-06-15,6.1,6.03,3.5,540,150.2,4.74,Safe
UNIT 3A,Secondary Superheater,3,2022,2022-06-15,6.1,6.01,3.5,540,150.2,5.96,Safe
UNIT 3A,Secondary Superheater,3,2023,2023-06-15,6.1,5.96,3.5,540,150.2,7.25,Safe
UNIT 3A,Secondary Superheater,3,2024,2024-06-15,6.1,5.96,3.5,540,150.2,8.59,Safe
UNIT 3A,Secondary Superheater,3,2025,2025-06-15,6.1,5.96,3.5,540,150.2,9.71,Safe
UNIT 3A,Secondary Superheater,4,2021,2021-06-15,6.1,5.69,3.5,507,151.9,24.41,Safe
UNIT 3A,Secondary Superheater,4,2022,2022-06-15,6.1,5.46,3.5,507,151.9,33.55,Safe
UNIT 3A,Secondary Superheater,4,2023,2023-06-15,6.1,5.34,3.5,507,151.9,43.84,Watch
UNIT 3A,Secondary Superheater,4,2024,2024-06-15,6.1,5.16,3.5,507,151.9,53.66,Watch
UNIT 3A,Secondary Superheater,4,2025,2025-06-15,6.1,5.19,3.5,507,151.9,62.48,Watch
UNIT 3A,Secondary Superheater,5,2021,2021-06-15,6.1,6.07,3.5,504,140.1,1.84,Safe
UNIT 3A,Secondary Superheater,5,2022,2022-06-15,6.1,6.05,3.5,504,140.1,2.97,Safe
UNIT 3A,Secondary Superheater,5,2023,2023-06-15,6.1,6.04,3.5,504,140.1,3.95,Safe
UNIT 3A,Secondary Superheater,5,2024,2024-06-15,6.1,6.01,3.5,504,140.1,4.96,Safe
UNIT 3A,Secondary Superheater,5,2025,2025-06-15,6.1,5.99,3.5,504,140.1,6.09,Safe
UNIT 3A,Secondary Superheater,6,2021,2021-06-15,6.1,5.56,3.5,530,149.7,37.03,Safe
UNIT 3A,Secondary Superheater,6,2022,2022-06-15,6.1,5.22,3.5,530,149.7,51.33,Watch
UNIT 3A,Secondary Superheater,6,2023,2023-06-15,6.1,4.85,3.5,530,149.7,64.68,Watch
UNIT 3A,Secondary Superheater,6,2024,2024-06-15,6.1,4.94,3.5,530,149.7,77.11,Watch
UNIT 3A,Secondary Superheater,6,2025,2025-06-15,6.1,4.54,3.5,530,149.7,91.8,Critical
UNIT 3A,Secondary Superheater,7,2021,2021-06-15,6.1,5.6,3.5,524,141.4,30.41,Safe
UNIT 3A,Secondary Superheater,7,2022,2022-06-15,6.1,5.37,3.5,524,141.4,38.41,Safe
UNIT 3A,Secondary Superheater,7,2023,2023-06-15,6.1,5.31,3.5,524,141.4,44.62,Watch
UNIT 3A,Secondary Superheater,7,2024,2024-06-15,6.1,5.31,3.5,524,141.4,51,Watch
UNIT 3A,Secondary Superheater,7,2025,2025-06-15,6.1,4.98,3.5,524,141.4,58.91,Watch
UNIT 3A,Secondary Superheater,8,2021,2021-06-15,6.1,5.3,3.5,523,148.9,43.66,Watch
UNIT 3A,Secondary Superheater,8,2022,2022-06-15,6.1,4.97,3.5,523,148.9,58.81,Watch
UNIT 3A,Secondary Superheater,8,2023,2023-06-15,6.1,4.87,3.5,523,148.9,72.56,Watch
UNIT 3A,Secondary Superheater,8,2024,2024-06-15,6.1,4.49,3.5,523,148.9,86.86,Critical
UNIT 3A,Secondary Superheater,8,2025,2025-06-15,6.1,4.45,3.5,523,148.9,99.5,Critical
UNIT 3A,Secondary Superheater,9,2021,2021-06-15,6.1,5.72,3.5,502,142,23.15,Safe
UNIT 3A,Secondary Superheater,9,2022,2022-06-15,6.1,5.51,3.5,502,142,30.71,Safe
UNIT 3A,Secondary Superheater,9,2023,2023-06-15,6.1,5.51,3.5,502,142,38.84,Safe
UNIT 3A,Secondary Superheater,9,2024,2024-06-15,6.1,5.22,3.5,502,142,47.16,Watch
UNIT 3A,Secondary Superheater,9,2025,2025-06-15,6.1,5.16,3.5,502,142,55.17,Watch
UNIT 3A,Secondary Superheater,10,2021,2021-06-15,6.1,5.52,3.5,529,142.3,40.29,Watch
UNIT 3A,Secondary Superheater,10,2022,2022-06-15,6.1,5.17,3.5,529,142.3,53.15,Watch
UNIT 3A,Secondary Superheater,10,2023,2023-06-15,6.1,4.94,3.5,529,142.3,65.5,Watch
UNIT 3A,Secondary Superheater,10,2024,2024-06-15,6.1,4.81,3.5,529,142.3,80.82,Critical
UNIT 3A,Secondary Superheater,10,2025,2025-06-15,6.1,4.7,3.5,529,142.3,93.05,Critical
UNIT 3A,Secondary Superheater,11,2021,2021-06-15,6.1,5.98,3.5,500,140.8,6.94,Safe
UNIT 3A,Secondary Superheater,11,2022,2022-06-15,6.1,5.95,3.5,500,140.8,9.12,Safe
UNIT 3A,Secondary Superheater,11,2023,2023-06-15,6.1,5.92,3.5,500,140.8,11.2,Safe
UNIT 3A,Secondary Superheater,11,2024,2024-06-15,6.1,5.86,3.5,500,140.8,13.51,Safe
UNIT 3A,Secondary Superheater,11,2025,2025-06-15,6.1,5.87,3.5,500,140.8,15.58,Safe
UNIT 3A,Secondary Superheater,12,2021,2021-06-15,6.1,6.1,3.5,540,142,0.03,Safe
UNIT 3A,Secondary Superheater,12,2022,2022-06-15,6.1,6.07,3.5,540,142,2.21,Safe
UNIT 3A,Secondary Superheater,12,2023,2023-06-15,6.1,6.03,3.5,540,142,4.22,Safe
UNIT 3A,Secondary Superheater,12,2024,2024-06-15,6.1,6.01,3.5,540,142,6.34,Safe
UNIT 3A,Secondary Superheater,12,2025,2025-06-15,6.1,5.94,3.5,540,142,8.44,Safe
UNIT 3A,Secondary Superheater,13,2021,2021-06-15,6.1,5.8,3.5,517,151.7,20.69,Safe
UNIT 3A,Secondary Superheater,13,2022,2022-06-15,6.1,5.67,3.5,517,151.7,28.1,Safe
UNIT 3A,Secondary Superheater,13,2023,2023-06-15,6.1,5.48,3.5,517,151.7,34.83,Safe
UNIT 3A,Secondary Superheater,13,2024,2024-06-15,6.1,5.4,3.5,517,151.7,41.17,Watch
UNIT 3A,Secondary Superheater,13,2025,2025-06-15,6.1,5.36,3.5,517,151.7,48.03,Watch
UNIT 3A,Secondary Superheater,14,2021,2021-06-15,6.1,5.59,3.5,538,144,31.33,Safe
UNIT 3A,Secondary Superheater,14,2022,2022-06-15,6.1,5.56,3.5,538,144,37.43,Safe
UNIT 3A,Secondary Superheater,14,2023,2023-06-15,6.1,5.39,3.5,538,144,43.51,Watch
UNIT 3A,Secondary Superheater,14,2024,2024-06-15,6.1,5.26,3.5,538,144,50.09,Watch
UNIT 3A,Secondary Superheater,14,2025,2025-06-15,6.1,5.01,3.5,538,144,57.38,Watch
UNIT 3A,Secondary Superheater,15,2021,2021-06-15,6.1,5.99,3.5,500,140.8,7.42,Safe
UNIT 3A,Secondary Superheater,15,2022,2022-06-15,6.1,5.92,3.5,500,140.8,10.46,Safe
UNIT 3A,Secondary Superheater,15,2023,2023-06-15,6.1,5.86,3.5,500,140.8,13.47,Safe
UNIT 3A,Secondary Superheater,15,2024,2024-06-15,6.1,5.84,3.5,500,140.8,15.94,Safe
UNIT 3A,Secondary Superheater,15,2025,2025-06-15,6.1,5.83,3.5,500,140.8,19.03,Safe
UNIT 3A,Secondary Superheater,16,2021,2021-06-15,6.1,6.06,3.5,528,145.7,2.18,Safe
UNIT 3A,Secondary Superheater,16,2022,2022-06-15,6.1,6.05,3.5,528,145.7,3.21,Safe
UNIT 3A,Secondary Superheater,16,2023,2023-06-15,6.1,6.03,3.5,528,145.7,4.12,Safe
UNIT 3A,Secondary Superheater,16,2024,2024-06-15,6.1,6.02,3.5,528,145.7,5.1,Safe
UNIT 3A,Secondary Superheater,16,2025,2025-06-15,6.1,6.01,3.5,528,145.7,6.23,Safe
UNIT 3A,Secondary Superheater,17,2021,2021-06-15,6.1,6.02,3.5,532,146,5,Safe
UNIT 3A,Secondary Superheater,17,2022,2022-06-15,6.1,5.98,3.5,532,146,7.01,Safe
UNIT 3A,Secondary Superheater,17,2023,2023-06-15,6.1,5.96,3.5,532,146,8.87,Safe
UNIT 3A,Secondary Superheater,17,2024,2024-06-15,6.1,5.91,3.5,532,146,11.16,Safe
UNIT 3A,Secondary Superheater,17,2025,2025-06-15,6.1,5.91,3.5,532,146,13.11,Safe
UNIT 3A,Secondary Superheater,18,2021,2021-06-15,6.1,6.08,3.5,506,146.6,1.05,Safe
UNIT 3A,Secondary Superheater,18,2022,2022-06-15,6.1,6.05,3.5,506,146.6,3.07,Safe
UNIT 3A,Secondary Superheater,18,2023,2023-06-15,6.1,6,3.5,506,146.6,5.12,Safe
UNIT 3A,Secondary Superheater,18,2024,2024-06-15,6.1,5.99,3.5,506,146.6,7.36,Safe
UNIT 3A,Secondary Superheater,18,2025,2025-06-15,6.1,5.96,3.5,506,146.6,9.17,Safe
UNIT 3A,Secondary Superheater,19,2021,2021-06-15,6.1,5.76,3.5,537,141.9,20.25,Safe
UNIT 3A,Secondary Superheater,19,2022,2022-06-15,6.1,5.55,3.5,537,141.9,30.18,Safe
UNIT 3A,Secondary Superheater,19,2023,2023-06-15,6.1,5.44,3.5,537,141.9,40.28,Watch
UNIT 3A,Secondary Superheater,19,2024,2024-06-15,6.1,5.12,3.5,537,141.9,51.09,Watch
UNIT 3A,Secondary Superheater,19,2025,2025-06-15,6.1,4.97,3.5,537,141.9,62.09,Watch
UNIT 3A,Secondary Superheater,20,2021,2021-06-15,6.1,5.99,3.5,524,149.2,7.44,Safe
UNIT 3A,Secondary Superheater,20,2022,2022-06-15,6.1,5.94,3.5,524,149.2,9.06,Safe
UNIT 3A,Secondary Superheater,20,2023,2023-06-15,6.1,5.91,3.5,524,149.2,11.03,Safe
UNIT 3A,Secondary Superheater,20,2024,2024-06-15,6.1,5.87,3.5,524,149.2,13.17,Safe
UNIT 3A,Secondary Superheater,20,2025,2025-06-15,6.1,5.84,3.5,524,149.2,14.95,Safe
UNIT 3A,Secondary Superheater,21,2021,2021-06-15,6.1,5.24,3.5,527,149.8,46.44,Watch
UNIT 3A,Secondary Superheater,21,2022,2022-06-15,6.1,5.02,3.5,527,149.8,57.95,Watch
UNIT 3A,Secondary Superheater,21,2023,2023-06-15,6.1,4.89,3.5,527,149.8,72.04,Watch
UNIT 3A,Secondary Superheater,21,2024,2024-06-15,6.1,4.77,3.5,527,149.8,84.1,Critical
UNIT 3A,Secondary Superheater,21,2025,2025-06-15,6.1,4.58,3.5,527,149.8,97.59,Critical
UNIT 3A,Secondary Superheater,22,2021,2021-06-15,6.1,6.02,3.5,500,151.4,5.89,Safe
UNIT 3A,Secondary Superheater,22,2022,2022-06-15,6.1,5.96,3.5,500,151.4,8.11,Safe
UNIT 3A,Secondary Superheater,22,2023,2023-06-15,6.1,5.94,3.5,500,151.4,10.47,Safe
UNIT 3A,Secondary Superheater,22,2024,2024-06-15,6.1,5.91,3.5,500,151.4,13.08,Safe
UNIT 3A,Secondary Superheater,22,2025,2025-06-15,6.1,5.83,3.5,500,151.4,15.51,Safe
UNIT 3A,Secondary Superheater,23,2021,2021-06-15,6.1,5.66,3.5,503,144.7,30.67,Safe
UNIT 3A,Secondary Superheater,23,2022,2022-06-15,6.1,5.5,3.5,503,144.7,37.42,Safe
UNIT 3A,Secondary Superheater,23,2023,2023-06-15,6.1,5.44,3.5,503,144.7,43.39,Watch
UNIT 3A,Secondary Superheater,23,2024,2024-06-15,6.1,5.31,3.5,503,144.7,49.35,Watch
UNIT 3A,Secondary Superheater,23,2025,2025-06-15,6.1,5.06,3.5,503,144.7,55.51,Watch
UNIT 3A,Secondary Superheater,24,2021,2021-06-15,6.1,5.99,3.5,538,138.8,7.01,Safe
UNIT 3A,Secondary Superheater,24,2022,2022-06-15,6.1,5.95,3.5,538,138.8,8.17,Safe
UNIT 3A,Secondary Superheater,24,2023,2023-06-15,6.1,5.95,3.5,538,138.8,9.39,Safe
UNIT 3A,Secondary Superheater,24,2024,2024-06-15,6.1,5.93,3.5,538,138.8,10.46,Safe
UNIT 3A,Secondary Superheater,24,2025,2025-06-15,6.1,5.91,3.5,538,138.8,11.6,Safe
UNIT 3A,Secondary Superheater,25,2021,2021-06-15,6.1,5.72,3.5,523,150.9,20.73,Safe
UNIT 3A,Secondary Superheater,25,2022,2022-06-15,6.1,5.55,3.5,523,150.9,31.26,Safe
UNIT 3A,Secondary Superheater,25,2023,2023-06-15,6.1,5.35,3.5,523,150.9,40.31,Watch
UNIT 3A,Secondary Superheater,25,2024,2024-06-15,6.1,5.14,3.5,523,150.9,49.83,Watch
UNIT 3A,Secondary Superheater,25,2025,2025-06-15,6.1,5.06,3.5,523,150.9,59.3,Watch
UNIT 3A,Secondary Superheater,26,2021,2021-06-15,6.1,5.53,3.5,511,141,29.38,Safe
UNIT 3A,Secondary Superheater,26,2022,2022-06-15,6.1,5.45,3.5,511,141,36.84,Safe
UNIT 3A,Secondary Superheater,26,2023,2023-06-15,6.1,5.35,3.5,511,141,45.07,Watch
UNIT 3A,Secondary Superheater,26,2024,2024-06-15,6.1,5.13,3.5,511,141,53.4,Watch
UNIT 3A,Secondary Superheater,26,2025,2025-06-15,6.1,5.04,3.5,511,141,61.63,Watch
UNIT 3A,Secondary Superheater,27,2021,2021-06-15,6.1,5.78,3.5,508,151,21.92,Safe
UNIT 3A,Secondary Superheater,27,2022,2022-06-15,6.1,5.65,3.5,508,151,28.79,Safe
UNIT 3A,Secondary Superheater,27,2023,2023-06-15,6.1,5.45,3.5,508,151,35.7,Safe
UNIT 3A,Secondary Superheater,27,2024,2024-06-15,6.1,5.32,3.5,508,151,42.96,Watch
UNIT 3A,Secondary Superheater,27,2025,2025-06-15,6.1,5.36,3.5,508,151,50.31,Watch
UNIT 3A,Secondary Superheater,28,2021,2021-06-15,6.1,5.64,3.5,524,139.5,29.39,Safe
UNIT 3A,Secondary Superheater,28,2022,2022-06-15,6.1,5.34,3.5,524,139.5,39.44,Safe
UNIT 3A,Secondary Superheater,28,2023,2023-06-15,6.1,5.26,3.5,524,139.5,48.44,Watch
UNIT 3A,Secondary Superheater,28,2024,2024-06-15,6.1,5.07,3.5,524,139.5,58.14,Watch
UNIT 3A,Secondary Superheater,28,2025,2025-06-15,6.1,5.03,3.5,524,139.5,68.77,Watch
UNIT 3A,Secondary Superheater,29,2021,2021-06-15,6.1,5.71,3.5,517,142.9,22.54,Safe
UNIT 3A,Secondary Superheater,29,2022,2022-06-15,6.1,5.55,3.5,517,142.9,31.63,Safe
UNIT 3A,Secondary Superheater,29,2023,2023-06-15,6.1,5.45,3.5,517,142.9,39.96,Safe
UNIT 3A,Secondary Superheater,29,2024,2024-06-15,6.1,5.25,3.5,517,142.9,50.69,Watch
UNIT 3A,Secondary Superheater,29,2025,2025-06-15,6.1,5.04,3.5,517,142.9,60.46,Watch
UNIT 3A,Secondary Superheater,30,2021,2021-06-15,6.1,5.98,3.5,524,150.3,7.54,Safe
UNIT 3A,Secondary Superheater,30,2022,2022-06-15,6.1,5.94,3.5,524,150.3,9.16,Safe
UNIT 3A,Secondary Superheater,30,2023,2023-06-15,6.1,5.93,3.5,524,150.3,10.98,Safe
UNIT 3A,Secondary Superheater,30,2024,2024-06-15,6.1,5.91,3.5,524,150.3,12.53,Safe
UNIT 3A,Secondary Superheater,30,2025,2025-06-15,6.1,5.84,3.5,524,150.3,14.35,Safe
UNIT 3A,Secondary Superheater,31,2021,2021-06-15,6.1,5.4,3.5,535,140.5,44.23,Watch
UNIT 3A,Secondary Superheater,31,2022,2022-06-15,6.1,5.11,3.5,535,140.5,56.41,Watch
UNIT 3A,Secondary Superheater,31,2023,2023-06-15,6.1,5.06,3.5,535,140.5,67.77,Watch
UNIT 3A,Secondary Superheater,31,2024,2024-06-15,6.1,4.7,3.5,535,140.5,81.6,Critical
UNIT 3A,Secondary Superheater,31,2025,2025-06-15,6.1,4.58,3.5,535,140.5,93.06,Critical
UNIT 3A,Secondary Superheater,32,2021,2021-06-15,6.1,5.54,3.5,538,139.6,38.4,Safe
UNIT 3A,Secondary Superheater,32,2022,2022-06-15,6.1,5.13,3.5,538,139.6,51.26,Watch
UNIT 3A,Secondary Superheater,32,2023,2023-06-15,6.1,5.02,3.5,538,139.6,61.08,Watch
UNIT 3A,Secondary Superheater,32,2024,2024-06-15,6.1,4.78,3.5,538,139.6,71.21,Watch
UNIT 3A,Secondary Superheater,32,2025,2025-06-15,6.1,4.63,3.5,538,139.6,84.06,Critical
UNIT 3A,Secondary Superheater,33,2021,2021-06-15,6.1,5.66,3.5,530,147.4,25.99,Safe
UNIT 3A,Secondary Superheater,33,2022,2022-06-15,6.1,5.53,3.5,530,147.4,32.76,Safe
UNIT 3A,Secondary Superheater,33,2023,2023-06-15,6.1,5.39,3.5,530,147.4,40.93,Watch
UNIT 3A,Secondary Superheater,33,2024,2024-06-15,6.1,5.19,3.5,530,147.4,48.49,Watch
UNIT 3A,Secondary Superheater,33,2025,2025-06-15,6.1,5.14,3.5,530,147.4,54.89,Watch
UNIT 3A,Secondary Superheater,34,2021,2021-06-15,6.1,5.72,3.5,505,142.7,24.85,Safe
UNIT 3A,Secondary Superheater,34,2022,2022-06-15,6.1,5.41,3.5,505,142.7,36.82,Safe
UNIT 3A,Secondary Superheater,34,2023,2023-06-15,6.1,5.31,3.5,505,142.7,45.89,Watch
UNIT 3A,Secondary Superheater,34,2024,2024-06-15,6.1,5.1,3.5,505,142.7,55.21,Watch
UNIT 3A,Secondary Superheater,34,2025,2025-06-15,6.1,5.12,3.5,505,142.7,65.58,Watch
UNIT 3A,Secondary Superheater,35,2021,2021-06-15,6.1,6.09,3.5,533,140,0.41,Safe
UNIT 3A,Secondary Superheater,35,2022,2022-06-15,6.1,6.07,3.5,533,140,1.98,Safe
UNIT 3A,Secondary Superheater,35,2023,2023-06-15,6.1,6.05,3.5,533,140,3.38,Safe
UNIT 3A,Secondary Superheater,35,2024,2024-06-15,6.1,6.02,3.5,533,140,4.73,Safe
UNIT 3A,Secondary Superheater,35,2025,2025-06-15,6.1,6,3.5,533,140,6.44,Safe
UNIT 3A,Secondary Superheater,36,2021,2021-06-15,6.1,5.64,3.5,538,141.5,26.43,Safe
UNIT 3A,Secondary Superheater,36,2022,2022-06-15,6.1,5.52,3.5,538,141.5,32.77,Safe
UNIT 3A,Secondary Superheater,36,2023,2023-06-15,6.1,5.47,3.5,538,141.5,40.25,Watch
UNIT 3A,Secondary Superheater,36,2024,2024-06-15,6.1,5.37,3.5,538,141.5,47.76,Watch
UNIT 3A,Secondary Superheater,36,2025,2025-06-15,6.1,5.28,3.5,538,141.5,53.55,Watch
UNIT 3A,Secondary Superheater,37,2021,2021-06-15,6.1,5.99,3.5,526,150.5,5.68,Safe
UNIT 3A,Secondary Superheater,37,2022,2022-06-15,6.1,5.95,3.5,526,150.5,8.87,Safe
UNIT 3A,Secondary Superheater,37,2023,2023-06-15,6.1,5.92,3.5,526,150.5,12.09,Safe
UNIT 3A,Secondary Superheater,37,2024,2024-06-15,6.1,5.8,3.5,526,150.5,15.38,Safe
UNIT 3A,Secondary Superheater,37,2025,2025-06-15,6.1,5.82,3.5,526,150.5,18.46,Safe
UNIT 3A,Secondary Superheater,38,2021,2021-06-15,6.1,5.22,3.5,516,148.5,45.94,Watch
UNIT 3A,Secondary Superheater,38,2022,2022-06-15,6.1,4.93,3.5,516,148.5,61.67,Watch
UNIT 3A,Secondary Superheater,38,2023,2023-06-15,6.1,4.94,3.5,516,148.5,75.8,Watch
UNIT 3A,Secondary Superheater,38,2024,2024-06-15,6.1,4.63,3.5,516,148.5,91.57,Critical
UNIT 3A,Secondary Superheater,38,2025,2025-06-15,6.1,4.26,3.5,516,148.5,99.5,Critical
UNIT 3A,Secondary Superheater,39,2021,2021-06-15,6.1,5.49,3.5,511,140.8,33.41,Safe
UNIT 3A,Secondary Superheater,39,2022,2022-06-15,6.1,5.32,3.5,511,140.8,47.84,Watch
UNIT 3A,Secondary Superheater,39,2023,2023-06-15,6.1,5.21,3.5,511,140.8,60.91,Watch
UNIT 3A,Secondary Superheater,39,2024,2024-06-15,6.1,4.96,3.5,511,140.8,74.34,Watch
UNIT 3A,Secondary Superheater,39,2025,2025-06-15,6.1,4.52,3.5,511,140.8,86.85,Critical
UNIT 3A,Secondary Superheater,40,2021,2021-06-15,6.1,5.46,3.5,534,144.5,37.45,Safe
UNIT 3A,Secondary Superheater,40,2022,2022-06-15,6.1,5.26,3.5,534,144.5,48.53,Watch
UNIT 3A,Secondary Superheater,40,2023,2023-06-15,6.1,5.13,3.5,534,144.5,59.04,Watch
UNIT 3A,Secondary Superheater,40,2024,2024-06-15,6.1,4.86,3.5,534,144.5,68.86,Watch
UNIT 3A,Secondary Superheater,40,2025,2025-06-15,6.1,4.62,3.5,534,144.5,78.84,Watch
UNIT 3A,Secondary Superheater,41,2021,2021-06-15,6.1,5.96,3.5,514,144,7.43,Safe
UNIT 3A,Secondary Superheater,41,2022,2022-06-15,6.1,5.94,3.5,514,144,9.41,Safe
UNIT 3A,Secondary Superheater,41,2023,2023-06-15,6.1,5.93,3.5,514,144,11.19,Safe
UNIT 3A,Secondary Superheater,41,2024,2024-06-15,6.1,5.89,3.5,514,144,13.28,Safe
UNIT 3A,Secondary Superheater,41,2025,2025-06-15,6.1,5.89,3.5,514,144,14.92,Safe
UNIT 3A,Secondary Superheater,42,2021,2021-06-15,6.1,5.96,3.5,517,142.9,7.34,Safe
UNIT 3A,Secondary Superheater,42,2022,2022-06-15,6.1,5.94,3.5,517,142.9,9.34,Safe
UNIT 3A,Secondary Superheater,42,2023,2023-06-15,6.1,5.88,3.5,517,142.9,11.37,Safe
UNIT 3A,Secondary Superheater,42,2024,2024-06-15,6.1,5.91,3.5,517,142.9,13.08,Safe
UNIT 3A,Secondary Superheater,42,2025,2025-06-15,6.1,5.85,3.5,517,142.9,15.14,Safe
UNIT 3A,Secondary Superheater,43,2021,2021-06-15,6.1,5.54,3.5,507,144.7,28.65,Safe
UNIT 3A,Secondary Superheater,43,2022,2022-06-15,6.1,5.42,3.5,507,144.7,38.55,Safe
UNIT 3A,Secondary Superheater,43,2023,2023-06-15,6.1,5.28,3.5,507,144.7,48.94,Watch
UNIT 3A,Secondary Superheater,43,2024,2024-06-15,6.1,5.19,3.5,507,144.7,58.99,Watch
UNIT 3A,Secondary Superheater,43,2025,2025-06-15,6.1,4.87,3.5,507,144.7,68.45,Watch
UNIT 3A,Secondary Superheater,44,2021,2021-06-15,6.1,5.44,3.5,539,141.8,36.86,Safe
UNIT 3A,Secondary Superheater,44,2022,2022-06-15,6.1,5.14,3.5,539,141.8,49.57,Watch
UNIT 3A,Secondary Superheater,44,2023,2023-06-15,6.1,5.01,3.5,539,141.8,65.52,Watch
UNIT 3A,Secondary Superheater,44,2024,2024-06-15,6.1,4.94,3.5,539,141.8,79.02,Watch
UNIT 3A,Secondary Superheater,44,2025,2025-06-15,6.1,4.68,3.5,539,141.8,94.08,Critical
UNIT 3A,Secondary Superheater,45,2021,2021-06-15,6.1,6.02,3.5,540,145.6,5.46,Safe
UNIT 3A,Secondary Superheater,45,2022,2022-06-15,6.1,6,3.5,540,145.6,6.61,Safe
UNIT 3A,Secondary Superheater,45,2023,2023-06-15,6.1,5.97,3.5,540,145.6,7.8,Safe
UNIT 3A,Secondary Superheater,45,2024,2024-06-15,6.1,5.93,3.5,540,145.6,8.91,Safe
UNIT 3A,Secondary Superheater,45,2025,2025-06-15,6.1,5.93,3.5,540,145.6,10.06,Safe
UNIT 3A,Secondary Superheater,46,2021,2021-06-15,6.1,5.98,3.5,519,141.5,7.57,Safe
UNIT 3A,Secondary Superheater,46,2022,2022-06-15,6.1,5.95,3.5,519,141.5,9.25,Safe
UNIT 3A,Secondary Superheater,46,2023,2023-06-15,6.1,5.93,3.5,519,141.5,10.98,Safe
UNIT 3A,Secondary Superheater,46,2024,2024-06-15,6.1,5.88,3.5,519,141.5,12.32,Safe
UNIT 3A,Secondary Superheater,46,2025,2025-06-15,6.1,5.83,3.5,519,141.5,13.87,Safe
UNIT 3A,Secondary Superheater,47,2021,2021-06-15,6.1,5.68,3.5,526,141.8,24.72,Safe
UNIT 3A,Secondary Superheater,47,2022,2022-06-15,6.1,5.55,3.5,526,141.8,33.49,Safe
UNIT 3A,Secondary Superheater,47,2023,2023-06-15,6.1,5.45,3.5,526,141.8,41.67,Watch
UNIT 3A,Secondary Superheater,47,2024,2024-06-15,6.1,5.31,3.5,526,141.8,50.19,Watch
UNIT 3A,Secondary Superheater,47,2025,2025-06-15,6.1,5.18,3.5,526,141.8,58.2,Watch
UNIT 3A,Secondary Superheater,48,2021,2021-06-15,6.1,5.54,3.5,523,150.5,35.39,Safe
UNIT 3A,Secondary Superheater,48,2022,2022-06-15,6.1,5.29,3.5,523,150.5,48.23,Watch
UNIT 3A,Secondary Superheater,48,2023,2023-06-15,6.1,5.14,3.5,523,150.5,58.53,Watch
UNIT 3A,Secondary Superheater,48,2024,2024-06-15,6.1,4.82,3.5,523,150.5,68.7,Watch
UNIT 3A,Secondary Superheater,48,2025,2025-06-15,6.1,4.62,3.5,523,150.5,78.65,Watch
UNIT 3A,Secondary Superheater,49,2021,2021-06-15,6.1,5.44,3.5,533,145.2,34.24,Safe
UNIT 3A,Secondary Superheater,49,2022,2022-06-15,6.1,5.45,3.5,533,145.2,44.89,Watch
UNIT 3A,Secondary Superheater,49,2023,2023-06-15,6.1,5.12,3.5,533,145.2,56.86,Watch
UNIT 3A,Secondary Superheater,49,2024,2024-06-15,6.1,4.96,3.5,533,145.2,69.05,Watch
UNIT 3A,Secondary Superheater,49,2025,2025-06-15,6.1,4.87,3.5,533,145.2,80.94,Critical
UNIT 3A,Secondary Superheater,50,2021,2021-06-15,6.1,5.68,3.5,528,149,22.55,Safe
UNIT 3A,Secondary Superheater,50,2022,2022-06-15,6.1,5.54,3.5,528,149,33.48,Safe
UNIT 3A,Secondary Superheater,50,2023,2023-06-15,6.1,5.3,3.5,528,149,43.09,Watch
UNIT 3A,Secondary Superheater,50,2024,2024-06-15,6.1,5.17,3.5,528,149,53.14,Watch
UNIT 3A,Secondary Superheater,50,2025,2025-06-15,6.1,5.07,3.5,528,149,62.18,Watch
UNIT 3A,Secondary Superheater,51,2021,2021-06-15,6.1,6.04,3.5,519,145.7,3.25,Safe
UNIT 3A,Secondary Superheater,51,2022,2022-06-15,6.1,6.03,3.5,519,145.7,4.38,Safe
UNIT 3A,Secondary Superheater,51,2023,2023-06-15,6.1,6.01,3.5,519,145.7,5.61,Safe
UNIT 3A,Secondary Superheater,51,2024,2024-06-15,6.1,6,3.5,519,145.7,6.91,Safe
UNIT 3A,Secondary Superheater,51,2025,2025-06-15,6.1,5.98,3.5,519,145.7,8.15,Safe
UNIT 3A,Secondary Superheater,52,2021,2021-06-15,6.1,6.03,3.5,534,144.9,3.66,Safe
UNIT 3A,Secondary Superheater,52,2022,2022-06-15,6.1,6.03,3.5,534,144.9,4.39,Safe
UNIT 3A,Secondary Superheater,52,2023,2023-06-15,6.1,6.01,3.5,534,144.9,5.31,Safe
UNIT 3A,Secondary Superheater,52,2024,2024-06-15,6.1,6,3.5,534,144.9,6.22,Safe
UNIT 3A,Secondary Superheater,52,2025,2025-06-15,6.1,5.99,3.5,534,144.9,7.17,Safe
UNIT 3A,Secondary Superheater,53,2021,2021-06-15,6.1,5.49,3.5,500,141.2,39.53,Safe
UNIT 3A,Secondary Superheater,53,2022,2022-06-15,6.1,5.26,3.5,500,141.2,53.18,Watch
UNIT 3A,Secondary Superheater,53,2023,2023-06-15,6.1,4.92,3.5,500,141.2,66.75,Watch
UNIT 3A,Secondary Superheater,53,2024,2024-06-15,6.1,4.7,3.5,500,141.2,77.86,Watch
UNIT 3A,Secondary Superheater,53,2025,2025-06-15,6.1,4.39,3.5,500,141.2,92,Critical
UNIT 3A,Secondary Superheater,54,2021,2021-06-15,6.1,5.36,3.5,526,146.4,46.61,Watch
UNIT 3A,Secondary Superheater,54,2022,2022-06-15,6.1,5.06,3.5,526,146.4,58.22,Watch
UNIT 3A,Secondary Superheater,54,2023,2023-06-15,6.1,4.73,3.5,526,146.4,72.04,Watch
UNIT 3A,Secondary Superheater,54,2024,2024-06-15,6.1,4.71,3.5,526,146.4,86.37,Critical
UNIT 3A,Secondary Superheater,54,2025,2025-06-15,6.1,4.62,3.5,526,146.4,99.5,Critical
UNIT 3A,Secondary Superheater,55,2021,2021-06-15,6.1,5.32,3.5,520,144.8,46.83,Watch
UNIT 3A,Secondary Superheater,55,2022,2022-06-15,6.1,5.15,3.5,520,144.8,55.84,Watch
UNIT 3A,Secondary Superheater,55,2023,2023-06-15,6.1,5.06,3.5,520,144.8,63.92,Watch
UNIT 3A,Secondary Superheater,55,2024,2024-06-15,6.1,4.74,3.5,520,144.8,73.36,Watch
UNIT 3A,Secondary Superheater,55,2025,2025-06-15,6.1,4.54,3.5,520,144.8,83.43,Critical
UNIT 3A,Secondary Superheater,56,2021,2021-06-15,6.1,5.62,3.5,506,141,31.56,Safe
UNIT 3A,Secondary Superheater,56,2022,2022-06-15,6.1,5.32,3.5,506,141,40.74,Watch
UNIT 3A,Secondary Superheater,56,2023,2023-06-15,6.1,5.22,3.5,506,141,47.99,Watch
UNIT 3A,Secondary Superheater,56,2024,2024-06-15,6.1,5.16,3.5,506,141,55.93,Watch
UNIT 3A,Secondary Superheater,56,2025,2025-06-15,6.1,4.86,3.5,506,141,64.03,Watch
UNIT 3A,Secondary Superheater,57,2021,2021-06-15,6.1,5.52,3.5,504,147.1,32.09,Safe
UNIT 3A,Secondary Superheater,57,2022,2022-06-15,6.1,5.22,3.5,504,147.1,48.34,Watch
UNIT 3A,Secondary Superheater,57,2023,2023-06-15,6.1,5.1,3.5,504,147.1,63.76,Watch
UNIT 3A,Secondary Superheater,57,2024,2024-06-15,6.1,4.76,3.5,504,147.1,80.3,Critical
UNIT 3A,Secondary Superheater,57,2025,2025-06-15,6.1,4.5,3.5,504,147.1,94.36,Critical
UNIT 3A,Secondary Superheater,58,2021,2021-06-15,6.1,6.06,3.5,525,151,1.92,Safe
UNIT 3A,Secondary Superheater,58,2022,2022-06-15,6.1,6.03,3.5,525,151,3.49,Safe
UNIT 3A,Secondary Superheater,58,2023,2023-06-15,6.1,6.02,3.5,525,151,5.02,Safe
UNIT 3A,Secondary Superheater,58,2024,2024-06-15,6.1,5.98,3.5,525,151,6.78,Safe
UNIT 3A,Secondary Superheater,58,2025,2025-06-15,6.1,5.96,3.5,525,151,8.47,Safe
UNIT 3A,Secondary Superheater,59,2021,2021-06-15,6.1,5.7,3.5,532,139.6,22.74,Safe
UNIT 3A,Secondary Superheater,59,2022,2022-06-15,6.1,5.5,3.5,532,139.6,32.76,Safe
UNIT 3A,Secondary Superheater,59,2023,2023-06-15,6.1,5.45,3.5,532,139.6,43.22,Watch
UNIT 3A,Secondary Superheater,59,2024,2024-06-15,6.1,5.3,3.5,532,139.6,52.06,Watch
UNIT 3A,Secondary Superheater,59,2025,2025-06-15,6.1,4.93,3.5,532,139.6,63.13,Watch
UNIT 3A,Secondary Superheater,60,2021,2021-06-15,6.1,5.97,3.5,520,151.5,7.04,Safe
UNIT 3A,Secondary Superheater,60,2022,2022-06-15,6.1,5.96,3.5,520,151.5,8.21,Safe
UNIT 3A,Secondary Superheater,60,2023,2023-06-15,6.1,5.95,3.5,520,151.5,9.73,Safe
UNIT 3A,Secondary Superheater,60,2024,2024-06-15,6.1,5.89,3.5,520,151.5,11.13,Safe
UNIT 3A,Secondary Superheater,60,2025,2025-06-15,6.1,5.88,3.5,520,151.5,12.56,Safe
UNIT 3A,Secondary Superheater,61,2021,2021-06-15,6.1,5.96,3.5,538,148.6,7.21,Safe
UNIT 3A,Secondary Superheater,61,2022,2022-06-15,6.1,5.96,3.5,538,148.6,8.9,Safe
UNIT 3A,Secondary Superheater,61,2023,2023-06-15,6.1,5.91,3.5,538,148.6,10.35,Safe
UNIT 3A,Secondary Superheater,61,2024,2024-06-15,6.1,5.91,3.5,538,148.6,12.08,Safe
UNIT 3A,Secondary Superheater,61,2025,2025-06-15,6.1,5.83,3.5,538,148.6,13.93,Safe
UNIT 3A,Secondary Superheater,62,2021,2021-06-15,6.1,5.96,3.5,517,139.5,7,Safe
UNIT 3A,Secondary Superheater,62,2022,2022-06-15,6.1,5.91,3.5,517,139.5,9.99,Safe
UNIT 3A,Secondary Superheater,62,2023,2023-06-15,6.1,5.87,3.5,517,139.5,13.17,Safe
UNIT 3A,Secondary Superheater,62,2024,2024-06-15,6.1,5.87,3.5,517,139.5,15.96,Safe
UNIT 3A,Secondary Superheater,62,2025,2025-06-15,6.1,5.77,3.5,517,139.5,18.72,Safe
UNIT 3A,Secondary Superheater,63,2021,2021-06-15,6.1,5.69,3.5,502,140,28.08,Safe
UNIT 3A,Secondary Superheater,63,2022,2022-06-15,6.1,5.48,3.5,502,140,35.71,Safe
UNIT 3A,Secondary Superheater,63,2023,2023-06-15,6.1,5.4,3.5,502,140,43.83,Watch
UNIT 3A,Secondary Superheater,63,2024,2024-06-15,6.1,5.17,3.5,502,140,50.37,Watch
UNIT 3A,Secondary Superheater,63,2025,2025-06-15,6.1,5.15,3.5,502,140,58.77,Watch
UNIT 3A,Secondary Superheater,64,2021,2021-06-15,6.1,6.05,3.5,511,139.4,3.39,Safe
UNIT 3A,Secondary Superheater,64,2022,2022-06-15,6.1,5.98,3.5,511,139.4,6.42,Safe
UNIT 3A,Secondary Superheater,64,2023,2023-06-15,6.1,5.97,3.5,511,139.4,9.19,Safe
UNIT 3A,Secondary Superheater,64,2024,2024-06-15,6.1,5.9,3.5,511,139.4,11.63,Safe
UNIT 3A,Secondary Superheater,64,2025,2025-06-15,6.1,5.86,3.5,511,139.4,14.79,Safe
UNIT 3A,Secondary Superheater,65,2021,2021-06-15,6.1,5.98,3.5,517,147.5,6.66,Safe
UNIT 3A,Secondary Superheater,65,2022,2022-06-15,6.1,5.93,3.5,517,147.5,9.77,Safe
UNIT 3A,Secondary Superheater,65,2023,2023-06-15,6.1,5.89,3.5,517,147.5,12.26,Safe
UNIT 3A,Secondary Superheater,65,2024,2024-06-15,6.1,5.86,3.5,517,147.5,15.16,Safe
UNIT 3A,Secondary Superheater,65,2025,2025-06-15,6.1,5.82,3.5,517,147.5,18.31,Safe
UNIT 3A,Secondary Superheater,66,2021,2021-06-15,6.1,6.02,3.5,508,146.8,4.35,Safe
UNIT 3A,Secondary Superheater,66,2022,2022-06-15,6.1,6.02,3.5,508,146.8,5.16,Safe
UNIT 3A,Secondary Superheater,66,2023,2023-06-15,6.1,6,3.5,508,146.8,6.06,Safe
UNIT 3A,Secondary Superheater,66,2024,2024-06-15,6.1,5.97,3.5,508,146.8,6.81,Safe
UNIT 3A,Secondary Superheater,66,2025,2025-06-15,6.1,5.99,3.5,508,146.8,7.52,Safe
UNIT 3A,Secondary Superheater,67,2021,2021-06-15,6.1,5.99,3.5,535,151.9,7.43,Safe
UNIT 3A,Secondary Superheater,67,2022,2022-06-15,6.1,5.96,3.5,535,151.9,9.14,Safe
UNIT 3A,Secondary Superheater,67,2023,2023-06-15,6.1,5.92,3.5,535,151.9,10.82,Safe
UNIT 3A,Secondary Superheater,67,2024,2024-06-15,6.1,5.86,3.5,535,151.9,12.95,Safe
UNIT 3A,Secondary Superheater,67,2025,2025-06-15,6.1,5.88,3.5,535,151.9,15.02,Safe
UNIT 3A,Secondary Superheater,68,2021,2021-06-15,6.1,5.61,3.5,510,140.5,28.72,Safe
UNIT 3A,Secondary Superheater,68,2022,2022-06-15,6.1,5.48,3.5,510,140.5,39.35,Safe
UNIT 3A,Secondary Superheater,68,2023,2023-06-15,6.1,5.15,3.5,510,140.5,49.39,Watch
UNIT 3A,Secondary Superheater,68,2024,2024-06-15,6.1,5.15,3.5,510,140.5,58.42,Watch
UNIT 3A,Secondary Superheater,68,2025,2025-06-15,6.1,4.85,3.5,510,140.5,67.71,Watch
UNIT 3A,Secondary Superheater,69,2021,2021-06-15,6.1,5.95,3.5,530,146.4,7.91,Safe
UNIT 3A,Secondary Superheater,69,2022,2022-06-15,6.1,5.92,3.5,530,146.4,9.27,Safe
UNIT 3A,Secondary Superheater,69,2023,2023-06-15,6.1,5.94,3.5,530,146.4,10.43,Safe
UNIT 3A,Secondary Superheater,69,2024,2024-06-15,6.1,5.9,3.5,530,146.4,11.86,Safe
UNIT 3A,Secondary Superheater,69,2025,2025-06-15,6.1,5.86,3.5,530,146.4,13.1,Safe
UNIT 3A,Secondary Superheater,70,2021,2021-06-15,6.1,5.71,3.5,536,139.8,24.9,Safe
UNIT 3A,Secondary Superheater,70,2022,2022-06-15,6.1,5.49,3.5,536,139.8,33.08,Safe
UNIT 3A,Secondary Superheater,70,2023,2023-06-15,6.1,5.43,3.5,536,139.8,40.98,Watch
UNIT 3A,Secondary Superheater,70,2024,2024-06-15,6.1,5.35,3.5,536,139.8,49.43,Watch
UNIT 3A,Secondary Superheater,70,2025,2025-06-15,6.1,5.22,3.5,536,139.8,57.24,Watch
UNIT 3A,Secondary Superheater,71,2021,2021-06-15,6.1,5.58,3.5,526,148.1,27.15,Safe
UNIT 3A,Secondary Superheater,71,2022,2022-06-15,6.1,5.52,3.5,526,148.1,35.89,Safe
UNIT 3A,Secondary Superheater,71,2023,2023-06-15,6.1,5.46,3.5,526,148.1,43.52,Watch
UNIT 3A,Secondary Superheater,71,2024,2024-06-15,6.1,5.33,3.5,526,148.1,51.25,Watch
UNIT 3A,Secondary Superheater,71,2025,2025-06-15,6.1,5.04,3.5,526,148.1,59.22,Watch
UNIT 3A,Secondary Superheater,72,2021,2021-06-15,6.1,5.72,3.5,534,145,22.6,Safe
UNIT 3A,Secondary Superheater,72,2022,2022-06-15,6.1,5.62,3.5,534,145,30.63,Safe
UNIT 3A,Secondary Superheater,72,2023,2023-06-15,6.1,5.41,3.5,534,145,40.39,Watch
UNIT 3A,Secondary Superheater,72,2024,2024-06-15,6.1,5.4,3.5,534,145,49.08,Watch
UNIT 3A,Secondary Superheater,72,2025,2025-06-15,6.1,5.18,3.5,534,145,56.8,Watch
UNIT 3A,Secondary Superheater,73,2021,2021-06-15,6.1,5.54,3.5,526,142.5,31.88,Safe
UNIT 3A,Secondary Superheater,73,2022,2022-06-15,6.1,5.34,3.5,526,142.5,39.59,Safe
UNIT 3A,Secondary Superheater,73,2023,2023-06-15,6.1,5.25,3.5,526,142.5,46.34,Watch
UNIT 3A,Secondary Superheater,73,2024,2024-06-15,6.1,5.11,3.5,526,142.5,53.54,Watch
UNIT 3A,Secondary Superheater,73,2025,2025-06-15,6.1,4.94,3.5,526,142.5,62.05,Watch
UNIT 3A,Secondary Superheater,74,2021,2021-06-15,6.1,6.09,3.5,519,142.8,0.42,Safe
UNIT 3A,Secondary Superheater,74,2022,2022-06-15,6.1,6.07,3.5,519,142.8,1.46,Safe
UNIT 3A,Secondary Superheater,74,2023,2023-06-15,6.1,6.05,3.5,519,142.8,2.65,Safe
UNIT 3A,Secondary Superheater,74,2024,2024-06-15,6.1,6.03,3.5,519,142.8,3.73,Safe
UNIT 3A,Secondary Superheater,74,2025,2025-06-15,6.1,6,3.5,519,142.8,4.92,Safe
UNIT 3A,Secondary Superheater,75,2021,2021-06-15,6.1,5.52,3.5,540,149.4,31.62,Safe
UNIT 3A,Secondary Superheater,75,2022,2022-06-15,6.1,5.4,3.5,540,149.4,38.64,Safe
UNIT 3A,Secondary Superheater,75,2023,2023-06-15,6.1,5.22,3.5,540,149.4,46.05,Watch
UNIT 3A,Secondary Superheater,75,2024,2024-06-15,6.1,5.34,3.5,540,149.4,52.37,Watch
UNIT 3A,Secondary Superheater,75,2025,2025-06-15,6.1,5.14,3.5,540,149.4,58.03,Watch
UNIT 3A,Secondary Superheater,76,2021,2021-06-15,6.1,6.06,3.5,529,145.1,2.41,Safe
UNIT 3A,Secondary Superheater,76,2022,2022-06-15,6.1,6.04,3.5,529,145.1,4.17,Safe
UNIT 3A,Secondary Superheater,76,2023,2023-06-15,6.1,6,3.5,529,145.1,5.79,Safe
UNIT 3A,Secondary Superheater,76,2024,2024-06-15,6.1,5.96,3.5,529,145.1,7.5,Safe
UNIT 3A,Secondary Superheater,76,2025,2025-06-15,6.1,5.96,3.5,529,145.1,9.41,Safe
UNIT 3A,Secondary Superheater,77,2021,2021-06-15,6.1,5.56,3.5,504,138.6,36.74,Safe
UNIT 3A,Secondary Superheater,77,2022,2022-06-15,6.1,5.36,3.5,504,138.6,49.68,Watch
UNIT 3A,Secondary Superheater,77,2023,2023-06-15,6.1,5.11,3.5,504,138.6,62.57,Watch
UNIT 3A,Secondary Superheater,77,2024,2024-06-15,6.1,5.01,3.5,504,138.6,73.64,Watch
UNIT 3A,Secondary Superheater,77,2025,2025-06-15,6.1,4.75,3.5,504,138.6,83.67,Critical
UNIT 3A,Secondary Superheater,78,2021,2021-06-15,6.1,6.1,3.5,516,140.2,0.25,Safe
UNIT 3A,Secondary Superheater,78,2022,2022-06-15,6.1,6.08,3.5,516,140.2,1.1,Safe
UNIT 3A,Secondary Superheater,78,2023,2023-06-15,6.1,6.06,3.5,516,140.2,2.14,Safe
UNIT 3A,Secondary Superheater,78,2024,2024-06-15,6.1,6.05,3.5,516,140.2,3.13,Safe
UNIT 3A,Secondary Superheater,78,2025,2025-06-15,6.1,6.04,3.5,516,140.2,4.03,Safe
UNIT 3A,Secondary Superheater,79,2021,2021-06-15,6.1,6,3.5,503,149.1,7.18,Safe
UNIT 3A,Secondary Superheater,79,2022,2022-06-15,6.1,5.98,3.5,503,149.1,8.25,Safe
UNIT 3A,Secondary Superheater,79,2023,2023-06-15,6.1,5.96,3.5,503,149.1,9.44,Safe
UNIT 3A,Secondary Superheater,79,2024,2024-06-15,6.1,5.91,3.5,503,149.1,10.49,Safe
UNIT 3A,Secondary Superheater,79,2025,2025-06-15,6.1,5.89,3.5,503,149.1,11.69,Safe
UNIT 3A,Secondary Superheater,80,2021,2021-06-15,6.1,6.05,3.5,518,138.4,2.8,Safe
UNIT 3A,Secondary Superheater,80,2022,2022-06-15,6.1,6.02,3.5,518,138.4,4.71,Safe
UNIT 3A,Secondary Superheater,80,2023,2023-06-15,6.1,6,3.5,518,138.4,6.89,Safe
UNIT 3A,Secondary Superheater,80,2024,2024-06-15,6.1,5.93,3.5,518,138.4,9.29,Safe
UNIT 3A,Secondary Superheater,80,2025,2025-06-15,6.1,5.88,3.5,518,138.4,11.54,Safe
UNIT 3A,Secondary Superheater,81,2021,2021-06-15,6.1,5.68,3.5,528,150.2,26.53,Safe
UNIT 3A,Secondary Superheater,81,2022,2022-06-15,6.1,5.52,3.5,528,150.2,33.75,Safe
UNIT 3A,Secondary Superheater,81,2023,2023-06-15,6.1,5.36,3.5,528,150.2,40.56,Watch
UNIT 3A,Secondary Superheater,81,2024,2024-06-15,6.1,5.22,3.5,528,150.2,48.21,Watch
UNIT 3A,Secondary Superheater,81,2025,2025-06-15,6.1,5.17,3.5,528,150.2,55.68,Watch
UNIT 3A,Secondary Superheater,82,2021,2021-06-15,6.1,6.04,3.5,508,140.3,3.5,Safe
UNIT 3A,Secondary Superheater,82,2022,2022-06-15,6.1,6,3.5,508,140.3,4.92,Safe
UNIT 3A,Secondary Superheater,82,2023,2023-06-15,6.1,6,3.5,508,140.3,6.38,Safe
UNIT 3A,Secondary Superheater,82,2024,2024-06-15,6.1,5.98,3.5,508,140.3,7.88,Safe
UNIT 3A,Secondary Superheater,82,2025,2025-06-15,6.1,5.93,3.5,508,140.3,9.42,Safe
UNIT 3A,Secondary Superheater,83,2021,2021-06-15,6.1,5.55,3.5,516,151.2,33.62,Safe
UNIT 3A,Secondary Superheater,83,2022,2022-06-15,6.1,5.34,3.5,516,151.2,45.37,Watch
UNIT 3A,Secondary Superheater,83,2023,2023-06-15,6.1,5.06,3.5,516,151.2,56.05,Watch
UNIT 3A,Secondary Superheater,83,2024,2024-06-15,6.1,4.87,3.5,516,151.2,65.36,Watch
UNIT 3A,Secondary Superheater,83,2025,2025-06-15,6.1,4.87,3.5,516,151.2,76.16,Watch
UNIT 3A,Secondary Superheater,84,2021,2021-06-15,6.1,5.6,3.5,513,141.8,31.24,Safe
UNIT 3A,Secondary Superheater,84,2022,2022-06-15,6.1,5.45,3.5,513,141.8,42.62,Watch
UNIT 3A,Secondary Superheater,84,2023,2023-06-15,6.1,5.3,3.5,513,141.8,53.76,Watch
UNIT 3A,Secondary Superheater,84,2024,2024-06-15,6.1,5.03,3.5,513,141.8,63.25,Watch
UNIT 3A,Secondary Superheater,84,2025,2025-06-15,6.1,4.75,3.5,513,141.8,74.43,Watch
UNIT 3A,Secondary Superheater,85,2021,2021-06-15,6.1,5.7,3.5,539,142.5,22.95,Safe
UNIT 3A,Secondary Superheater,85,2022,2022-06-15,6.1,5.66,3.5,539,142.5,30.4,Safe
UNIT 3A,Secondary Superheater,85,2023,2023-06-15,6.1,5.54,3.5,539,142.5,39.03,Safe
UNIT 3A,Secondary Superheater,85,2024,2024-06-15,6.1,5.32,3.5,539,142.5,48.35,Watch
UNIT 3A,Secondary Superheater,85,2025,2025-06-15,6.1,5.05,3.5,539,142.5,55.3,Watch
UNIT 3A,Secondary Superheater,86,2021,2021-06-15,6.1,6.05,3.5,511,147.2,2.83,Safe
UNIT 3A,Secondary Superheater,86,2022,2022-06-15,6.1,6.03,3.5,511,147.2,4.62,Safe
UNIT 3A,Secondary Superheater,86,2023,2023-06-15,6.1,6.01,3.5,511,147.2,6.29,Safe
UNIT 3A,Secondary Superheater,86,2024,2024-06-15,6.1,5.97,3.5,511,147.2,8.19,Safe
UNIT 3A,Secondary Superheater,86,2025,2025-06-15,6.1,5.94,3.5,511,147.2,10.2,Safe
UNIT 3A,Secondary Superheater,87,2021,2021-06-15,6.1,5.56,3.5,515,143.1,29.7,Safe
UNIT 3A,Secondary Superheater,87,2022,2022-06-15,6.1,5.44,3.5,515,143.1,38.12,Safe
UNIT 3A,Secondary Superheater,87,2023,2023-06-15,6.1,5.35,3.5,515,143.1,48.04,Watch
UNIT 3A,Secondary Superheater,87,2024,2024-06-15,6.1,5.05,3.5,515,143.1,57.75,Watch
UNIT 3A,Secondary Superheater,87,2025,2025-06-15,6.1,5.05,3.5,515,143.1,65.96,Watch
UNIT 3A,Secondary Superheater,88,2021,2021-06-15,6.1,6.05,3.5,519,142.5,3.6,Safe
UNIT 3A,Secondary Superheater,88,2022,2022-06-15,6.1,6.02,3.5,519,142.5,5.35,Safe
UNIT 3A,Secondary Superheater,88,2023,2023-06-15,6.1,5.99,3.5,519,142.5,7.16,Safe
UNIT 3A,Secondary Superheater,88,2024,2024-06-15,6.1,5.94,3.5,519,142.5,9.27,Safe
UNIT 3A,Secondary Superheater,88,2025,2025-06-15,6.1,5.91,3.5,519,142.5,11.04,Safe
UNIT 3A,Secondary Superheater,89,2021,2021-06-15,6.1,5.33,3.5,515,138.5,47.83,Watch
UNIT 3A,Secondary Superheater,89,2022,2022-06-15,6.1,5.17,3.5,515,138.5,60.07,Watch
UNIT 3A,Secondary Superheater,89,2023,2023-06-15,6.1,4.89,3.5,515,138.5,73.33,Watch
UNIT 3A,Secondary Superheater,89,2024,2024-06-15,6.1,4.67,3.5,515,138.5,83.3,Critical
UNIT 3A,Secondary Superheater,89,2025,2025-06-15,6.1,4.51,3.5,515,138.5,95.56,Critical
UNIT 3A,Secondary Superheater,90,2021,2021-06-15,6.1,6.09,3.5,521,142.4,0.64,Safe
UNIT 3A,Secondary Superheater,90,2022,2022-06-15,6.1,6.07,3.5,521,142.4,1.78,Safe
UNIT 3A,Secondary Superheater,90,2023,2023-06-15,6.1,6.05,3.5,521,142.4,3.03,Safe
UNIT 3A,Secondary Superheater,90,2024,2024-06-15,6.1,6.02,3.5,521,142.4,4.24,Safe
UNIT 3A,Secondary Superheater,90,2025,2025-06-15,6.1,6.02,3.5,521,142.4,5.21,Safe
UNIT 3A,Secondary Superheater,91,2021,2021-06-15,6.1,5.47,3.5,539,144.7,37.62,Safe
UNIT 3A,Secondary Superheater,91,2022,2022-06-15,6.1,5.19,3.5,539,144.7,54.92,Watch
UNIT 3A,Secondary Superheater,91,2023,2023-06-15,6.1,4.92,3.5,539,144.7,71.5,Watch
UNIT 3A,Secondary Superheater,91,2024,2024-06-15,6.1,4.86,3.5,539,144.7,85.09,Critical
UNIT 3A,Secondary Superheater,91,2025,2025-06-15,6.1,4.31,3.5,539,144.7,99.18,Critical
UNIT 3A,Secondary Superheater,92,2021,2021-06-15,6.1,6.01,3.5,534,149.2,4.98,Safe
UNIT 3A,Secondary Superheater,92,2022,2022-06-15,6.1,6.01,3.5,534,149.2,6.16,Safe
UNIT 3A,Secondary Superheater,92,2023,2023-06-15,6.1,5.98,3.5,534,149.2,7.03,Safe
UNIT 3A,Secondary Superheater,92,2024,2024-06-15,6.1,5.96,3.5,534,149.2,7.99,Safe
UNIT 3A,Secondary Superheater,92,2025,2025-06-15,6.1,5.97,3.5,534,149.2,9.1,Safe
UNIT 3A,Secondary Superheater,93,2021,2021-06-15,6.1,5.63,3.5,503,139.4,24.61,Safe
UNIT 3A,Secondary Superheater,93,2022,2022-06-15,6.1,5.5,3.5,503,139.4,35.08,Safe
UNIT 3A,Secondary Superheater,93,2023,2023-06-15,6.1,5.32,3.5,503,139.4,44.36,Watch
UNIT 3A,Secondary Superheater,93,2024,2024-06-15,6.1,5.18,3.5,503,139.4,53.84,Watch
UNIT 3A,Secondary Superheater,93,2025,2025-06-15,6.1,4.91,3.5,503,139.4,63.34,Watch
UNIT 3A,Secondary Superheater,94,2021,2021-06-15,6.1,5.66,3.5,527,140.3,22.59,Safe
UNIT 3A,Secondary Superheater,94,2022,2022-06-15,6.1,5.63,3.5,527,140.3,31.87,Safe
UNIT 3A,Secondary Superheater,94,2023,2023-06-15,6.1,5.31,3.5,527,140.3,42.22,Watch
UNIT 3A,Secondary Superheater,94,2024,2024-06-15,6.1,5.24,3.5,527,140.3,51.04,Watch
UNIT 3A,Secondary Superheater,94,2025,2025-06-15,6.1,5.11,3.5,527,140.3,59.88,Watch
UNIT 3A,Secondary Superheater,95,2021,2021-06-15,6.1,5.57,3.5,527,150.7,27.62,Safe
UNIT 3A,Secondary Superheater,95,2022,2022-06-15,6.1,5.49,3.5,527,150.7,38.6,Safe
UNIT 3A,Secondary Superheater,95,2023,2023-06-15,6.1,5.25,3.5,527,150.7,49.84,Watch
UNIT 3A,Secondary Superheater,95,2024,2024-06-15,6.1,5.13,3.5,527,150.7,59.36,Watch
UNIT 3A,Secondary Superheater,95,2025,2025-06-15,6.1,4.95,3.5,527,150.7,68.97,Watch
UNIT 3A,Secondary Superheater,96,2021,2021-06-15,6.1,6.09,3.5,534,150,0.7,Safe
UNIT 3A,Secondary Superheater,96,2022,2022-06-15,6.1,6.06,3.5,534,150,2.06,Safe
UNIT 3A,Secondary Superheater,96,2023,2023-06-15,6.1,6.04,3.5,534,150,3.6,Safe
UNIT 3A,Secondary Superheater,96,2024,2024-06-15,6.1,6.02,3.5,534,150,5.04,Safe
UNIT 3A,Secondary Superheater,96,2025,2025-06-15,6.1,5.99,3.5,534,150,6.61,Safe
UNIT 3A,Secondary Superheater,97,2021,2021-06-15,6.1,5.65,3.5,521,147.6,24.43,Safe
UNIT 3A,Secondary Superheater,97,2022,2022-06-15,6.1,5.48,3.5,521,147.6,33.07,Safe
UNIT 3A,Secondary Superheater,97,2023,2023-06-15,6.1,5.39,3.5,521,147.6,41.35,Watch
UNIT 3A,Secondary Superheater,97,2024,2024-06-15,6.1,5.32,3.5,521,147.6,49.45,Watch
UNIT 3A,Secondary Superheater,97,2025,2025-06-15,6.1,5.24,3.5,521,147.6,59.57,Watch
UNIT 3A,Secondary Superheater,98,2021,2021-06-15,6.1,5.7,3.5,518,147,21.1,Safe
UNIT 3A,Secondary Superheater,98,2022,2022-06-15,6.1,5.61,3.5,518,147,30.54,Safe
UNIT 3A,Secondary Superheater,98,2023,2023-06-15,6.1,5.37,3.5,518,147,40.64,Watch
UNIT 3A,Secondary Superheater,98,2024,2024-06-15,6.1,5.23,3.5,518,147,48.86,Watch
UNIT 3A,Secondary Superheater,98,2025,2025-06-15,6.1,5.03,3.5,518,147,58.6,Watch
UNIT 3A,Secondary Superheater,99,2021,2021-06-15,6.1,5.68,3.5,520,151.8,26.88,Safe
UNIT 3A,Secondary Superheater,99,2022,2022-06-15,6.1,5.43,3.5,520,151.8,36.91,Safe
UNIT 3A,Secondary Superheater,99,2023,2023-06-15,6.1,5.17,3.5,520,151.8,47.91,Watch
UNIT 3A,Secondary Superheater,99,2024,2024-06-15,6.1,5.16,3.5,520,151.8,58.73,Watch
UNIT 3A,Secondary Superheater,99,2025,2025-06-15,6.1,5.08,3.5,520,151.8,68.75,Watch
UNIT 3A,Secondary Superheater,100,2021,2021-06-15,6.1,5.71,3.5,520,139.9,24.82,Safe
UNIT 3A,Secondary Superheater,100,2022,2022-06-15,6.1,5.61,3.5,520,139.9,33.85,Safe
UNIT 3A,Secondary Superheater,100,2023,2023-06-15,6.1,5.27,3.5,520,139.9,43.74,Watch
UNIT 3A,Secondary Superheater,100,2024,2024-06-15,6.1,5.13,3.5,520,139.9,51.34,Watch
UNIT 3A,Secondary Superheater,100,2025,2025-06-15,6.1,5.23,3.5,520,139.9,59.58,Watch
UNIT 3A,Secondary Superheater,101,2021,2021-06-15,6.1,6.07,3.5,537,147.9,1.91,Safe
UNIT 3A,Secondary Superheater,101,2022,2022-06-15,6.1,6.02,3.5,537,147.9,4.2,Safe
UNIT 3A,Secondary Superheater,101,2023,2023-06-15,6.1,6,3.5,537,147.9,6.56,Safe
UNIT 3A,Secondary Superheater,101,2024,2024-06-15,6.1,5.96,3.5,537,147.9,9.04,Safe
UNIT 3A,Secondary Superheater,101,2025,2025-06-15,6.1,5.9,3.5,537,147.9,11.44,Safe
UNIT 3A,Secondary Superheater,102,2021,2021-06-15,6.1,5.57,3.5,529,149.7,30.19,Safe
UNIT 3A,Secondary Superheater,102,2022,2022-06-15,6.1,5.48,3.5,529,149.7,38.71,Safe
UNIT 3A,Secondary Superheater,102,2023,2023-06-15,6.1,5.3,3.5,529,149.7,48.7,Watch
UNIT 3A,Secondary Superheater,102,2024,2024-06-15,6.1,5.17,3.5,529,149.7,58.63,Watch
UNIT 3A,Secondary Superheater,102,2025,2025-06-15,6.1,4.94,3.5,529,149.7,66.53,Watch
UNIT 3A,Secondary Superheater,103,2021,2021-06-15,6.1,5.99,3.5,527,148.7,6.49,Safe
UNIT 3A,Secondary Superheater,103,2022,2022-06-15,6.1,5.96,3.5,527,148.7,7.84,Safe
UNIT 3A,Secondary Superheater,103,2023,2023-06-15,6.1,5.94,3.5,527,148.7,9.26,Safe
UNIT 3A,Secondary Superheater,103,2024,2024-06-15,6.1,5.94,3.5,527,148.7,10.72,Safe
UNIT 3A,Secondary Superheater,103,2025,2025-06-15,6.1,5.9,3.5,527,148.7,12.28,Safe
UNIT 3A,Secondary Superheater,104,2021,2021-06-15,6.1,5.51,3.5,519,151.9,35.7,Safe
UNIT 3A,Secondary Superheater,104,2022,2022-06-15,6.1,5.38,3.5,519,151.9,49.22,Watch
UNIT 3A,Secondary Superheater,104,2023,2023-06-15,6.1,5.19,3.5,519,151.9,61.65,Watch
UNIT 3A,Secondary Superheater,104,2024,2024-06-15,6.1,4.92,3.5,519,151.9,73.91,Watch
UNIT 3A,Secondary Superheater,104,2025,2025-06-15,6.1,4.65,3.5,519,151.9,87.49,Critical
UNIT 3A,Secondary Superheater,105,2021,2021-06-15,6.1,5.6,3.5,500,142.4,33.14,Safe
UNIT 3A,Secondary Superheater,105,2022,2022-06-15,6.1,5.29,3.5,500,142.4,42.2,Watch
UNIT 3A,Secondary Superheater,105,2023,2023-06-15,6.1,5.33,3.5,500,142.4,50.96,Watch
UNIT 3A,Secondary Superheater,105,2024,2024-06-15,6.1,5.07,3.5,500,142.4,60.87,Watch
UNIT 3A,Secondary Superheater,105,2025,2025-06-15,6.1,4.83,3.5,500,142.4,69.02,Watch
UNIT 3A,Secondary Superheater,106,2021,2021-06-15,6.1,6.02,3.5,507,147.6,4.67,Safe
UNIT 3A,Secondary Superheater,106,2022,2022-06-15,6.1,5.96,3.5,507,147.6,7.87,Safe
UNIT 3A,Secondary Superheater,106,2023,2023-06-15,6.1,5.95,3.5,507,147.6,10.59,Safe
UNIT 3A,Secondary Superheater,106,2024,2024-06-15,6.1,5.87,3.5,507,147.6,13.52,Safe
UNIT 3A,Secondary Superheater,106,2025,2025-06-15,6.1,5.85,3.5,507,147.6,16.66,Safe
UNIT 3A,Secondary Superheater,107,2021,2021-06-15,6.1,5.72,3.5,504,144.1,24.76,Safe
UNIT 3A,Secondary Superheater,107,2022,2022-06-15,6.1,5.49,3.5,504,144.1,32.77,Safe
UNIT 3A,Secondary Superheater,107,2023,2023-06-15,6.1,5.36,3.5,504,144.1,40.9,Watch
UNIT 3A,Secondary Superheater,107,2024,2024-06-15,6.1,5.37,3.5,504,144.1,50.31,Watch
UNIT 3A,Secondary Superheater,107,2025,2025-06-15,6.1,4.99,3.5,504,144.1,60.17,Watch
UNIT 3A,Secondary Superheater,108,2021,2021-06-15,6.1,5.98,3.5,513,140.5,7.95,Safe
UNIT 3A,Secondary Superheater,108,2022,2022-06-15,6.1,5.94,3.5,513,140.5,10.16,Safe
UNIT 3A,Secondary Superheater,108,2023,2023-06-15,6.1,5.9,3.5,513,140.5,12.31,Safe
UNIT 3A,Secondary Superheater,108,2024,2024-06-15,6.1,5.83,3.5,513,140.5,14.28,Safe
UNIT 3A,Secondary Superheater,108,2025,2025-06-15,6.1,5.85,3.5,513,140.5,16.14,Safe
UNIT 3A,Secondary Superheater,109,2021,2021-06-15,6.1,6.07,3.5,537,146.5,1.85,Safe
UNIT 3A,Secondary Superheater,109,2022,2022-06-15,6.1,6.03,3.5,537,146.5,4.14,Safe
UNIT 3A,Secondary Superheater,109,2023,2023-06-15,6.1,5.98,3.5,537,146.5,6.79,Safe
UNIT 3A,Secondary Superheater,109,2024,2024-06-15,6.1,5.94,3.5,537,146.5,9.1,Safe
UNIT 3A,Secondary Superheater,109,2025,2025-06-15,6.1,5.91,3.5,537,146.5,11.87,Safe
UNIT 3A,Secondary Superheater,110,2021,2021-06-15,6.1,5.58,3.5,536,145.7,27.19,Safe
UNIT 3A,Secondary Superheater,110,2022,2022-06-15,6.1,5.51,3.5,536,145.7,37.67,Safe
UNIT 3A,Secondary Superheater,110,2023,2023-06-15,6.1,5.17,3.5,536,145.7,48.07,Watch
UNIT 3A,Secondary Superheater,110,2024,2024-06-15,6.1,5.11,3.5,536,145.7,56.63,Watch
UNIT 3A,Secondary Superheater,110,2025,2025-06-15,6.1,4.88,3.5,536,145.7,65.58,Watch
UNIT 3A,Secondary Superheater,111,2021,2021-06-15,6.1,6.1,3.5,503,150.7,0.14,Safe
UNIT 3A,Secondary Superheater,111,2022,2022-06-15,6.1,6.06,3.5,503,150.7,2.13,Safe
UNIT 3A,Secondary Superheater,111,2023,2023-06-15,6.1,6.04,3.5,503,150.7,4.4,Safe
UNIT 3A,Secondary Superheater,111,2024,2024-06-15,6.1,6,3.5,503,150.7,6.52,Safe
UNIT 3A,Secondary Superheater,111,2025,2025-06-15,6.1,5.95,3.5,503,150.7,8.91,Safe
UNIT 3A,Secondary Superheater,112,2021,2021-06-15,6.1,6.01,3.5,520,143.1,5.38,Safe
UNIT 3A,Secondary Superheater,112,2022,2022-06-15,6.1,5.98,3.5,520,143.1,6.82,Safe
UNIT 3A,Secondary Superheater,112,2023,2023-06-15,6.1,5.97,3.5,520,143.1,8.42,Safe
UNIT 3A,Secondary Superheater,112,2024,2024-06-15,6.1,5.94,3.5,520,143.1,9.66,Safe
UNIT 3A,Secondary Superheater,112,2025,2025-06-15,6.1,5.93,3.5,520,143.1,11.09,Safe
UNIT 3A,Secondary Superheater,113,2021,2021-06-15,6.1,6.04,3.5,505,145.5,3.6,Safe
UNIT 3A,Secondary Superheater,113,2022,2022-06-15,6.1,6,3.5,505,145.5,5.71,Safe
UNIT 3A,Secondary Superheater,113,2023,2023-06-15,6.1,5.99,3.5,505,145.5,7.4,Safe
UNIT 3A,Secondary Superheater,113,2024,2024-06-15,6.1,5.93,3.5,505,145.5,9.09,Safe
UNIT 3A,Secondary Superheater,113,2025,2025-06-15,6.1,5.89,3.5,505,145.5,11.15,Safe
UNIT 3A,Secondary Superheater,114,2021,2021-06-15,6.1,5.62,3.5,501,141.1,28.45,Safe
UNIT 3A,Secondary Superheater,114,2022,2022-06-15,6.1,5.38,3.5,501,141.1,38.21,Safe
UNIT 3A,Secondary Superheater,114,2023,2023-06-15,6.1,5.22,3.5,501,141.1,46.44,Watch
UNIT 3A,Secondary Superheater,114,2024,2024-06-15,6.1,5.01,3.5,501,141.1,56.92,Watch
UNIT 3A,Secondary Superheater,114,2025,2025-06-15,6.1,5.1,3.5,501,141.1,64.85,Watch
UNIT 3A,Secondary Superheater,115,2021,2021-06-15,6.1,5.54,3.5,522,144.2,29.16,Safe
UNIT 3A,Secondary Superheater,115,2022,2022-06-15,6.1,5.42,3.5,522,144.2,35.78,Safe
UNIT 3A,Secondary Superheater,115,2023,2023-06-15,6.1,5.42,3.5,522,144.2,42.34,Watch
UNIT 3A,Secondary Superheater,115,2024,2024-06-15,6.1,5.32,3.5,522,144.2,48.29,Watch
UNIT 3A,Secondary Superheater,115,2025,2025-06-15,6.1,5.08,3.5,522,144.2,54.7,Watch
UNIT 3A,Secondary Superheater,116,2021,2021-06-15,6.1,5.66,3.5,501,144.8,27.72,Safe
UNIT 3A,Secondary Superheater,116,2022,2022-06-15,6.1,5.57,3.5,501,144.8,34.12,Safe
UNIT 3A,Secondary Superheater,116,2023,2023-06-15,6.1,5.51,3.5,501,144.8,41.06,Watch
UNIT 3A,Secondary Superheater,116,2024,2024-06-15,6.1,5.33,3.5,501,144.8,48.45,Watch
UNIT 3A,Secondary Superheater,116,2025,2025-06-15,6.1,5.16,3.5,501,144.8,55.19,Watch
UNIT 3A,Secondary Superheater,117,2021,2021-06-15,6.1,5.39,3.5,500,144.7,42.91,Watch
UNIT 3A,Secondary Superheater,117,2022,2022-06-15,6.1,5.13,3.5,500,144.7,56.9,Watch
UNIT 3A,Secondary Superheater,117,2023,2023-06-15,6.1,4.9,3.5,500,144.7,72.51,Watch
UNIT 3A,Secondary Superheater,117,2024,2024-06-15,6.1,4.75,3.5,500,144.7,86.08,Critical
UNIT 3A,Secondary Superheater,117,2025,2025-06-15,6.1,4.52,3.5,500,144.7,99.06,Critical
UNIT 3A,Secondary Superheater,118,2021,2021-06-15,6.1,6.09,3.5,535,142.1,0.44,Safe
UNIT 3A,Secondary Superheater,118,2022,2022-06-15,6.1,6.08,3.5,535,142.1,1.7,Safe
UNIT 3A,Secondary Superheater,118,2023,2023-06-15,6.1,6.04,3.5,535,142.1,3.07,Safe
UNIT 3A,Secondary Superheater,118,2024,2024-06-15,6.1,6.02,3.5,535,142.1,4.26,Safe
UNIT 3A,Secondary Superheater,118,2025,2025-06-15,6.1,5.99,3.5,535,142.1,5.49,Safe
UNIT 3A,Secondary Superheater,119,2021,2021-06-15,6.1,6.06,3.5,509,143.2,2.83,Safe
UNIT 3A,Secondary Superheater,119,2022,2022-06-15,6.1,6.04,3.5,509,143.2,3.87,Safe
UNIT 3A,Secondary Superheater,119,2023,2023-06-15,6.1,6.02,3.5,509,143.2,5.01,Safe
UNIT 3A,Secondary Superheater,119,2024,2024-06-15,6.1,5.98,3.5,509,143.2,6.22,Safe
UNIT 3A,Secondary Superheater,119,2025,2025-06-15,6.1,5.96,3.5,509,143.2,7.24,Safe
UNIT 3A,Secondary Superheater,120,2021,2021-06-15,6.1,5.98,3.5,538,139.3,7.23,Safe
UNIT 3A,Secondary Superheater,120,2022,2022-06-15,6.1,5.92,3.5,538,139.3,9.99,Safe
UNIT 3A,Secondary Superheater,120,2023,2023-06-15,6.1,5.89,3.5,538,139.3,12.16,Safe
UNIT 3A,Secondary Superheater,120,2024,2024-06-15,6.1,5.87,3.5,538,139.3,14.85,Safe
UNIT 3A,Secondary Superheater,120,2025,2025-06-15,6.1,5.77,3.5,538,139.3,17.41,Safe
UNIT 3A,Secondary Superheater,121,2021,2021-06-15,6.1,5.65,3.5,534,147.5,27.06,Safe
UNIT 3A,Secondary Superheater,121,2022,2022-06-15,6.1,5.42,3.5,534,147.5,36.74,Safe
UNIT 3A,Secondary Superheater,121,2023,2023-06-15,6.1,5.31,3.5,534,147.5,46.23,Watch
UNIT 3A,Secondary Superheater,121,2024,2024-06-15,6.1,5.12,3.5,534,147.5,54.14,Watch
UNIT 3A,Secondary Superheater,121,2025,2025-06-15,6.1,5.05,3.5,534,147.5,61.71,Watch
UNIT 3A,Secondary Superheater,122,2021,2021-06-15,6.1,5.39,3.5,516,143.9,42.97,Watch
UNIT 3A,Secondary Superheater,122,2022,2022-06-15,6.1,5.24,3.5,516,143.9,54.24,Watch
UNIT 3A,Secondary Superheater,122,2023,2023-06-15,6.1,4.85,3.5,516,143.9,66.72,Watch
UNIT 3A,Secondary Superheater,122,2024,2024-06-15,6.1,4.54,3.5,516,143.9,80.94,Critical
UNIT 3A,Secondary Superheater,122,2025,2025-06-15,6.1,4.64,3.5,516,143.9,92.11,Critical
UNIT 3A,Secondary Superheater,123,2021,2021-06-15,6.1,5.98,3.5,506,145.8,6.29,Safe
UNIT 3A,Secondary Superheater,123,2022,2022-06-15,6.1,5.94,3.5,506,145.8,8.45,Safe
UNIT 3A,Secondary Superheater,123,2023,2023-06-15,6.1,5.94,3.5,506,145.8,10.95,Safe
UNIT 3A,Secondary Superheater,123,2024,2024-06-15,6.1,5.85,3.5,506,145.8,13.59,Safe
UNIT 3A,Secondary Superheater,123,2025,2025-06-15,6.1,5.86,3.5,506,145.8,16.14,Safe
UNIT 3A,Secondary Superheater,124,2021,2021-06-15,6.1,5.55,3.5,520,139.6,33.72,Safe
UNIT 3A,Secondary Superheater,124,2022,2022-06-15,6.1,5.28,3.5,520,139.6,45.45,Watch
UNIT 3A,Secondary Superheater,124,2023,2023-06-15,6.1,5.23,3.5,520,139.6,59.4,Watch
UNIT 3A,Secondary Superheater,124,2024,2024-06-15,6.1,5.03,3.5,520,139.6,73.36,Watch
UNIT 3A,Secondary Superheater,124,2025,2025-06-15,6.1,4.66,3.5,520,139.6,85.37,Critical
UNIT 3A,Secondary Superheater,125,2021,2021-06-15,6.1,5.66,3.5,536,142.9,24.65,Safe
UNIT 3A,Secondary Superheater,125,2022,2022-06-15,6.1,5.59,3.5,536,142.9,33.85,Safe
UNIT 3A,Secondary Superheater,125,2023,2023-06-15,6.1,5.3,3.5,536,142.9,43.34,Watch
UNIT 3A,Secondary Superheater,125,2024,2024-06-15,6.1,5.21,3.5,536,142.9,51.16,Watch
UNIT 3A,Secondary Superheater,125,2025,2025-06-15,6.1,5.19,3.5,536,142.9,60.93,Watch
UNIT 3A,Secondary Superheater,126,2021,2021-06-15,6.1,5.57,3.5,524,151.9,30.79,Safe
UNIT 3A,Secondary Superheater,126,2022,2022-06-15,6.1,5.46,3.5,524,151.9,40.82,Watch
UNIT 3A,Secondary Superheater,126,2023,2023-06-15,6.1,5.17,3.5,524,151.9,49.68,Watch
UNIT 3A,Secondary Superheater,126,2024,2024-06-15,6.1,5.01,3.5,524,151.9,58.84,Watch
UNIT 3A,Secondary Superheater,126,2025,2025-06-15,6.1,5.07,3.5,524,151.9,67.02,Watch
UNIT 3A,Secondary Superheater,127,2021,2021-06-15,6.1,5.49,3.5,532,151.8,33.29,Safe
UNIT 3A,Secondary Superheater,127,2022,2022-06-15,6.1,5.4,3.5,532,151.8,46.97,Watch
UNIT 3A,Secondary Superheater,127,2023,2023-06-15,6.1,5.04,3.5,532,151.8,59.14,Watch
UNIT 3A,Secondary Superheater,127,2024,2024-06-15,6.1,4.94,3.5,532,151.8,70.01,Watch
UNIT 3A,Secondary Superheater,127,2025,2025-06-15,6.1,4.86,3.5,532,151.8,84.33,Critical
UNIT 3A,Secondary Superheater,128,2021,2021-06-15,6.1,5.71,3.5,514,151,22.35,Safe
UNIT 3A,Secondary Superheater,128,2022,2022-06-15,6.1,5.61,3.5,514,151,30.15,Safe
UNIT 3A,Secondary Superheater,128,2023,2023-06-15,6.1,5.44,3.5,514,151,38.22,Safe
UNIT 3A,Secondary Superheater,128,2024,2024-06-15,6.1,5.27,3.5,514,151,45.69,Watch
UNIT 3A,Secondary Superheater,128,2025,2025-06-15,6.1,5.14,3.5,514,151,53.54,Watch
UNIT 3A,Secondary Superheater,129,2021,2021-06-15,6.1,5.56,3.5,522,143.4,36.17,Safe
UNIT 3A,Secondary Superheater,129,2022,2022-06-15,6.1,5.23,3.5,522,143.4,50.41,Watch
UNIT 3A,Secondary Superheater,129,2023,2023-06-15,6.1,4.89,3.5,522,143.4,64.99,Watch
UNIT 3A,Secondary Superheater,129,2024,2024-06-15,6.1,4.85,3.5,522,143.4,80.88,Critical
UNIT 3A,Secondary Superheater,129,2025,2025-06-15,6.1,4.33,3.5,522,143.4,96.12,Critical
UNIT 3A,Secondary Superheater,130,2021,2021-06-15,6.1,5.72,3.5,540,147.5,20.43,Safe
UNIT 3A,Secondary Superheater,130,2022,2022-06-15,6.1,5.66,3.5,540,147.5,30.4,Safe
UNIT 3A,Secondary Superheater,130,2023,2023-06-15,6.1,5.44,3.5,540,147.5,41.17,Watch
UNIT 3A,Secondary Superheater,130,2024,2024-06-15,6.1,5.34,3.5,540,147.5,50.3,Watch
UNIT 3A,Secondary Superheater,130,2025,2025-06-15,6.1,5.16,3.5,540,147.5,61.32,Watch
UNIT 3A,Secondary Superheater,131,2021,2021-06-15,6.1,6.03,3.5,532,140.3,4.38,Safe
UNIT 3A,Secondary Superheater,131,2022,2022-06-15,6.1,6,3.5,532,140.3,6.58,Safe
UNIT 3A,Secondary Superheater,131,2023,2023-06-15,6.1,5.95,3.5,532,140.3,8.76,Safe
UNIT 3A,Secondary Superheater,131,2024,2024-06-15,6.1,5.93,3.5,532,140.3,11.01,Safe
UNIT 3A,Secondary Superheater,131,2025,2025-06-15,6.1,5.89,3.5,532,140.3,13.75,Safe
UNIT 3A,Secondary Superheater,132,2021,2021-06-15,6.1,5.72,3.5,521,138,20.28,Safe
UNIT 3A,Secondary Superheater,132,2022,2022-06-15,6.1,5.67,3.5,521,138,29.03,Safe
UNIT 3A,Secondary Superheater,132,2023,2023-06-15,6.1,5.47,3.5,521,138,37.43,Safe
UNIT 3A,Secondary Superheater,132,2024,2024-06-15,6.1,5.32,3.5,521,138,45.29,Watch
UNIT 3A,Secondary Superheater,132,2025,2025-06-15,6.1,5.16,3.5,521,138,54.18,Watch
UNIT 3A,Secondary Superheater,133,2021,2021-06-15,6.1,5.65,3.5,528,147.2,25.7,Safe
UNIT 3A,Secondary Superheater,133,2022,2022-06-15,6.1,5.43,3.5,528,147.2,34.28,Safe
UNIT 3A,Secondary Superheater,133,2023,2023-06-15,6.1,5.38,3.5,528,147.2,45.67,Watch
UNIT 3A,Secondary Superheater,133,2024,2024-06-15,6.1,5.08,3.5,528,147.2,55.9,Watch
UNIT 3A,Secondary Superheater,133,2025,2025-06-15,6.1,4.93,3.5,528,147.2,67.22,Watch
UNIT 3A,Secondary Superheater,134,2021,2021-06-15,6.1,5.52,3.5,518,147.4,33.49,Safe
UNIT 3A,Secondary Superheater,134,2022,2022-06-15,6.1,5.37,3.5,518,147.4,47.83,Watch
UNIT 3A,Secondary Superheater,134,2023,2023-06-15,6.1,5.02,3.5,518,147.4,61.57,Watch
UNIT 3A,Secondary Superheater,134,2024,2024-06-15,6.1,4.96,3.5,518,147.4,74.51,Watch
UNIT 3A,Secondary Superheater,134,2025,2025-06-15,6.1,4.47,3.5,518,147.4,87.13,Critical
UNIT 3A,Secondary Superheater,135,2021,2021-06-15,6.1,6,3.5,523,139.3,6.67,Safe
UNIT 3A,Secondary Superheater,135,2022,2022-06-15,6.1,5.94,3.5,523,139.3,8.32,Safe
UNIT 3A,Secondary Superheater,135,2023,2023-06-15,6.1,5.91,3.5,523,139.3,10.35,Safe
UNIT 3A,Secondary Superheater,135,2024,2024-06-15,6.1,5.87,3.5,523,139.3,12.41,Safe
UNIT 3A,Secondary Superheater,135,2025,2025-06-15,6.1,5.84,3.5,523,139.3,14.62,Safe
UNIT 3A,Secondary Superheater,136,2021,2021-06-15,6.1,5.64,3.5,520,145.9,29.25,Safe
UNIT 3A,Secondary Superheater,136,2022,2022-06-15,6.1,5.46,3.5,520,145.9,38.69,Safe
UNIT 3A,Secondary Superheater,136,2023,2023-06-15,6.1,5.22,3.5,520,145.9,46.98,Watch
UNIT 3A,Secondary Superheater,136,2024,2024-06-15,6.1,5.22,3.5,520,145.9,56.05,Watch
UNIT 3A,Secondary Superheater,136,2025,2025-06-15,6.1,4.99,3.5,520,145.9,64.45,Watch
UNIT 3A,Secondary Superheater,137,2021,2021-06-15,6.1,5.61,3.5,519,145.5,28.27,Safe
UNIT 3A,Secondary Superheater,137,2022,2022-06-15,6.1,5.51,3.5,519,145.5,36.76,Safe
UNIT 3A,Secondary Superheater,137,2023,2023-06-15,6.1,5.35,3.5,519,145.5,45.21,Watch
UNIT 3A,Secondary Superheater,137,2024,2024-06-15,6.1,5.18,3.5,519,145.5,54.99,Watch
UNIT 3A,Secondary Superheater,137,2025,2025-06-15,6.1,5.04,3.5,519,145.5,65.26,Watch
UNIT 3A,Secondary Superheater,138,2021,2021-06-15,6.1,5.98,3.5,500,145.2,7.11,Safe
UNIT 3A,Secondary Superheater,138,2022,2022-06-15,6.1,5.91,3.5,500,145.2,9.91,Safe
UNIT 3A,Secondary Superheater,138,2023,2023-06-15,6.1,5.91,3.5,500,145.2,12.76,Safe
UNIT 3A,Secondary Superheater,138,2024,2024-06-15,6.1,5.85,3.5,500,145.2,14.87,Safe
UNIT 3A,Secondary Superheater,138,2025,2025-06-15,6.1,5.84,3.5,500,145.2,17.52,Safe
UNIT 3A,Secondary Superheater,139,2021,2021-06-15,6.1,6.01,3.5,513,149.8,5.85,Safe
UNIT 3A,Secondary Superheater,139,2022,2022-06-15,6.1,5.98,3.5,513,149.8,7.15,Safe
UNIT 3A,Secondary Superheater,139,2023,2023-06-15,6.1,5.96,3.5,513,149.8,8.34,Safe
UNIT 3A,Secondary Superheater,139,2024,2024-06-15,6.1,5.93,3.5,513,149.8,9.74,Safe
UNIT 3A,Secondary Superheater,139,2025,2025-06-15,6.1,5.9,3.5,513,149.8,10.84,Safe
UNIT 3A,Secondary Superheater,140,2021,2021-06-15,6.1,5.53,3.5,509,144.8,39.5,Safe
UNIT 3A,Secondary Superheater,140,2022,2022-06-15,6.1,5.36,3.5,509,144.8,51.05,Watch
UNIT 3A,Secondary Superheater,140,2023,2023-06-15,6.1,4.99,3.5,509,144.8,63.14,Watch
UNIT 3A,Secondary Superheater,140,2024,2024-06-15,6.1,4.99,3.5,509,144.8,76.11,Watch
UNIT 3A,Secondary Superheater,140,2025,2025-06-15,6.1,4.55,3.5,509,144.8,87.1,Critical
UNIT 3A,Secondary Superheater,141,2021,2021-06-15,6.1,6.08,3.5,500,146.9,0.96,Safe
UNIT 3A,Secondary Superheater,141,2022,2022-06-15,6.1,6.07,3.5,500,146.9,2.06,Safe
UNIT 3A,Secondary Superheater,141,2023,2023-06-15,6.1,6.05,3.5,500,146.9,3.38,Safe
UNIT 3A,Secondary Superheater,141,2024,2024-06-15,6.1,6.03,3.5,500,146.9,4.7,Safe
UNIT 3A,Secondary Superheater,141,2025,2025-06-15,6.1,6.01,3.5,500,146.9,5.88,Safe
UNIT 3A,Secondary Superheater,142,2021,2021-06-15,6.1,5.63,3.5,514,139.9,30.04,Safe
UNIT 3A,Secondary Superheater,142,2022,2022-06-15,6.1,5.44,3.5,514,139.9,36.55,Safe
UNIT 3A,Secondary Superheater,142,2023,2023-06-15,6.1,5.29,3.5,514,139.9,43.37,Watch
UNIT 3A,Secondary Superheater,142,2024,2024-06-15,6.1,5.23,3.5,514,139.9,50.9,Watch
UNIT 3A,Secondary Superheater,142,2025,2025-06-15,6.1,5.04,3.5,514,139.9,57.38,Watch
UNIT 3A,Secondary Superheater,143,2021,2021-06-15,6.1,6.01,3.5,509,151.2,5.58,Safe
UNIT 3A,Secondary Superheater,143,2022,2022-06-15,6.1,5.98,3.5,509,151.2,6.58,Safe
UNIT 3A,Secondary Superheater,143,2023,2023-06-15,6.1,5.96,3.5,509,151.2,7.59,Safe
UNIT 3A,Secondary Superheater,143,2024,2024-06-15,6.1,5.96,3.5,509,151.2,8.6,Safe
UNIT 3A,Secondary Superheater,143,2025,2025-06-15,6.1,5.95,3.5,509,151.2,9.42,Safe
UNIT 3A,Secondary Superheater,144,2021,2021-06-15,6.1,5.53,3.5,528,150.5,31.85,Safe
UNIT 3A,Secondary Superheater,144,2022,2022-06-15,6.1,5.48,3.5,528,150.5,41.7,Watch
UNIT 3A,Secondary Superheater,144,2023,2023-06-15,6.1,5.23,3.5,528,150.5,50.75,Watch
UNIT 3A,Secondary Superheater,144,2024,2024-06-15,6.1,5.14,3.5,528,150.5,60.57,Watch
UNIT 3A,Secondary Superheater,144,2025,2025-06-15,6.1,4.87,3.5,528,150.5,68.55,Watch
UNIT 3A,Secondary Superheater,145,2021,2021-06-15,6.1,5.98,3.5,523,149,6.77,Safe
UNIT 3A,Secondary Superheater,145,2022,2022-06-15,6.1,5.96,3.5,523,149,8.5,Safe
UNIT 3A,Secondary Superheater,145,2023,2023-06-15,6.1,5.94,3.5,523,149,10.58,Safe
UNIT 3A,Secondary Superheater,145,2024,2024-06-15,6.1,5.91,3.5,523,149,12.55,Safe
UNIT 3A,Secondary Superheater,145,2025,2025-06-15,6.1,5.88,3.5,523,149,14.55,Safe
UNIT 3A,Secondary Superheater,146,2021,2021-06-15,6.1,6.03,3.5,520,150.3,3.93,Safe
UNIT 3A,Secondary Superheater,146,2022,2022-06-15,6.1,6,3.5,520,150.3,5.36,Safe
UNIT 3A,Secondary Superheater,146,2023,2023-06-15,6.1,5.99,3.5,520,150.3,6.66,Safe
UNIT 3A,Secondary Superheater,146,2024,2024-06-15,6.1,5.96,3.5,520,150.3,8.08,Safe
UNIT 3A,Secondary Superheater,146,2025,2025-06-15,6.1,5.93,3.5,520,150.3,9.29,Safe
UNIT 3A,Secondary Superheater,147,2021,2021-06-15,6.1,6.01,3.5,507,143.2,4.87,Safe
UNIT 3A,Secondary Superheater,147,2022,2022-06-15,6.1,6.01,3.5,507,143.2,5.98,Safe
UNIT 3A,Secondary Superheater,147,2023,2023-06-15,6.1,5.98,3.5,507,143.2,7.12,Safe
UNIT 3A,Secondary Superheater,147,2024,2024-06-15,6.1,5.98,3.5,507,143.2,8.32,Safe
UNIT 3A,Secondary Superheater,147,2025,2025-06-15,6.1,5.95,3.5,507,143.2,9.53,Safe
UNIT 3A,Secondary Superheater,148,2021,2021-06-15,6.1,5.97,3.5,530,145,7.83,Safe
UNIT 3A,Secondary Superheater,148,2022,2022-06-15,6.1,5.92,3.5,530,145,9.32,Safe
UNIT 3A,Secondary Superheater,148,2023,2023-06-15,6.1,5.89,3.5,530,145,10.73,Safe
UNIT 3A,Secondary Superheater,148,2024,2024-06-15,6.1,5.91,3.5,530,145,11.99,Safe
UNIT 3A,Secondary Superheater,148,2025,2025-06-15,6.1,5.89,3.5,530,145,13.14,Safe
UNIT 3A,Secondary Superheater,149,2021,2021-06-15,6.1,5.79,3.5,518,148.5,20.58,Safe
UNIT 3A,Secondary Superheater,149,2022,2022-06-15,6.1,5.55,3.5,518,148.5,29.97,Safe
UNIT 3A,Secondary Superheater,149,2023,2023-06-15,6.1,5.36,3.5,518,148.5,38.97,Safe
UNIT 3A,Secondary Superheater,149,2024,2024-06-15,6.1,5.39,3.5,518,148.5,48.99,Watch
UNIT 3A,Secondary Superheater,149,2025,2025-06-15,6.1,5.19,3.5,518,148.5,58.28,Watch
UNIT 3A,Secondary Superheater,150,2021,2021-06-15,6.1,5.98,3.5,514,147.9,6.72,Safe
UNIT 3A,Secondary Superheater,150,2022,2022-06-15,6.1,5.96,3.5,514,147.9,9.16,Safe
UNIT 3A,Secondary Superheater,150,2023,2023-06-15,6.1,5.91,3.5,514,147.9,11.19,Safe
UNIT 3A,Secondary Superheater,150,2024,2024-06-15,6.1,5.9,3.5,514,147.9,13.71,Safe
UNIT 3A,Secondary Superheater,150,2025,2025-06-15,6.1,5.85,3.5,514,147.9,16.02,Safe
UNIT 3A,Secondary Superheater,151,2021,2021-06-15,6.1,5.72,3.5,520,145.2,20.05,Safe
UNIT 3A,Secondary Superheater,151,2022,2022-06-15,6.1,5.65,3.5,520,145.2,26.76,Safe
UNIT 3A,Secondary Superheater,151,2023,2023-06-15,6.1,5.5,3.5,520,145.2,34.21,Safe
UNIT 3A,Secondary Superheater,151,2024,2024-06-15,6.1,5.49,3.5,520,145.2,41.14,Watch
UNIT 3A,Secondary Superheater,151,2025,2025-06-15,6.1,5.15,3.5,520,145.2,49.37,Watch
UNIT 3A,Secondary Superheater,152,2021,2021-06-15,6.1,6.09,3.5,513,139.1,0.38,Safe
UNIT 3A,Secondary Superheater,152,2022,2022-06-15,6.1,6.08,3.5,513,139.1,1.17,Safe
UNIT 3A,Secondary Superheater,152,2023,2023-06-15,6.1,6.07,3.5,513,139.1,1.91,Safe
UNIT 3A,Secondary Superheater,152,2024,2024-06-15,6.1,6.05,3.5,513,139.1,2.75,Safe
UNIT 3A,Secondary Superheater,152,2025,2025-06-15,6.1,6.04,3.5,513,139.1,3.63,Safe
UNIT 3A,Secondary Superheater,153,2021,2021-06-15,6.1,6.07,3.5,531,147.6,1.9,Safe
UNIT 3A,Secondary Superheater,153,2022,2022-06-15,6.1,6.05,3.5,531,147.6,3.24,Safe
UNIT 3A,Secondary Superheater,153,2023,2023-06-15,6.1,6.02,3.5,531,147.6,4.48,Safe
UNIT 3A,Secondary Superheater,153,2024,2024-06-15,6.1,6.01,3.5,531,147.6,5.96,Safe
UNIT 3A,Secondary Superheater,153,2025,2025-06-15,6.1,5.99,3.5,531,147.6,7.25,Safe
UNIT 3A,Secondary Superheater,154,2021,2021-06-15,6.1,5.97,3.5,535,148.1,7.06,Safe
UNIT 3A,Secondary Superheater,154,2022,2022-06-15,6.1,5.93,3.5,535,148.1,8.92,Safe
UNIT 3A,Secondary Superheater,154,2023,2023-06-15,6.1,5.93,3.5,535,148.1,10.84,Safe
UNIT 3A,Secondary Superheater,154,2024,2024-06-15,6.1,5.91,3.5,535,148.1,12.37,Safe
UNIT 3A,Secondary Superheater,154,2025,2025-06-15,6.1,5.85,3.5,535,148.1,14.12,Safe
UNIT 3A,Secondary Superheater,155,2021,2021-06-15,6.1,5.43,3.5,520,144.1,44.53,Watch
UNIT 3A,Secondary Superheater,155,2022,2022-06-15,6.1,5.2,3.5,520,144.1,59.3,Watch
UNIT 3A,Secondary Superheater,155,2023,2023-06-15,6.1,4.91,3.5,520,144.1,74.51,Watch
UNIT 3A,Secondary Superheater,155,2024,2024-06-15,6.1,4.64,3.5,520,144.1,88.14,Critical
UNIT 3A,Secondary Superheater,155,2025,2025-06-15,6.1,4.49,3.5,520,144.1,99.5,Critical
UNIT 3A,Secondary Superheater,156,2021,2021-06-15,6.1,5.71,3.5,525,141,20.01,Safe
UNIT 3A,Secondary Superheater,156,2022,2022-06-15,6.1,5.56,3.5,525,141,30.85,Safe
UNIT 3A,Secondary Superheater,156,2023,2023-06-15,6.1,5.42,3.5,525,141,41.69,Watch
UNIT 3A,Secondary Superheater,156,2024,2024-06-15,6.1,5.3,3.5,525,141,52.71,Watch
UNIT 3A,Secondary Superheater,156,2025,2025-06-15,6.1,4.88,3.5,525,141,63.76,Watch
UNIT 3A,Secondary Superheater,157,2021,2021-06-15,6.1,6.03,3.5,509,150.1,4.17,Safe
UNIT 3A,Secondary Superheater,157,2022,2022-06-15,6.1,5.98,3.5,509,150.1,6.36,Safe
UNIT 3A,Secondary Superheater,157,2023,2023-06-15,6.1,5.95,3.5,509,150.1,8.29,Safe
UNIT 3A,Secondary Superheater,157,2024,2024-06-15,6.1,5.93,3.5,509,150.1,10.73,Safe
UNIT 3A,Secondary Superheater,157,2025,2025-06-15,6.1,5.87,3.5,509,150.1,12.66,Safe
UNIT 3A,Secondary Superheater,158,2021,2021-06-15,6.1,5.63,3.5,516,141.2,32.15,Safe
UNIT 3A,Secondary Superheater,158,2022,2022-06-15,6.1,5.24,3.5,516,141.2,49.47,Watch
UNIT 3A,Secondary Superheater,158,2023,2023-06-15,6.1,4.8,3.5,516,141.2,67.12,Watch
UNIT 3A,Secondary Superheater,158,2024,2024-06-15,6.1,4.8,3.5,516,141.2,83.61,Critical
UNIT 3A,Secondary Superheater,158,2025,2025-06-15,6.1,4.26,3.5,516,141.2,97.64,Critical
UNIT 3A,Secondary Superheater,159,2021,2021-06-15,6.1,6.01,3.5,511,151.3,5.02,Safe
UNIT 3A,Secondary Superheater,159,2022,2022-06-15,6.1,5.97,3.5,511,151.3,7.9,Safe
UNIT 3A,Secondary Superheater,159,2023,2023-06-15,6.1,5.93,3.5,511,151.3,10.62,Safe
UNIT 3A,Secondary Superheater,159,2024,2024-06-15,6.1,5.86,3.5,511,151.3,13.72,Safe
UNIT 3A,Secondary Superheater,159,2025,2025-06-15,6.1,5.86,3.5,511,151.3,16.68,Safe
UNIT 3A,Secondary Superheater,160,2021,2021-06-15,6.1,5.74,3.5,524,150.5,20.48,Safe
UNIT 3A,Secondary Superheater,160,2022,2022-06-15,6.1,5.63,3.5,524,150.5,29.81,Safe
UNIT 3A,Secondary Superheater,160,2023,2023-06-15,6.1,5.49,3.5,524,150.5,38.72,Safe
UNIT 3A,Secondary Superheater,160,2024,2024-06-15,6.1,5.31,3.5,524,150.5,47.12,Watch
UNIT 3A,Secondary Superheater,160,2025,2025-06-15,6.1,5.17,3.5,524,150.5,56.44,Watch
UNIT 3A,Secondary Superheater,161,2021,2021-06-15,6.1,5.52,3.5,512,147.2,30.22,Safe
UNIT 3A,Secondary Superheater,161,2022,2022-06-15,6.1,5.46,3.5,512,147.2,37.63,Safe
UNIT 3A,Secondary Superheater,161,2023,2023-06-15,6.1,5.27,3.5,512,147.2,44.58,Watch
UNIT 3A,Secondary Superheater,161,2024,2024-06-15,6.1,5.31,3.5,512,147.2,52.1,Watch
UNIT 3A,Secondary Superheater,161,2025,2025-06-15,6.1,4.99,3.5,512,147.2,59.22,Watch
UNIT 3A,Secondary Superheater,162,2021,2021-06-15,6.1,5.63,3.5,517,141.6,26.22,Safe
UNIT 3A,Secondary Superheater,162,2022,2022-06-15,6.1,5.55,3.5,517,141.6,34.4,Safe
UNIT 3A,Secondary Superheater,162,2023,2023-06-15,6.1,5.31,3.5,517,141.6,42.24,Watch
UNIT 3A,Secondary Superheater,162,2024,2024-06-15,6.1,5.15,3.5,517,141.6,51.39,Watch
UNIT 3A,Secondary Superheater,162,2025,2025-06-15,6.1,4.93,3.5,517,141.6,60.66,Watch
UNIT 3A,Secondary Superheater,163,2021,2021-06-15,6.1,5.66,3.5,524,151.7,27.6,Safe
UNIT 3A,Secondary Superheater,163,2022,2022-06-15,6.1,5.43,3.5,524,151.7,38.49,Safe
UNIT 3A,Secondary Superheater,163,2023,2023-06-15,6.1,5.22,3.5,524,151.7,46.84,Watch
UNIT 3A,Secondary Superheater,163,2024,2024-06-15,6.1,5.09,3.5,524,151.7,57.3,Watch
UNIT 3A,Secondary Superheater,163,2025,2025-06-15,6.1,5.06,3.5,524,151.7,67.34,Watch
UNIT 3A,Secondary Superheater,164,2021,2021-06-15,6.1,5.51,3.5,515,142.7,34.47,Safe
UNIT 3A,Secondary Superheater,164,2022,2022-06-15,6.1,5.37,3.5,515,142.7,42.65,Watch
UNIT 3A,Secondary Superheater,164,2023,2023-06-15,6.1,5.3,3.5,515,142.7,51.2,Watch
UNIT 3A,Secondary Superheater,164,2024,2024-06-15,6.1,4.9,3.5,515,142.7,61.64,Watch
UNIT 3A,Secondary Superheater,164,2025,2025-06-15,6.1,5.05,3.5,515,142.7,71.71,Watch
UNIT 3A,Secondary Superheater,165,2021,2021-06-15,6.1,5.55,3.5,517,151,30.72,Safe
UNIT 3A,Secondary Superheater,165,2022,2022-06-15,6.1,5.52,3.5,517,151,38.98,Safe
UNIT 3A,Secondary Superheater,165,2023,2023-06-15,6.1,5.29,3.5,517,151,48.58,Watch
UNIT 3A,Secondary Superheater,165,2024,2024-06-15,6.1,5.27,3.5,517,151,56.24,Watch
UNIT 3A,Secondary Superheater,165,2025,2025-06-15,6.1,5.07,3.5,517,151,66.24,Watch
UNIT 3A,Secondary Superheater,166,2021,2021-06-15,6.1,6.05,3.5,515,148.9,3.07,Safe
UNIT 3A,Secondary Superheater,166,2022,2022-06-15,6.1,6.03,3.5,515,148.9,4.34,Safe
UNIT 3A,Secondary Superheater,166,2023,2023-06-15,6.1,5.99,3.5,515,148.9,5.96,Safe
UNIT 3A,Secondary Superheater,166,2024,2024-06-15,6.1,5.98,3.5,515,148.9,7.43,Safe
UNIT 3A,Secondary Superheater,166,2025,2025-06-15,6.1,5.94,3.5,515,148.9,8.88,Safe
UNIT 3A,Secondary Superheater,167,2021,2021-06-15,6.1,5.28,3.5,523,150.2,45.76,Watch
UNIT 3A,Secondary Superheater,167,2022,2022-06-15,6.1,5.16,3.5,523,150.2,62.52,Watch
UNIT 3A,Secondary Superheater,167,2023,2023-06-15,6.1,4.76,3.5,523,150.2,80.42,Critical
UNIT 3A,Secondary Superheater,167,2024,2024-06-15,6.1,4.55,3.5,523,150.2,97.84,Critical
UNIT 3A,Secondary Superheater,167,2025,2025-06-15,6.1,4.18,3.5,523,150.2,99.5,Critical
UNIT 3A,Secondary Superheater,168,2021,2021-06-15,6.1,5.67,3.5,513,150.3,22.73,Safe
UNIT 3A,Secondary Superheater,168,2022,2022-06-15,6.1,5.56,3.5,513,150.3,31.31,Safe
UNIT 3A,Secondary Superheater,168,2023,2023-06-15,6.1,5.29,3.5,513,150.3,42.57,Watch
UNIT 3A,Secondary Superheater,168,2024,2024-06-15,6.1,5.16,3.5,513,150.3,52.49,Watch
UNIT 3A,Secondary Superheater,168,2025,2025-06-15,6.1,5.14,3.5,513,150.3,62.64,Watch
UNIT 3A,Secondary Superheater,169,2021,2021-06-15,6.1,5.71,3.5,514,141.3,25.04,Safe
UNIT 3A,Secondary Superheater,169,2022,2022-06-15,6.1,5.62,3.5,514,141.3,31.73,Safe
UNIT 3A,Secondary Superheater,169,2023,2023-06-15,6.1,5.43,3.5,514,141.3,40.71,Watch
UNIT 3A,Secondary Superheater,169,2024,2024-06-15,6.1,5.18,3.5,514,141.3,47.84,Watch
UNIT 3A,Secondary Superheater,169,2025,2025-06-15,6.1,5.18,3.5,514,141.3,54.58,Watch
UNIT 3A,Secondary Superheater,170,2021,2021-06-15,6.1,6,3.5,534,146.7,5.66,Safe
UNIT 3A,Secondary Superheater,170,2022,2022-06-15,6.1,5.97,3.5,534,146.7,6.79,Safe
UNIT 3A,Secondary Superheater,170,2023,2023-06-15,6.1,5.95,3.5,534,146.7,8.03,Safe
UNIT 3A,Secondary Superheater,170,2024,2024-06-15,6.1,5.92,3.5,534,146.7,9.41,Safe
UNIT 3A,Secondary Superheater,170,2025,2025-06-15,6.1,5.93,3.5,534,146.7,10.73,Safe
UNIT 3A,Secondary Superheater,171,2021,2021-06-15,6.1,5.54,3.5,516,148.3,32.55,Safe
UNIT 3A,Secondary Superheater,171,2022,2022-06-15,6.1,5.27,3.5,516,148.3,44.28,Watch
UNIT 3A,Secondary Superheater,171,2023,2023-06-15,6.1,5.12,3.5,516,148.3,57.68,Watch
UNIT 3A,Secondary Superheater,171,2024,2024-06-15,6.1,5.05,3.5,516,148.3,70.96,Watch
UNIT 3A,Secondary Superheater,171,2025,2025-06-15,6.1,4.86,3.5,516,148.3,84.92,Critical
UNIT 3A,Secondary Superheater,172,2021,2021-06-15,6.1,5.67,3.5,529,138.2,22.8,Safe
UNIT 3A,Secondary Superheater,172,2022,2022-06-15,6.1,5.65,3.5,529,138.2,30.8,Safe
UNIT 3A,Secondary Superheater,172,2023,2023-06-15,6.1,5.42,3.5,529,138.2,37.16,Safe
UNIT 3A,Secondary Superheater,172,2024,2024-06-15,6.1,5.37,3.5,529,138.2,43.4,Watch
UNIT 3A,Secondary Superheater,172,2025,2025-06-15,6.1,5.23,3.5,529,138.2,49.87,Watch
UNIT 3A,Secondary Superheater,173,2021,2021-06-15,6.1,5.53,3.5,531,148.7,30.39,Safe
UNIT 3A,Secondary Superheater,173,2022,2022-06-15,6.1,5.33,3.5,531,148.7,41.01,Watch
UNIT 3A,Secondary Superheater,173,2023,2023-06-15,6.1,5.19,3.5,531,148.7,50.13,Watch
UNIT 3A,Secondary Superheater,173,2024,2024-06-15,6.1,5.21,3.5,531,148.7,60.85,Watch
UNIT 3A,Secondary Superheater,173,2025,2025-06-15,6.1,5.01,3.5,531,148.7,70.54,Watch
UNIT 3A,Secondary Superheater,174,2021,2021-06-15,6.1,5.75,3.5,540,146.4,23.55,Safe
UNIT 3A,Secondary Superheater,174,2022,2022-06-15,6.1,5.61,3.5,540,146.4,30.56,Safe
UNIT 3A,Secondary Superheater,174,2023,2023-06-15,6.1,5.55,3.5,540,146.4,38.04,Safe
UNIT 3A,Secondary Superheater,174,2024,2024-06-15,6.1,5.36,3.5,540,146.4,46.78,Watch
UNIT 3A,Secondary Superheater,174,2025,2025-06-15,6.1,5.17,3.5,540,146.4,53.9,Watch
UNIT 3A,Secondary Superheater,175,2021,2021-06-15,6.1,6.01,3.5,508,143.9,4.53,Safe
UNIT 3A,Secondary Superheater,175,2022,2022-06-15,6.1,6,3.5,508,143.9,6.07,Safe
UNIT 3A,Secondary Superheater,175,2023,2023-06-15,6.1,5.97,3.5,508,143.9,7.25,Safe
UNIT 3A,Secondary Superheater,175,2024,2024-06-15,6.1,5.93,3.5,508,143.9,8.78,Safe
UNIT 3A,Secondary Superheater,175,2025,2025-06-15,6.1,5.95,3.5,508,143.9,10.01,Safe
UNIT 3A,Secondary Superheater,176,2021,2021-06-15,6.1,5.46,3.5,519,142.7,39.84,Safe
UNIT 3A,Secondary Superheater,176,2022,2022-06-15,6.1,5.09,3.5,519,142.7,53.59,Watch
UNIT 3A,Secondary Superheater,176,2023,2023-06-15,6.1,5.04,3.5,519,142.7,67.93,Watch
UNIT 3A,Secondary Superheater,176,2024,2024-06-15,6.1,4.63,3.5,519,142.7,83.59,Critical
UNIT 3A,Secondary Superheater,176,2025,2025-06-15,6.1,4.26,3.5,519,142.7,99.29,Critical
UNIT 3A,Secondary Superheater,177,2021,2021-06-15,6.1,5.57,3.5,503,151.1,32.81,Safe
UNIT 3A,Secondary Superheater,177,2022,2022-06-15,6.1,5.33,3.5,503,151.1,42.58,Watch
UNIT 3A,Secondary Superheater,177,2023,2023-06-15,6.1,5.21,3.5,503,151.1,52.89,Watch
UNIT 3A,Secondary Superheater,177,2024,2024-06-15,6.1,4.98,3.5,503,151.1,61,Watch
UNIT 3A,Secondary Superheater,177,2025,2025-06-15,6.1,4.83,3.5,503,151.1,70.88,Watch
UNIT 3A,Secondary Superheater,178,2021,2021-06-15,6.1,5.74,3.5,528,144.3,23.17,Safe
UNIT 3A,Secondary Superheater,178,2022,2022-06-15,6.1,5.64,3.5,528,144.3,31.47,Safe
UNIT 3A,Secondary Superheater,178,2023,2023-06-15,6.1,5.32,3.5,528,144.3,41.21,Watch
UNIT 3A,Secondary Superheater,178,2024,2024-06-15,6.1,5.27,3.5,528,144.3,49.95,Watch
UNIT 3A,Secondary Superheater,178,2025,2025-06-15,6.1,5.15,3.5,528,144.3,57.83,Watch
UNIT 3A,Secondary Superheater,179,2021,2021-06-15,6.1,6.04,3.5,527,147.9,4.05,Safe
UNIT 3A,Secondary Superheater,179,2022,2022-06-15,6.1,6,3.5,527,147.9,6.72,Safe
UNIT 3A,Secondary Superheater,179,2023,2023-06-15,6.1,5.92,3.5,527,147.9,9.47,Safe
UNIT 3A,Secondary Superheater,179,2024,2024-06-15,6.1,5.9,3.5,527,147.9,12.25,Safe
UNIT 3A,Secondary Superheater,179,2025,2025-06-15,6.1,5.86,3.5,527,147.9,14.81,Safe
UNIT 3A,Secondary Superheater,180,2021,2021-06-15,6.1,5.77,3.5,527,139.8,20.51,Safe
UNIT 3A,Secondary Superheater,180,2022,2022-06-15,6.1,5.62,3.5,527,139.8,31.07,Safe
UNIT 3A,Secondary Superheater,180,2023,2023-06-15,6.1,5.48,3.5,527,139.8,41.13,Watch
UNIT 3A,Secondary Superheater,180,2024,2024-06-15,6.1,5.22,3.5,527,139.8,50.88,Watch
UNIT 3A,Secondary Superheater,180,2025,2025-06-15,6.1,5.14,3.5,527,139.8,60.65,Watch
UNIT 3A,Secondary Superheater,181,2021,2021-06-15,6.1,5.5,3.5,511,143.8,41.11,Watch
UNIT 3A,Secondary Superheater,181,2022,2022-06-15,6.1,5.17,3.5,511,143.8,56.2,Watch
UNIT 3A,Secondary Superheater,181,2023,2023-06-15,6.1,4.94,3.5,511,143.8,69.73,Watch
UNIT 3A,Secondary Superheater,181,2024,2024-06-15,6.1,4.46,3.5,511,143.8,85.58,Critical
UNIT 3A,Secondary Superheater,181,2025,2025-06-15,6.1,4.42,3.5,511,143.8,99.5,Critical
UNIT 3A,Secondary Superheater,182,2021,2021-06-15,6.1,5.75,3.5,508,139,20.06,Safe
UNIT 3A,Secondary Superheater,182,2022,2022-06-15,6.1,5.59,3.5,508,139,28.39,Safe
UNIT 3A,Secondary Superheater,182,2023,2023-06-15,6.1,5.54,3.5,508,139,37.94,Safe
UNIT 3A,Secondary Superheater,182,2024,2024-06-15,6.1,5.28,3.5,508,139,46.82,Watch
UNIT 3A,Secondary Superheater,182,2025,2025-06-15,6.1,5.05,3.5,508,139,56.58,Watch
UNIT 3A,Secondary Superheater,183,2021,2021-06-15,6.1,6.1,3.5,506,141.4,0.06,Safe
UNIT 3A,Secondary Superheater,183,2022,2022-06-15,6.1,6.07,3.5,506,141.4,1.52,Safe
UNIT 3A,Secondary Superheater,183,2023,2023-06-15,6.1,6.04,3.5,506,141.4,3.3,Safe
UNIT 3A,Secondary Superheater,183,2024,2024-06-15,6.1,6.02,3.5,506,141.4,4.78,Safe
UNIT 3A,Secondary Superheater,183,2025,2025-06-15,6.1,6,3.5,506,141.4,6.5,Safe
UNIT 3A,Secondary Superheater,184,2021,2021-06-15,6.1,5.7,3.5,525,142.5,27.91,Safe
UNIT 3A,Secondary Superheater,184,2022,2022-06-15,6.1,5.45,3.5,525,142.5,37.32,Safe
UNIT 3A,Secondary Superheater,184,2023,2023-06-15,6.1,5.38,3.5,525,142.5,45.37,Watch
UNIT 3A,Secondary Superheater,184,2024,2024-06-15,6.1,5.13,3.5,525,142.5,55.37,Watch
UNIT 3A,Secondary Superheater,184,2025,2025-06-15,6.1,4.96,3.5,525,142.5,64.41,Watch
UNIT 3A,Secondary Superheater,185,2021,2021-06-15,6.1,5.72,3.5,533,139.7,24.52,Safe
UNIT 3A,Secondary Superheater,185,2022,2022-06-15,6.1,5.54,3.5,533,139.7,31.52,Safe
UNIT 3A,Secondary Superheater,185,2023,2023-06-15,6.1,5.46,3.5,533,139.7,39.47,Safe
UNIT 3A,Secondary Superheater,185,2024,2024-06-15,6.1,5.25,3.5,533,139.7,46.58,Watch
UNIT 3A,Secondary Superheater,185,2025,2025-06-15,6.1,5.14,3.5,533,139.7,53.13,Watch
UNIT 3A,Secondary Superheater,186,2021,2021-06-15,6.1,5.52,3.5,532,147,38.62,Safe
UNIT 3A,Secondary Superheater,186,2022,2022-06-15,6.1,5.15,3.5,532,147,52.81,Watch
UNIT 3A,Secondary Superheater,186,2023,2023-06-15,6.1,4.85,3.5,532,147,68.36,Watch
UNIT 3A,Secondary Superheater,186,2024,2024-06-15,6.1,4.65,3.5,532,147,83.97,Critical
UNIT 3A,Secondary Superheater,186,2025,2025-06-15,6.1,4.46,3.5,532,147,99.5,Critical
UNIT 3A,Secondary Superheater,187,2021,2021-06-15,6.1,5.67,3.5,509,140.4,29.35,Safe
UNIT 3A,Secondary Superheater,187,2022,2022-06-15,6.1,5.45,3.5,509,140.4,37.2,Safe
UNIT 3A,Secondary Superheater,187,2023,2023-06-15,6.1,5.44,3.5,509,140.4,43.86,Watch
UNIT 3A,Secondary Superheater,187,2024,2024-06-15,6.1,5.29,3.5,509,140.4,51.21,Watch
UNIT 3A,Secondary Superheater,187,2025,2025-06-15,6.1,5.22,3.5,509,140.4,58.08,Watch
UNIT 3A,Secondary Superheater,188,2021,2021-06-15,6.1,6.07,3.5,500,139.1,2.11,Safe
UNIT 3A,Secondary Superheater,188,2022,2022-06-15,6.1,6.03,3.5,500,139.1,3.51,Safe
UNIT 3A,Secondary Superheater,188,2023,2023-06-15,6.1,6.01,3.5,500,139.1,5.07,Safe
UNIT 3A,Secondary Superheater,188,2024,2024-06-15,6.1,5.99,3.5,500,139.1,6.36,Safe
UNIT 3A,Secondary Superheater,188,2025,2025-06-15,6.1,5.98,3.5,500,139.1,8.01,Safe
UNIT 3A,Secondary Superheater,189,2021,2021-06-15,6.1,5.72,3.5,516,141.3,22.21,Safe
UNIT 3A,Secondary Superheater,189,2022,2022-06-15,6.1,5.54,3.5,516,141.3,31.79,Safe
UNIT 3A,Secondary Superheater,189,2023,2023-06-15,6.1,5.49,3.5,516,141.3,41.61,Watch
UNIT 3A,Secondary Superheater,189,2024,2024-06-15,6.1,5.32,3.5,516,141.3,51.48,Watch
UNIT 3A,Secondary Superheater,189,2025,2025-06-15,6.1,5.18,3.5,516,141.3,61.28,Watch
UNIT 3A,Secondary Superheater,190,2021,2021-06-15,6.1,5.61,3.5,524,139.2,27.57,Safe
UNIT 3A,Secondary Superheater,190,2022,2022-06-15,6.1,5.52,3.5,524,139.2,36.99,Safe
UNIT 3A,Secondary Superheater,190,2023,2023-06-15,6.1,5.24,3.5,524,139.2,46.98,Watch
UNIT 3A,Secondary Superheater,190,2024,2024-06-15,6.1,4.98,3.5,524,139.2,58.73,Watch
UNIT 3A,Secondary Superheater,190,2025,2025-06-15,6.1,5.11,3.5,524,139.2,68.07,Watch
UNIT 3A,Secondary Superheater,191,2021,2021-06-15,6.1,5.5,3.5,513,143.2,31.74,Safe
UNIT 3A,Secondary Superheater,191,2022,2022-06-15,6.1,5.31,3.5,513,143.2,40.97,Watch
UNIT 3A,Secondary Superheater,191,2023,2023-06-15,6.1,5.3,3.5,513,143.2,50.15,Watch
UNIT 3A,Secondary Superheater,191,2024,2024-06-15,6.1,5.01,3.5,513,143.2,59.79,Watch
UNIT 3A,Secondary Superheater,191,2025,2025-06-15,6.1,4.93,3.5,513,143.2,69.77,Watch
UNIT 3A,Secondary Superheater,192,2021,2021-06-15,6.1,5.55,3.5,507,151.7,31.96,Safe
UNIT 3A,Secondary Superheater,192,2022,2022-06-15,6.1,5.44,3.5,507,151.7,40.57,Watch
UNIT 3A,Secondary Superheater,192,2023,2023-06-15,6.1,5.24,3.5,507,151.7,48.94,Watch
UNIT 3A,Secondary Superheater,192,2024,2024-06-15,6.1,5.07,3.5,507,151.7,57.01,Watch
UNIT 3A,Secondary Superheater,192,2025,2025-06-15,6.1,4.88,3.5,507,151.7,64.89,Watch
UNIT 3A,Secondary Superheater,193,2021,2021-06-15,6.1,6.07,3.5,524,148.5,1.6,Safe
UNIT 3A,Secondary Superheater,193,2022,2022-06-15,6.1,6.06,3.5,524,148.5,2.72,Safe
UNIT 3A,Secondary Superheater,193,2023,2023-06-15,6.1,6.03,3.5,524,148.5,3.93,Safe
UNIT 3A,Secondary Superheater,193,2024,2024-06-15,6.1,6,3.5,524,148.5,5.3,Safe
UNIT 3A,Secondary Superheater,193,2025,2025-06-15,6.1,5.98,3.5,524,148.5,6.5,Safe
UNIT 3A,Secondary Superheater,194,2021,2021-06-15,6.1,5.39,3.5,529,143.5,41.07,Watch
UNIT 3A,Secondary Superheater,194,2022,2022-06-15,6.1,5.2,3.5,529,143.5,57.83,Watch
UNIT 3A,Secondary Superheater,194,2023,2023-06-15,6.1,4.81,3.5,529,143.5,71.44,Watch
UNIT 3A,Secondary Superheater,194,2024,2024-06-15,6.1,4.53,3.5,529,143.5,88.98,Critical
UNIT 3A,Secondary Superheater,194,2025,2025-06-15,6.1,4.34,3.5,529,143.5,99.5,Critical
UNIT 3A,Secondary Superheater,195,2021,2021-06-15,6.1,5.62,3.5,508,142.5,32.51,Safe
UNIT 3A,Secondary Superheater,195,2022,2022-06-15,6.1,5.34,3.5,508,142.5,42.99,Watch
UNIT 3A,Secondary Superheater,195,2023,2023-06-15,6.1,5.3,3.5,508,142.5,53.41,Watch
UNIT 3A,Secondary Superheater,195,2024,2024-06-15,6.1,4.92,3.5,508,142.5,64.69,Watch
UNIT 3A,Secondary Superheater,195,2025,2025-06-15,6.1,4.81,3.5,508,142.5,76.91,Watch
UNIT 3A,Secondary Superheater,196,2021,2021-06-15,6.1,6.03,3.5,519,138.8,4.22,Safe
UNIT 3A,Secondary Superheater,196,2022,2022-06-15,6.1,6,3.5,519,138.8,6.38,Safe
UNIT 3A,Secondary Superheater,196,2023,2023-06-15,6.1,5.96,3.5,519,138.8,8.96,Safe
UNIT 3A,Secondary Superheater,196,2024,2024-06-15,6.1,5.88,3.5,519,138.8,11.27,Safe
UNIT 3A,Secondary Superheater,196,2025,2025-06-15,6.1,5.89,3.5,519,138.8,13.63,Safe
UNIT 3A,Secondary Superheater,197,2021,2021-06-15,6.1,5.71,3.5,527,149.5,25.18,Safe
UNIT 3A,Secondary Superheater,197,2022,2022-06-15,6.1,5.63,3.5,527,149.5,32.51,Safe
UNIT 3A,Secondary Superheater,197,2023,2023-06-15,6.1,5.52,3.5,527,149.5,40.06,Watch
UNIT 3A,Secondary Superheater,197,2024,2024-06-15,6.1,5.4,3.5,527,149.5,47.63,Watch
UNIT 3A,Secondary Superheater,197,2025,2025-06-15,6.1,5.07,3.5,527,149.5,55.07,Watch
UNIT 3A,Secondary Superheater,198,2021,2021-06-15,6.1,5.62,3.5,509,145.8,27.41,Safe
UNIT 3A,Secondary Superheater,198,2022,2022-06-15,6.1,5.37,3.5,509,145.8,37.66,Safe
UNIT 3A,Secondary Superheater,198,2023,2023-06-15,6.1,5.41,3.5,509,145.8,46.7,Watch
UNIT 3A,Secondary Superheater,198,2024,2024-06-15,6.1,5.11,3.5,509,145.8,54.7,Watch
UNIT 3A,Secondary Superheater,198,2025,2025-06-15,6.1,5.02,3.5,509,145.8,64.98,Watch
UNIT 3A,Secondary Superheater,199,2021,2021-06-15,6.1,5.53,3.5,515,147.6,38.16,Safe
UNIT 3A,Secondary Superheater,199,2022,2022-06-15,6.1,5.39,3.5,515,147.6,49.07,Watch
UNIT 3A,Secondary Superheater,199,2023,2023-06-15,6.1,5.01,3.5,515,147.6,61.07,Watch
UNIT 3A,Secondary Superheater,199,2024,2024-06-15,6.1,4.96,3.5,515,147.6,71.02,Watch
UNIT 3A,Secondary Superheater,199,2025,2025-06-15,6.1,4.54,3.5,515,147.6,83.87,Critical
UNIT 3A,Secondary Superheater,200,2021,2021-06-15,6.1,6.02,3.5,540,151.3,5.78,Safe
UNIT 3A,Secondary Superheater,200,2022,2022-06-15,6.1,5.98,3.5,540,151.3,8.5,Safe
UNIT 3A,Secondary Superheater,200,2023,2023-06-15,6.1,5.89,3.5,540,151.3,11.82,Safe
UNIT 3A,Secondary Superheater,200,2024,2024-06-15,6.1,5.82,3.5,540,151.3,14.51,Safe
UNIT 3A,Secondary Superheater,200,2025,2025-06-15,6.1,5.82,3.5,540,151.3,17.91,Safe
UNIT 3A,Economizer,1,2021,2021-06-15,4.8,4.72,2.8,322,168.5,5.51,Safe
UNIT 3A,Economizer,1,2022,2022-06-15,4.8,4.71,2.8,322,168.5,6.42,Safe
UNIT 3A,Economizer,1,2023,2023-06-15,4.8,4.71,2.8,322,168.5,7.14,Safe
UNIT 3A,Economizer,1,2024,2024-06-15,4.8,4.7,2.8,322,168.5,8,Safe
UNIT 3A,Economizer,1,2025,2025-06-15,4.8,4.69,2.8,322,168.5,8.86,Safe
UNIT 3A,Economizer,2,2021,2021-06-15,4.8,4.22,2.8,291,162.8,42.98,Watch
UNIT 3A,Economizer,2,2022,2022-06-15,4.8,4.02,2.8,291,162.8,55.37,Watch
UNIT 3A,Economizer,2,2023,2023-06-15,4.8,3.89,2.8,291,162.8,68.57,Watch
UNIT 3A,Economizer,2,2024,2024-06-15,4.8,3.74,2.8,291,162.8,80.95,Critical
UNIT 3A,Economizer,2,2025,2025-06-15,4.8,3.54,2.8,291,162.8,91.88,Critical
UNIT 3A,Economizer,3,2021,2021-06-15,4.8,4.18,2.8,286,167.7,45,Watch
UNIT 3A,Economizer,3,2022,2022-06-15,4.8,3.98,2.8,286,167.7,58.4,Watch
UNIT 3A,Economizer,3,2023,2023-06-15,4.8,3.96,2.8,286,167.7,75.66,Watch
UNIT 3A,Economizer,3,2024,2024-06-15,4.8,3.6,2.8,286,167.7,89.53,Critical
UNIT 3A,Economizer,3,2025,2025-06-15,4.8,3.45,2.8,286,167.7,99.5,Critical
UNIT 3A,Economizer,4,2021,2021-06-15,4.8,4.76,2.8,306,167.9,3.52,Safe
UNIT 3A,Economizer,4,2022,2022-06-15,4.8,4.75,2.8,306,167.9,4.48,Safe
UNIT 3A,Economizer,4,2023,2023-06-15,4.8,4.73,2.8,306,167.9,5.36,Safe
UNIT 3A,Economizer,4,2024,2024-06-15,4.8,4.71,2.8,306,167.9,6.29,Safe
UNIT 3A,Economizer,4,2025,2025-06-15,4.8,4.69,2.8,306,167.9,7.27,Safe
UNIT 3A,Economizer,5,2021,2021-06-15,4.8,4.45,2.8,318,160.2,30.25,Safe
UNIT 3A,Economizer,5,2022,2022-06-15,4.8,4.35,2.8,318,160.2,37.2,Safe
UNIT 3A,Economizer,5,2023,2023-06-15,4.8,4.24,2.8,318,160.2,43.14,Watch
UNIT 3A,Economizer,5,2024,2024-06-15,4.8,4.19,2.8,318,160.2,50.2,Watch
UNIT 3A,Economizer,5,2025,2025-06-15,4.8,4.06,2.8,318,160.2,57.21,Watch
UNIT 3A,Economizer,6,2021,2021-06-15,4.8,4.53,2.8,296,168.2,23.99,Safe
UNIT 3A,Economizer,6,2022,2022-06-15,4.8,4.43,2.8,296,168.2,32.05,Safe
UNIT 3A,Economizer,6,2023,2023-06-15,4.8,4.28,2.8,296,168.2,38.84,Safe
UNIT 3A,Economizer,6,2024,2024-06-15,4.8,4.26,2.8,296,168.2,46.64,Watch
UNIT 3A,Economizer,6,2025,2025-06-15,4.8,4.08,2.8,296,168.2,52.96,Watch
UNIT 3A,Economizer,7,2021,2021-06-15,4.8,4.79,2.8,294,155.6,0.61,Safe
UNIT 3A,Economizer,7,2022,2022-06-15,4.8,4.75,2.8,294,155.6,3.59,Safe
UNIT 3A,Economizer,7,2023,2023-06-15,4.8,4.71,2.8,294,155.6,6.58,Safe
UNIT 3A,Economizer,7,2024,2024-06-15,4.8,4.7,2.8,294,155.6,8.82,Safe
UNIT 3A,Economizer,7,2025,2025-06-15,4.8,4.66,2.8,294,155.6,11.06,Safe
UNIT 3A,Economizer,8,2021,2021-06-15,4.8,4.76,2.8,323,155.6,3.6,Safe
UNIT 3A,Economizer,8,2022,2022-06-15,4.8,4.72,2.8,323,155.6,6.22,Safe
UNIT 3A,Economizer,8,2023,2023-06-15,4.8,4.7,2.8,323,155.6,8.39,Safe
UNIT 3A,Economizer,8,2024,2024-06-15,4.8,4.67,2.8,323,155.6,11.02,Safe
UNIT 3A,Economizer,8,2025,2025-06-15,4.8,4.65,2.8,323,155.6,13.41,Safe
UNIT 3A,Economizer,9,2021,2021-06-15,4.8,4.17,2.8,288,158.5,42.16,Watch
UNIT 3A,Economizer,9,2022,2022-06-15,4.8,3.96,2.8,288,158.5,56.43,Watch
UNIT 3A,Economizer,9,2023,2023-06-15,4.8,3.93,2.8,288,158.5,69.03,Watch
UNIT 3A,Economizer,9,2024,2024-06-15,4.8,3.65,2.8,288,158.5,82.36,Critical
UNIT 3A,Economizer,9,2025,2025-06-15,4.8,3.54,2.8,288,158.5,97.42,Critical
UNIT 3A,Economizer,10,2021,2021-06-15,4.8,4.4,2.8,314,167.7,32.8,Safe
UNIT 3A,Economizer,10,2022,2022-06-15,4.8,4.28,2.8,314,167.7,41.86,Watch
UNIT 3A,Economizer,10,2023,2023-06-15,4.8,4.04,2.8,314,167.7,50.79,Watch
UNIT 3A,Economizer,10,2024,2024-06-15,4.8,3.91,2.8,314,167.7,60.45,Watch
UNIT 3A,Economizer,10,2025,2025-06-15,4.8,3.86,2.8,314,167.7,71.23,Watch
UNIT 3A,Economizer,11,2021,2021-06-15,4.8,4.8,2.8,325,160.5,0.08,Safe
UNIT 3A,Economizer,11,2022,2022-06-15,4.8,4.77,2.8,325,160.5,2.33,Safe
UNIT 3A,Economizer,11,2023,2023-06-15,4.8,4.74,2.8,325,160.5,4.55,Safe
UNIT 3A,Economizer,11,2024,2024-06-15,4.8,4.72,2.8,325,160.5,6.56,Safe
UNIT 3A,Economizer,11,2025,2025-06-15,4.8,4.68,2.8,325,160.5,8.63,Safe
UNIT 3A,Economizer,12,2021,2021-06-15,4.8,4.73,2.8,326,169.2,6.05,Safe
UNIT 3A,Economizer,12,2022,2022-06-15,4.8,4.71,2.8,326,169.2,8.4,Safe
UNIT 3A,Economizer,12,2023,2023-06-15,4.8,4.67,2.8,326,169.2,10.43,Safe
UNIT 3A,Economizer,12,2024,2024-06-15,4.8,4.62,2.8,326,169.2,12.86,Safe
UNIT 3A,Economizer,12,2025,2025-06-15,4.8,4.59,2.8,326,169.2,15,Safe
UNIT 3A,Economizer,13,2021,2021-06-15,4.8,4.4,2.8,322,162.5,32.87,Safe
UNIT 3A,Economizer,13,2022,2022-06-15,4.8,4.26,2.8,322,162.5,40.57,Watch
UNIT 3A,Economizer,13,2023,2023-06-15,4.8,4.23,2.8,322,162.5,50.48,Watch
UNIT 3A,Economizer,13,2024,2024-06-15,4.8,3.99,2.8,322,162.5,60.16,Watch
UNIT 3A,Economizer,13,2025,2025-06-15,4.8,4.03,2.8,322,162.5,69.15,Watch
UNIT 3A,Economizer,14,2021,2021-06-15,4.8,4.7,2.8,309,167.7,6.89,Safe
UNIT 3A,Economizer,14,2022,2022-06-15,4.8,4.7,2.8,309,167.7,8.74,Safe
UNIT 3A,Economizer,14,2023,2023-06-15,4.8,4.67,2.8,309,167.7,10.55,Safe
UNIT 3A,Economizer,14,2024,2024-06-15,4.8,4.65,2.8,309,167.7,12.41,Safe
UNIT 3A,Economizer,14,2025,2025-06-15,4.8,4.62,2.8,309,167.7,13.87,Safe
UNIT 3A,Economizer,15,2021,2021-06-15,4.8,4.8,2.8,304,163.5,0.28,Safe
UNIT 3A,Economizer,15,2022,2022-06-15,4.8,4.76,2.8,304,163.5,2.9,Safe
UNIT 3A,Economizer,15,2023,2023-06-15,4.8,4.73,2.8,304,163.5,5.5,Safe
UNIT 3A,Economizer,15,2024,2024-06-15,4.8,4.68,2.8,304,163.5,8.01,Safe
UNIT 3A,Economizer,15,2025,2025-06-15,4.8,4.65,2.8,304,163.5,10.62,Safe
UNIT 3A,Economizer,16,2021,2021-06-15,4.8,4.71,2.8,289,168.2,6,Safe
UNIT 3A,Economizer,16,2022,2022-06-15,4.8,4.7,2.8,289,168.2,6.98,Safe
UNIT 3A,Economizer,16,2023,2023-06-15,4.8,4.7,2.8,289,168.2,7.95,Safe
UNIT 3A,Economizer,16,2024,2024-06-15,4.8,4.68,2.8,289,168.2,9.12,Safe
UNIT 3A,Economizer,16,2025,2025-06-15,4.8,4.66,2.8,289,168.2,10.18,Safe
UNIT 3A,Economizer,17,2021,2021-06-15,4.8,4.73,2.8,310,156,5.65,Safe
UNIT 3A,Economizer,17,2022,2022-06-15,4.8,4.71,2.8,310,156,7.74,Safe
UNIT 3A,Economizer,17,2023,2023-06-15,4.8,4.66,2.8,310,156,9.49,Safe
UNIT 3A,Economizer,17,2024,2024-06-15,4.8,4.64,2.8,310,156,11.67,Safe
UNIT 3A,Economizer,17,2025,2025-06-15,4.8,4.59,2.8,310,156,13.8,Safe
UNIT 3A,Economizer,18,2021,2021-06-15,4.8,4.46,2.8,300,165.4,30.98,Safe
UNIT 3A,Economizer,18,2022,2022-06-15,4.8,4.22,2.8,300,165.4,41.16,Watch
UNIT 3A,Economizer,18,2023,2023-06-15,4.8,4.05,2.8,300,165.4,49.95,Watch
UNIT 3A,Economizer,18,2024,2024-06-15,4.8,3.95,2.8,300,165.4,59.61,Watch
UNIT 3A,Economizer,18,2025,2025-06-15,4.8,4.02,2.8,300,165.4,69.87,Watch
UNIT 3A,Economizer,19,2021,2021-06-15,4.8,4.37,2.8,314,166.7,30.55,Safe
UNIT 3A,Economizer,19,2022,2022-06-15,4.8,4.3,2.8,314,166.7,39.91,Safe
UNIT 3A,Economizer,19,2023,2023-06-15,4.8,4.1,2.8,314,166.7,48.74,Watch
UNIT 3A,Economizer,19,2024,2024-06-15,4.8,4,2.8,314,166.7,59.15,Watch
UNIT 3A,Economizer,19,2025,2025-06-15,4.8,3.88,2.8,314,166.7,68.37,Watch
UNIT 3A,Economizer,20,2021,2021-06-15,4.8,4.75,2.8,322,167.1,4.21,Safe
UNIT 3A,Economizer,20,2022,2022-06-15,4.8,4.71,2.8,322,167.1,6.58,Safe
UNIT 3A,Economizer,20,2023,2023-06-15,4.8,4.69,2.8,322,167.1,9.47,Safe
UNIT 3A,Economizer,20,2024,2024-06-15,4.8,4.64,2.8,322,167.1,11.92,Safe
UNIT 3A,Economizer,20,2025,2025-06-15,4.8,4.62,2.8,322,167.1,14.27,Safe
UNIT 3A,Economizer,21,2021,2021-06-15,4.8,4.78,2.8,313,156.8,1.35,Safe
UNIT 3A,Economizer,21,2022,2022-06-15,4.8,4.77,2.8,313,156.8,2.82,Safe
UNIT 3A,Economizer,21,2023,2023-06-15,4.8,4.74,2.8,313,156.8,4.51,Safe
UNIT 3A,Economizer,21,2024,2024-06-15,4.8,4.73,2.8,313,156.8,5.83,Safe
UNIT 3A,Economizer,21,2025,2025-06-15,4.8,4.7,2.8,313,156.8,7.48,Safe
UNIT 3A,Economizer,22,2021,2021-06-15,4.8,4.51,2.8,280,160,20.92,Safe
UNIT 3A,Economizer,22,2022,2022-06-15,4.8,4.46,2.8,280,160,31.13,Safe
UNIT 3A,Economizer,22,2023,2023-06-15,4.8,4.24,2.8,280,160,39.87,Safe
UNIT 3A,Economizer,22,2024,2024-06-15,4.8,4.2,2.8,280,160,48.39,Watch
UNIT 3A,Economizer,22,2025,2025-06-15,4.8,4.15,2.8,280,160,57.09,Watch
UNIT 3A,Economizer,23,2021,2021-06-15,4.8,4.45,2.8,315,164.5,28.31,Safe
UNIT 3A,Economizer,23,2022,2022-06-15,4.8,4.26,2.8,315,164.5,37.82,Safe
UNIT 3A,Economizer,23,2023,2023-06-15,4.8,4.21,2.8,315,164.5,47.23,Watch
UNIT 3A,Economizer,23,2024,2024-06-15,4.8,4.03,2.8,315,164.5,56.71,Watch
UNIT 3A,Economizer,23,2025,2025-06-15,4.8,4.06,2.8,315,164.5,65.04,Watch
UNIT 3A,Economizer,24,2021,2021-06-15,4.8,4.25,2.8,282,168.9,36.79,Safe
UNIT 3A,Economizer,24,2022,2022-06-15,4.8,4.11,2.8,282,168.9,46.4,Watch
UNIT 3A,Economizer,24,2023,2023-06-15,4.8,4.05,2.8,282,168.9,57.83,Watch
UNIT 3A,Economizer,24,2024,2024-06-15,4.8,3.83,2.8,282,168.9,70.06,Watch
UNIT 3A,Economizer,24,2025,2025-06-15,4.8,3.84,2.8,282,168.9,81.12,Critical
UNIT 3A,Economizer,25,2021,2021-06-15,4.8,4.8,2.8,316,162.2,0.26,Safe
UNIT 3A,Economizer,25,2022,2022-06-15,4.8,4.78,2.8,316,162.2,1.7,Safe
UNIT 3A,Economizer,25,2023,2023-06-15,4.8,4.76,2.8,316,162.2,3.12,Safe
UNIT 3A,Economizer,25,2024,2024-06-15,4.8,4.75,2.8,316,162.2,4.4,Safe
UNIT 3A,Economizer,25,2025,2025-06-15,4.8,4.72,2.8,316,162.2,5.59,Safe
UNIT 3A,Economizer,26,2021,2021-06-15,4.8,4.71,2.8,293,156.7,6.55,Safe
UNIT 3A,Economizer,26,2022,2022-06-15,4.8,4.66,2.8,293,156.7,9.6,Safe
UNIT 3A,Economizer,26,2023,2023-06-15,4.8,4.66,2.8,293,156.7,12.06,Safe
UNIT 3A,Economizer,26,2024,2024-06-15,4.8,4.62,2.8,293,156.7,14.79,Safe
UNIT 3A,Economizer,26,2025,2025-06-15,4.8,4.57,2.8,293,156.7,17.26,Safe
UNIT 3A,Economizer,27,2021,2021-06-15,4.8,4.5,2.8,310,166.9,20.74,Safe
UNIT 3A,Economizer,27,2022,2022-06-15,4.8,4.38,2.8,310,166.9,28.91,Safe
UNIT 3A,Economizer,27,2023,2023-06-15,4.8,4.28,2.8,310,166.9,38.8,Safe
UNIT 3A,Economizer,27,2024,2024-06-15,4.8,4.21,2.8,310,166.9,48.92,Watch
UNIT 3A,Economizer,27,2025,2025-06-15,4.8,3.99,2.8,310,166.9,56.63,Watch
UNIT 3A,Economizer,28,2021,2021-06-15,4.8,4.56,2.8,299,156.4,20.78,Safe
UNIT 3A,Economizer,28,2022,2022-06-15,4.8,4.46,2.8,299,156.4,28.44,Safe
UNIT 3A,Economizer,28,2023,2023-06-15,4.8,4.4,2.8,299,156.4,35.81,Safe
UNIT 3A,Economizer,28,2024,2024-06-15,4.8,4.18,2.8,299,156.4,42.17,Watch
UNIT 3A,Economizer,28,2025,2025-06-15,4.8,4.21,2.8,299,156.4,48.25,Watch
UNIT 3A,Economizer,29,2021,2021-06-15,4.8,4.44,2.8,292,164.9,31.59,Safe
UNIT 3A,Economizer,29,2022,2022-06-15,4.8,4.32,2.8,292,164.9,37.74,Safe
UNIT 3A,Economizer,29,2023,2023-06-15,4.8,4.25,2.8,292,164.9,44.81,Watch
UNIT 3A,Economizer,29,2024,2024-06-15,4.8,4.06,2.8,292,164.9,52.29,Watch
UNIT 3A,Economizer,29,2025,2025-06-15,4.8,4.04,2.8,292,164.9,59.11,Watch
UNIT 3A,Economizer,30,2021,2021-06-15,4.8,4.7,2.8,300,162.3,6.82,Safe
UNIT 3A,Economizer,30,2022,2022-06-15,4.8,4.71,2.8,300,162.3,8.07,Safe
UNIT 3A,Economizer,30,2023,2023-06-15,4.8,4.68,2.8,300,162.3,9.13,Safe
UNIT 3A,Economizer,30,2024,2024-06-15,4.8,4.65,2.8,300,162.3,10.24,Safe
UNIT 3A,Economizer,30,2025,2025-06-15,4.8,4.65,2.8,300,162.3,11.22,Safe
UNIT 3A,Economizer,31,2021,2021-06-15,4.8,4.71,2.8,308,163.1,7.78,Safe
UNIT 3A,Economizer,31,2022,2022-06-15,4.8,4.7,2.8,308,163.1,8.63,Safe
UNIT 3A,Economizer,31,2023,2023-06-15,4.8,4.69,2.8,308,163.1,9.39,Safe
UNIT 3A,Economizer,31,2024,2024-06-15,4.8,4.66,2.8,308,163.1,10.31,Safe
UNIT 3A,Economizer,31,2025,2025-06-15,4.8,4.65,2.8,308,163.1,11.18,Safe
UNIT 3A,Economizer,32,2021,2021-06-15,4.8,4.49,2.8,286,169.1,25.51,Safe
UNIT 3A,Economizer,32,2022,2022-06-15,4.8,4.33,2.8,286,169.1,32.85,Safe
UNIT 3A,Economizer,32,2023,2023-06-15,4.8,4.31,2.8,286,169.1,40.62,Watch
UNIT 3A,Economizer,32,2024,2024-06-15,4.8,4.15,2.8,286,169.1,48.44,Watch
UNIT 3A,Economizer,32,2025,2025-06-15,4.8,4.02,2.8,286,169.1,55.39,Watch
UNIT 3A,Economizer,33,2021,2021-06-15,4.8,4.23,2.8,326,167.8,42.4,Watch
UNIT 3A,Economizer,33,2022,2022-06-15,4.8,4.13,2.8,326,167.8,55.05,Watch
UNIT 3A,Economizer,33,2023,2023-06-15,4.8,3.84,2.8,326,167.8,71.4,Watch
UNIT 3A,Economizer,33,2024,2024-06-15,4.8,3.7,2.8,326,167.8,87.81,Critical
UNIT 3A,Economizer,33,2025,2025-06-15,4.8,3.36,2.8,326,167.8,99.5,Critical
UNIT 3A,Economizer,34,2021,2021-06-15,4.8,4.41,2.8,320,166.8,30.56,Safe
UNIT 3A,Economizer,34,2022,2022-06-15,4.8,4.36,2.8,320,166.8,37.25,Safe
UNIT 3A,Economizer,34,2023,2023-06-15,4.8,4.29,2.8,320,166.8,43.66,Watch
UNIT 3A,Economizer,34,2024,2024-06-15,4.8,4.09,2.8,320,166.8,49.68,Watch
UNIT 3A,Economizer,34,2025,2025-06-15,4.8,4,2.8,320,166.8,56,Watch
UNIT 3A,Economizer,35,2021,2021-06-15,4.8,4.49,2.8,284,168.7,21.9,Safe
UNIT 3A,Economizer,35,2022,2022-06-15,4.8,4.36,2.8,284,168.7,30.51,Safe
UNIT 3A,Economizer,35,2023,2023-06-15,4.8,4.28,2.8,284,168.7,39.11,Safe
UNIT 3A,Economizer,35,2024,2024-06-15,4.8,4.2,2.8,284,168.7,47.57,Watch
UNIT 3A,Economizer,35,2025,2025-06-15,4.8,4.05,2.8,284,168.7,54.49,Watch
UNIT 3A,Economizer,36,2021,2021-06-15,4.8,4.49,2.8,315,166,20.63,Safe
UNIT 3A,Economizer,36,2022,2022-06-15,4.8,4.36,2.8,315,166,30.36,Safe
UNIT 3A,Economizer,36,2023,2023-06-15,4.8,4.22,2.8,315,166,41.68,Watch
UNIT 3A,Economizer,36,2024,2024-06-15,4.8,4.07,2.8,315,166,53.4,Watch
UNIT 3A,Economizer,36,2025,2025-06-15,4.8,3.93,2.8,315,166,63.7,Watch
UNIT 3A,Economizer,37,2021,2021-06-15,4.8,4.43,2.8,305,169.2,24.54,Safe
UNIT 3A,Economizer,37,2022,2022-06-15,4.8,4.39,2.8,305,169.2,30.76,Safe
UNIT 3A,Economizer,37,2023,2023-06-15,4.8,4.36,2.8,305,169.2,37.75,Safe
UNIT 3A,Economizer,37,2024,2024-06-15,4.8,4.24,2.8,305,169.2,44.74,Watch
UNIT 3A,Economizer,37,2025,2025-06-15,4.8,4.17,2.8,305,169.2,52.48,Watch
UNIT 3A,Economizer,38,2021,2021-06-15,4.8,4.77,2.8,320,158.9,1.72,Safe
UNIT 3A,Economizer,38,2022,2022-06-15,4.8,4.76,2.8,320,158.9,3.83,Safe
UNIT 3A,Economizer,38,2023,2023-06-15,4.8,4.71,2.8,320,158.9,6.59,Safe
UNIT 3A,Economizer,38,2024,2024-06-15,4.8,4.69,2.8,320,158.9,9.19,Safe
UNIT 3A,Economizer,38,2025,2025-06-15,4.8,4.63,2.8,320,158.9,11.6,Safe
UNIT 3A,Economizer,39,2021,2021-06-15,4.8,4.47,2.8,325,168,27.47,Safe
UNIT 3A,Economizer,39,2022,2022-06-15,4.8,4.31,2.8,325,168,33.33,Safe
UNIT 3A,Economizer,39,2023,2023-06-15,4.8,4.24,2.8,325,168,40.79,Watch
UNIT 3A,Economizer,39,2024,2024-06-15,4.8,4.24,2.8,325,168,48.17,Watch
UNIT 3A,Economizer,39,2025,2025-06-15,4.8,4.15,2.8,325,168,54.64,Watch
UNIT 3A,Economizer,40,2021,2021-06-15,4.8,4.8,2.8,294,160.8,0.03,Safe
UNIT 3A,Economizer,40,2022,2022-06-15,4.8,4.77,2.8,294,160.8,2.76,Safe
UNIT 3A,Economizer,40,2023,2023-06-15,4.8,4.73,2.8,294,160.8,5.33,Safe
UNIT 3A,Economizer,40,2024,2024-06-15,4.8,4.7,2.8,294,160.8,7.95,Safe
UNIT 3A,Economizer,40,2025,2025-06-15,4.8,4.66,2.8,294,160.8,10.62,Safe
UNIT 3A,Economizer,41,2021,2021-06-15,4.8,4.52,2.8,294,166.9,24.45,Safe
UNIT 3A,Economizer,41,2022,2022-06-15,4.8,4.38,2.8,294,166.9,31.16,Safe
UNIT 3A,Economizer,41,2023,2023-06-15,4.8,4.28,2.8,294,166.9,37.84,Safe
UNIT 3A,Economizer,41,2024,2024-06-15,4.8,4.28,2.8,294,166.9,45.56,Watch
UNIT 3A,Economizer,41,2025,2025-06-15,4.8,4.12,2.8,294,166.9,52.31,Watch
UNIT 3A,Economizer,42,2021,2021-06-15,4.8,4.52,2.8,325,166.1,20.53,Safe
UNIT 3A,Economizer,42,2022,2022-06-15,4.8,4.36,2.8,325,166.1,29.12,Safe
UNIT 3A,Economizer,42,2023,2023-06-15,4.8,4.29,2.8,325,166.1,39.07,Safe
UNIT 3A,Economizer,42,2024,2024-06-15,4.8,4.09,2.8,325,166.1,49.46,Watch
UNIT 3A,Economizer,42,2025,2025-06-15,4.8,4.03,2.8,325,166.1,57.53,Watch
UNIT 3A,Economizer,43,2021,2021-06-15,4.8,4.74,2.8,322,162.2,3.94,Safe
UNIT 3A,Economizer,43,2022,2022-06-15,4.8,4.73,2.8,322,162.2,6.68,Safe
UNIT 3A,Economizer,43,2023,2023-06-15,4.8,4.67,2.8,322,162.2,9.38,Safe
UNIT 3A,Economizer,43,2024,2024-06-15,4.8,4.65,2.8,322,162.2,11.9,Safe
UNIT 3A,Economizer,43,2025,2025-06-15,4.8,4.61,2.8,322,162.2,14.45,Safe
UNIT 3A,Economizer,44,2021,2021-06-15,4.8,4.3,2.8,283,157.4,43.16,Watch
UNIT 3A,Economizer,44,2022,2022-06-15,4.8,4.21,2.8,283,157.4,53.2,Watch
UNIT 3A,Economizer,44,2023,2023-06-15,4.8,4.02,2.8,283,157.4,61.59,Watch
UNIT 3A,Economizer,44,2024,2024-06-15,4.8,3.86,2.8,283,157.4,70.96,Watch
UNIT 3A,Economizer,44,2025,2025-06-15,4.8,3.75,2.8,283,157.4,82.17,Critical
UNIT 3A,Economizer,45,2021,2021-06-15,4.8,4.71,2.8,317,164.6,6.25,Safe
UNIT 3A,Economizer,45,2022,2022-06-15,4.8,4.69,2.8,317,164.6,7.83,Safe
UNIT 3A,Economizer,45,2023,2023-06-15,4.8,4.67,2.8,317,164.6,9.69,Safe
UNIT 3A,Economizer,45,2024,2024-06-15,4.8,4.66,2.8,317,164.6,11.53,Safe
UNIT 3A,Economizer,45,2025,2025-06-15,4.8,4.61,2.8,317,164.6,13.15,Safe
UNIT 3A,Economizer,46,2021,2021-06-15,4.8,4.77,2.8,307,160,2.22,Safe
UNIT 3A,Economizer,46,2022,2022-06-15,4.8,4.75,2.8,307,160,3.66,Safe
UNIT 3A,Economizer,46,2023,2023-06-15,4.8,4.73,2.8,307,160,5.27,Safe
UNIT 3A,Economizer,46,2024,2024-06-15,4.8,4.71,2.8,307,160,6.64,Safe
UNIT 3A,Economizer,46,2025,2025-06-15,4.8,4.69,2.8,307,160,8.13,Safe
UNIT 3A,Economizer,47,2021,2021-06-15,4.8,4.41,2.8,316,169.2,31.69,Safe
UNIT 3A,Economizer,47,2022,2022-06-15,4.8,4.33,2.8,316,169.2,38.56,Safe
UNIT 3A,Economizer,47,2023,2023-06-15,4.8,4.24,2.8,316,169.2,46.2,Watch
UNIT 3A,Economizer,47,2024,2024-06-15,4.8,4.18,2.8,316,169.2,53.4,Watch
UNIT 3A,Economizer,47,2025,2025-06-15,4.8,4.11,2.8,316,169.2,59.4,Watch
UNIT 3A,Economizer,48,2021,2021-06-15,4.8,4.73,2.8,318,163,4.98,Safe
UNIT 3A,Economizer,48,2022,2022-06-15,4.8,4.69,2.8,318,163,7.59,Safe
UNIT 3A,Economizer,48,2023,2023-06-15,4.8,4.66,2.8,318,163,10.82,Safe
UNIT 3A,Economizer,48,2024,2024-06-15,4.8,4.64,2.8,318,163,13.39,Safe
UNIT 3A,Economizer,48,2025,2025-06-15,4.8,4.56,2.8,318,163,16.27,Safe
UNIT 3A,Economizer,49,2021,2021-06-15,4.8,4.71,2.8,297,156.4,6.24,Safe
UNIT 3A,Economizer,49,2022,2022-06-15,4.8,4.7,2.8,297,156.4,8.02,Safe
UNIT 3A,Economizer,49,2023,2023-06-15,4.8,4.68,2.8,297,156.4,9.87,Safe
UNIT 3A,Economizer,49,2024,2024-06-15,4.8,4.63,2.8,297,156.4,11.98,Safe
UNIT 3A,Economizer,49,2025,2025-06-15,4.8,4.59,2.8,297,156.4,14.13,Safe
UNIT 3A,Economizer,50,2021,2021-06-15,4.8,4.58,2.8,296,169.9,20.19,Safe
UNIT 3A,Economizer,50,2022,2022-06-15,4.8,4.4,2.8,296,169.9,29.57,Safe
UNIT 3A,Economizer,50,2023,2023-06-15,4.8,4.26,2.8,296,169.9,40.02,Watch
UNIT 3A,Economizer,50,2024,2024-06-15,4.8,4.2,2.8,296,169.9,49.58,Watch
UNIT 3A,Economizer,50,2025,2025-06-15,4.8,3.97,2.8,296,169.9,59.13,Watch
UNIT 3A,Economizer,51,2021,2021-06-15,4.8,4.76,2.8,282,159.9,2.68,Safe
UNIT 3A,Economizer,51,2022,2022-06-15,4.8,4.75,2.8,282,159.9,3.64,Safe
UNIT 3A,Economizer,51,2023,2023-06-15,4.8,4.75,2.8,282,159.9,4.5,Safe
UNIT 3A,Economizer,51,2024,2024-06-15,4.8,4.72,2.8,282,159.9,5.56,Safe
UNIT 3A,Economizer,51,2025,2025-06-15,4.8,4.72,2.8,282,159.9,6.52,Safe
UNIT 3A,Economizer,52,2021,2021-06-15,4.8,4.7,2.8,328,169.6,7.43,Safe
UNIT 3A,Economizer,52,2022,2022-06-15,4.8,4.67,2.8,328,169.6,9.78,Safe
UNIT 3A,Economizer,52,2023,2023-06-15,4.8,4.63,2.8,328,169.6,12.29,Safe
UNIT 3A,Economizer,52,2024,2024-06-15,4.8,4.59,2.8,328,169.6,14.31,Safe
UNIT 3A,Economizer,52,2025,2025-06-15,4.8,4.56,2.8,328,169.6,16.69,Safe
UNIT 3A,Economizer,53,2021,2021-06-15,4.8,4.71,2.8,303,161.1,6.21,Safe
UNIT 3A,Economizer,53,2022,2022-06-15,4.8,4.7,2.8,303,161.1,8.87,Safe
UNIT 3A,Economizer,53,2023,2023-06-15,4.8,4.66,2.8,303,161.1,11.02,Safe
UNIT 3A,Economizer,53,2024,2024-06-15,4.8,4.65,2.8,303,161.1,13.14,Safe
UNIT 3A,Economizer,53,2025,2025-06-15,4.8,4.59,2.8,303,161.1,15.49,Safe
UNIT 3A,Economizer,54,2021,2021-06-15,4.8,4.49,2.8,284,167,25.73,Safe
UNIT 3A,Economizer,54,2022,2022-06-15,4.8,4.27,2.8,284,167,37.21,Safe
UNIT 3A,Economizer,54,2023,2023-06-15,4.8,4.16,2.8,284,167,46.92,Watch
UNIT 3A,Economizer,54,2024,2024-06-15,4.8,4.06,2.8,284,167,57.93,Watch
UNIT 3A,Economizer,54,2025,2025-06-15,4.8,3.95,2.8,284,167,69.23,Watch
UNIT 3A,Economizer,55,2021,2021-06-15,4.8,4.79,2.8,326,170,1.18,Safe
UNIT 3A,Economizer,55,2022,2022-06-15,4.8,4.77,2.8,326,170,2.26,Safe
UNIT 3A,Economizer,55,2023,2023-06-15,4.8,4.75,2.8,326,170,3.55,Safe
UNIT 3A,Economizer,55,2024,2024-06-15,4.8,4.75,2.8,326,170,4.92,Safe
UNIT 3A,Economizer,55,2025,2025-06-15,4.8,4.72,2.8,326,170,6.15,Safe
UNIT 3A,Economizer,56,2021,2021-06-15,4.8,4.78,2.8,287,156.3,1.97,Safe
UNIT 3A,Economizer,56,2022,2022-06-15,4.8,4.75,2.8,287,156.3,4.23,Safe
UNIT 3A,Economizer,56,2023,2023-06-15,4.8,4.73,2.8,287,156.3,6.49,Safe
UNIT 3A,Economizer,56,2024,2024-06-15,4.8,4.67,2.8,287,156.3,8.8,Safe
UNIT 3A,Economizer,56,2025,2025-06-15,4.8,4.68,2.8,287,156.3,10.58,Safe
UNIT 3A,Economizer,57,2021,2021-06-15,4.8,4.37,2.8,307,166.5,29.61,Safe
UNIT 3A,Economizer,57,2022,2022-06-15,4.8,4.27,2.8,307,166.5,37.3,Safe
UNIT 3A,Economizer,57,2023,2023-06-15,4.8,4.17,2.8,307,166.5,44.5,Watch
UNIT 3A,Economizer,57,2024,2024-06-15,4.8,4.1,2.8,307,166.5,52.45,Watch
UNIT 3A,Economizer,57,2025,2025-06-15,4.8,4.01,2.8,307,166.5,61.11,Watch
UNIT 3A,Economizer,58,2021,2021-06-15,4.8,4.77,2.8,326,169.7,2.64,Safe
UNIT 3A,Economizer,58,2022,2022-06-15,4.8,4.75,2.8,326,169.7,4.09,Safe
UNIT 3A,Economizer,58,2023,2023-06-15,4.8,4.72,2.8,326,169.7,5.62,Safe
UNIT 3A,Economizer,58,2024,2024-06-15,4.8,4.72,2.8,326,169.7,6.82,Safe
UNIT 3A,Economizer,58,2025,2025-06-15,4.8,4.7,2.8,326,169.7,8.28,Safe
UNIT 3A,Economizer,59,2021,2021-06-15,4.8,4.42,2.8,328,166.2,31.97,Safe
UNIT 3A,Economizer,59,2022,2022-06-15,4.8,4.26,2.8,328,166.2,39.72,Safe
UNIT 3A,Economizer,59,2023,2023-06-15,4.8,4.27,2.8,328,166.2,47.42,Watch
UNIT 3A,Economizer,59,2024,2024-06-15,4.8,4.07,2.8,328,166.2,53.52,Watch
UNIT 3A,Economizer,59,2025,2025-06-15,4.8,4.08,2.8,328,166.2,61.1,Watch
UNIT 3A,Economizer,60,2021,2021-06-15,4.8,4.71,2.8,327,168.9,6.4,Safe
UNIT 3A,Economizer,60,2022,2022-06-15,4.8,4.67,2.8,327,168.9,9.74,Safe
UNIT 3A,Economizer,60,2023,2023-06-15,4.8,4.63,2.8,327,168.9,12.4,Safe
UNIT 3A,Economizer,60,2024,2024-06-15,4.8,4.6,2.8,327,168.9,15.49,Safe
UNIT 3A,Economizer,60,2025,2025-06-15,4.8,4.54,2.8,327,168.9,18.28,Safe
UNIT 3A,Economizer,61,2021,2021-06-15,4.8,4.48,2.8,305,157.5,24.44,Safe
UNIT 3A,Economizer,61,2022,2022-06-15,4.8,4.34,2.8,305,157.5,33.36,Safe
UNIT 3A,Economizer,61,2023,2023-06-15,4.8,4.21,2.8,305,157.5,44.48,Watch
UNIT 3A,Economizer,61,2024,2024-06-15,4.8,3.97,2.8,305,157.5,55.89,Watch
UNIT 3A,Economizer,61,2025,2025-06-15,4.8,4.05,2.8,305,157.5,65.94,Watch
UNIT 3A,Economizer,62,2021,2021-06-15,4.8,4.27,2.8,285,165.3,38.49,Safe
UNIT 3A,Economizer,62,2022,2022-06-15,4.8,4.19,2.8,285,165.3,52.53,Watch
UNIT 3A,Economizer,62,2023,2023-06-15,4.8,3.98,2.8,285,165.3,65.26,Watch
UNIT 3A,Economizer,62,2024,2024-06-15,4.8,3.7,2.8,285,165.3,80.18,Critical
UNIT 3A,Economizer,62,2025,2025-06-15,4.8,3.51,2.8,285,165.3,94.38,Critical
UNIT 3A,Economizer,63,2021,2021-06-15,4.8,4.49,2.8,311,159.8,21.68,Safe
UNIT 3A,Economizer,63,2022,2022-06-15,4.8,4.48,2.8,311,159.8,28.14,Safe
UNIT 3A,Economizer,63,2023,2023-06-15,4.8,4.38,2.8,311,159.8,34.63,Safe
UNIT 3A,Economizer,63,2024,2024-06-15,4.8,4.34,2.8,311,159.8,41.28,Watch
UNIT 3A,Economizer,63,2025,2025-06-15,4.8,4.08,2.8,311,159.8,48.09,Watch
UNIT 3A,Economizer,64,2021,2021-06-15,4.8,4.51,2.8,283,163.4,22.75,Safe
UNIT 3A,Economizer,64,2022,2022-06-15,4.8,4.33,2.8,283,163.4,32.25,Safe
UNIT 3A,Economizer,64,2023,2023-06-15,4.8,4.31,2.8,283,163.4,41.27,Watch
UNIT 3A,Economizer,64,2024,2024-06-15,4.8,4.19,2.8,283,163.4,49.69,Watch
UNIT 3A,Economizer,64,2025,2025-06-15,4.8,4.14,2.8,283,163.4,58.93,Watch
UNIT 3A,Economizer,65,2021,2021-06-15,4.8,4.48,2.8,330,165.1,23.88,Safe
UNIT 3A,Economizer,65,2022,2022-06-15,4.8,4.45,2.8,330,165.1,31.65,Safe
UNIT 3A,Economizer,65,2023,2023-06-15,4.8,4.27,2.8,330,165.1,40.98,Watch
UNIT 3A,Economizer,65,2024,2024-06-15,4.8,4.16,2.8,330,165.1,49.7,Watch
UNIT 3A,Economizer,65,2025,2025-06-15,4.8,4.01,2.8,330,165.1,58.43,Watch
UNIT 3A,Economizer,66,2021,2021-06-15,4.8,4.24,2.8,298,156.4,40.03,Watch
UNIT 3A,Economizer,66,2022,2022-06-15,4.8,4.22,2.8,298,156.4,51.76,Watch
UNIT 3A,Economizer,66,2023,2023-06-15,4.8,3.85,2.8,298,156.4,65.65,Watch
UNIT 3A,Economizer,66,2024,2024-06-15,4.8,3.74,2.8,298,156.4,77.39,Watch
UNIT 3A,Economizer,66,2025,2025-06-15,4.8,3.57,2.8,298,156.4,88.23,Critical
UNIT 3A,Economizer,67,2021,2021-06-15,4.8,4.77,2.8,315,155.6,2.81,Safe
UNIT 3A,Economizer,67,2022,2022-06-15,4.8,4.74,2.8,315,155.6,4.43,Safe
UNIT 3A,Economizer,67,2023,2023-06-15,4.8,4.72,2.8,315,155.6,5.85,Safe
UNIT 3A,Economizer,67,2024,2024-06-15,4.8,4.7,2.8,315,155.6,7.45,Safe
UNIT 3A,Economizer,67,2025,2025-06-15,4.8,4.68,2.8,315,155.6,9.32,Safe
UNIT 3A,Economizer,68,2021,2021-06-15,4.8,4.71,2.8,322,168.3,6.34,Safe
UNIT 3A,Economizer,68,2022,2022-06-15,4.8,4.7,2.8,322,168.3,7.55,Safe
UNIT 3A,Economizer,68,2023,2023-06-15,4.8,4.7,2.8,322,168.3,8.66,Safe
UNIT 3A,Economizer,68,2024,2024-06-15,4.8,4.67,2.8,322,168.3,9.87,Safe
UNIT 3A,Economizer,68,2025,2025-06-15,4.8,4.65,2.8,322,168.3,10.85,Safe
UNIT 3A,Economizer,69,2021,2021-06-15,4.8,4.7,2.8,304,162.8,7.02,Safe
UNIT 3A,Economizer,69,2022,2022-06-15,4.8,4.7,2.8,304,162.8,9.22,Safe
UNIT 3A,Economizer,69,2023,2023-06-15,4.8,4.62,2.8,304,162.8,12.07,Safe
UNIT 3A,Economizer,69,2024,2024-06-15,4.8,4.63,2.8,304,162.8,14.91,Safe
UNIT 3A,Economizer,69,2025,2025-06-15,4.8,4.55,2.8,304,162.8,17.23,Safe
UNIT 3A,Economizer,70,2021,2021-06-15,4.8,4.31,2.8,307,168.2,37.46,Safe
UNIT 3A,Economizer,70,2022,2022-06-15,4.8,4.16,2.8,307,168.2,48.86,Watch
UNIT 3A,Economizer,70,2023,2023-06-15,4.8,3.97,2.8,307,168.2,59.6,Watch
UNIT 3A,Economizer,70,2024,2024-06-15,4.8,3.83,2.8,307,168.2,72.19,Watch
UNIT 3A,Economizer,70,2025,2025-06-15,4.8,3.78,2.8,307,168.2,84.13,Critical
UNIT 3A,Economizer,71,2021,2021-06-15,4.8,4.22,2.8,322,160.6,38.66,Safe
UNIT 3A,Economizer,71,2022,2022-06-15,4.8,4.17,2.8,322,160.6,55.68,Watch
UNIT 3A,Economizer,71,2023,2023-06-15,4.8,3.87,2.8,322,160.6,71.82,Watch
UNIT 3A,Economizer,71,2024,2024-06-15,4.8,3.47,2.8,322,160.6,88.82,Critical
UNIT 3A,Economizer,71,2025,2025-06-15,4.8,3.36,2.8,322,160.6,99.5,Critical
UNIT 3A,Economizer,72,2021,2021-06-15,4.8,4.42,2.8,305,158.4,28.99,Safe
UNIT 3A,Economizer,72,2022,2022-06-15,4.8,4.36,2.8,305,158.4,37.01,Safe
UNIT 3A,Economizer,72,2023,2023-06-15,4.8,4.25,2.8,305,158.4,47.13,Watch
UNIT 3A,Economizer,72,2024,2024-06-15,4.8,4.09,2.8,305,158.4,57.05,Watch
UNIT 3A,Economizer,72,2025,2025-06-15,4.8,3.83,2.8,305,158.4,66.57,Watch
UNIT 3A,Economizer,73,2021,2021-06-15,4.8,4.76,2.8,330,166.7,2.89,Safe
UNIT 3A,Economizer,73,2022,2022-06-15,4.8,4.75,2.8,330,166.7,4.37,Safe
UNIT 3A,Economizer,73,2023,2023-06-15,4.8,4.72,2.8,330,166.7,5.65,Safe
UNIT 3A,Economizer,73,2024,2024-06-15,4.8,4.7,2.8,330,166.7,7.05,Safe
UNIT 3A,Economizer,73,2025,2025-06-15,4.8,4.68,2.8,330,166.7,8.47,Safe
UNIT 3A,Economizer,74,2021,2021-06-15,4.8,4.46,2.8,317,161.6,23.6,Safe
UNIT 3A,Economizer,74,2022,2022-06-15,4.8,4.4,2.8,317,161.6,33.11,Safe
UNIT 3A,Economizer,74,2023,2023-06-15,4.8,4.15,2.8,317,161.6,43.66,Watch
UNIT 3A,Economizer,74,2024,2024-06-15,4.8,4.07,2.8,317,161.6,52.58,Watch
UNIT 3A,Economizer,74,2025,2025-06-15,4.8,4.01,2.8,317,161.6,62.7,Watch
UNIT 3A,Economizer,75,2021,2021-06-15,4.8,4.73,2.8,314,167.2,5.95,Safe
UNIT 3A,Economizer,75,2022,2022-06-15,4.8,4.68,2.8,314,167.2,8.72,Safe
UNIT 3A,Economizer,75,2023,2023-06-15,4.8,4.65,2.8,314,167.2,10.96,Safe
UNIT 3A,Economizer,75,2024,2024-06-15,4.8,4.64,2.8,314,167.2,13.71,Safe
UNIT 3A,Economizer,75,2025,2025-06-15,4.8,4.59,2.8,314,167.2,16.21,Safe
UNIT 3A,Economizer,76,2021,2021-06-15,4.8,4.72,2.8,330,166.7,6.17,Safe
UNIT 3A,Economizer,76,2022,2022-06-15,4.8,4.71,2.8,330,166.7,7.36,Safe
UNIT 3A,Economizer,76,2023,2023-06-15,4.8,4.69,2.8,330,166.7,8.42,Safe
UNIT 3A,Economizer,76,2024,2024-06-15,4.8,4.66,2.8,330,166.7,9.5,Safe
UNIT 3A,Economizer,76,2025,2025-06-15,4.8,4.68,2.8,330,166.7,10.71,Safe
UNIT 3A,Economizer,77,2021,2021-06-15,4.8,4.73,2.8,282,169,5.76,Safe
UNIT 3A,Economizer,77,2022,2022-06-15,4.8,4.7,2.8,282,169,7.16,Safe
UNIT 3A,Economizer,77,2023,2023-06-15,4.8,4.68,2.8,282,169,8.52,Safe
UNIT 3A,Economizer,77,2024,2024-06-15,4.8,4.69,2.8,282,169,9.72,Safe
UNIT 3A,Economizer,77,2025,2025-06-15,4.8,4.65,2.8,282,169,11,Safe
UNIT 3A,Economizer,78,2021,2021-06-15,4.8,4.45,2.8,284,156.1,29.83,Safe
UNIT 3A,Economizer,78,2022,2022-06-15,4.8,4.35,2.8,284,156.1,39.3,Safe
UNIT 3A,Economizer,78,2023,2023-06-15,4.8,4.15,2.8,284,156.1,49.98,Watch
UNIT 3A,Economizer,78,2024,2024-06-15,4.8,3.97,2.8,284,156.1,59.62,Watch
UNIT 3A,Economizer,78,2025,2025-06-15,4.8,3.8,2.8,284,156.1,68.91,Watch
UNIT 3A,Economizer,79,2021,2021-06-15,4.8,4.46,2.8,318,161.5,23.11,Safe
UNIT 3A,Economizer,79,2022,2022-06-15,4.8,4.37,2.8,318,161.5,33.01,Safe
UNIT 3A,Economizer,79,2023,2023-06-15,4.8,4.24,2.8,318,161.5,42.27,Watch
UNIT 3A,Economizer,79,2024,2024-06-15,4.8,4.06,2.8,318,161.5,49.87,Watch
UNIT 3A,Economizer,79,2025,2025-06-15,4.8,3.95,2.8,318,161.5,58.42,Watch
UNIT 3A,Economizer,80,2021,2021-06-15,4.8,4.49,2.8,330,157.5,22.35,Safe
UNIT 3A,Economizer,80,2022,2022-06-15,4.8,4.36,2.8,330,157.5,29.37,Safe
UNIT 3A,Economizer,80,2023,2023-06-15,4.8,4.32,2.8,330,157.5,37.41,Safe
UNIT 3A,Economizer,80,2024,2024-06-15,4.8,4.29,2.8,330,157.5,45.09,Watch
UNIT 3A,Economizer,80,2025,2025-06-15,4.8,4.14,2.8,330,157.5,53.47,Watch
UNIT 3A,Economizer,81,2021,2021-06-15,4.8,4.75,2.8,302,158.6,3.69,Safe
UNIT 3A,Economizer,81,2022,2022-06-15,4.8,4.74,2.8,302,158.6,4.78,Safe
UNIT 3A,Economizer,81,2023,2023-06-15,4.8,4.72,2.8,302,158.6,6.07,Safe
UNIT 3A,Economizer,81,2024,2024-06-15,4.8,4.69,2.8,302,158.6,7.52,Safe
UNIT 3A,Economizer,81,2025,2025-06-15,4.8,4.68,2.8,302,158.6,8.89,Safe
UNIT 3A,Economizer,82,2021,2021-06-15,4.8,4.46,2.8,295,159.8,25.17,Safe
UNIT 3A,Economizer,82,2022,2022-06-15,4.8,4.33,2.8,295,159.8,35.7,Safe
UNIT 3A,Economizer,82,2023,2023-06-15,4.8,4.15,2.8,295,159.8,44.46,Watch
UNIT 3A,Economizer,82,2024,2024-06-15,4.8,4.01,2.8,295,159.8,53.11,Watch
UNIT 3A,Economizer,82,2025,2025-06-15,4.8,3.87,2.8,295,159.8,62.73,Watch
UNIT 3A,Economizer,83,2021,2021-06-15,4.8,4.52,2.8,319,160.3,21.08,Safe
UNIT 3A,Economizer,83,2022,2022-06-15,4.8,4.42,2.8,319,160.3,29.35,Safe
UNIT 3A,Economizer,83,2023,2023-06-15,4.8,4.22,2.8,319,160.3,40.43,Watch
UNIT 3A,Economizer,83,2024,2024-06-15,4.8,4.15,2.8,319,160.3,49.36,Watch
UNIT 3A,Economizer,83,2025,2025-06-15,4.8,4.1,2.8,319,160.3,58.1,Watch
UNIT 3A,Economizer,84,2021,2021-06-15,4.8,4.78,2.8,284,160.8,1.7,Safe
UNIT 3A,Economizer,84,2022,2022-06-15,4.8,4.77,2.8,284,160.8,2.87,Safe
UNIT 3A,Economizer,84,2023,2023-06-15,4.8,4.75,2.8,284,160.8,4.17,Safe
UNIT 3A,Economizer,84,2024,2024-06-15,4.8,4.72,2.8,284,160.8,5.64,Safe
UNIT 3A,Economizer,84,2025,2025-06-15,4.8,4.71,2.8,284,160.8,6.99,Safe
UNIT 3A,Economizer,85,2021,2021-06-15,4.8,4.51,2.8,315,157.1,20.59,Safe
UNIT 3A,Economizer,85,2022,2022-06-15,4.8,4.38,2.8,315,157.1,29.19,Safe
UNIT 3A,Economizer,85,2023,2023-06-15,4.8,4.36,2.8,315,157.1,39.49,Safe
UNIT 3A,Economizer,85,2024,2024-06-15,4.8,4.23,2.8,315,157.1,50.36,Watch
UNIT 3A,Economizer,85,2025,2025-06-15,4.8,4.05,2.8,315,157.1,60.53,Watch
UNIT 3A,Economizer,86,2021,2021-06-15,4.8,4.72,2.8,327,168.7,6.06,Safe
UNIT 3A,Economizer,86,2022,2022-06-15,4.8,4.7,2.8,327,168.7,7.79,Safe
UNIT 3A,Economizer,86,2023,2023-06-15,4.8,4.68,2.8,327,168.7,9.46,Safe
UNIT 3A,Economizer,86,2024,2024-06-15,4.8,4.64,2.8,327,168.7,11.14,Safe
UNIT 3A,Economizer,86,2025,2025-06-15,4.8,4.62,2.8,327,168.7,13.03,Safe
UNIT 3A,Economizer,87,2021,2021-06-15,4.8,4.21,2.8,329,169,44.63,Watch
UNIT 3A,Economizer,87,2022,2022-06-15,4.8,4.07,2.8,329,169,52.87,Watch
UNIT 3A,Economizer,87,2023,2023-06-15,4.8,4.1,2.8,329,169,62.42,Watch
UNIT 3A,Economizer,87,2024,2024-06-15,4.8,3.95,2.8,329,169,71.95,Watch
UNIT 3A,Economizer,87,2025,2025-06-15,4.8,3.91,2.8,329,169,80.3,Critical
UNIT 3A,Economizer,88,2021,2021-06-15,4.8,4.72,2.8,307,166.4,6.34,Safe
UNIT 3A,Economizer,88,2022,2022-06-15,4.8,4.71,2.8,307,166.4,7.48,Safe
UNIT 3A,Economizer,88,2023,2023-06-15,4.8,4.67,2.8,307,166.4,8.65,Safe
UNIT 3A,Economizer,88,2024,2024-06-15,4.8,4.69,2.8,307,166.4,10.09,Safe
UNIT 3A,Economizer,88,2025,2025-06-15,4.8,4.66,2.8,307,166.4,11.4,Safe
UNIT 3A,Economizer,89,2021,2021-06-15,4.8,4.37,2.8,324,159.9,34.04,Safe
UNIT 3A,Economizer,89,2022,2022-06-15,4.8,4.21,2.8,324,159.9,45.19,Watch
UNIT 3A,Economizer,89,2023,2023-06-15,4.8,4.07,2.8,324,159.9,56.01,Watch
UNIT 3A,Economizer,89,2024,2024-06-15,4.8,3.8,2.8,324,159.9,66.99,Watch
UNIT 3A,Economizer,89,2025,2025-06-15,4.8,3.78,2.8,324,159.9,76.78,Watch
UNIT 3A,Economizer,90,2021,2021-06-15,4.8,4.19,2.8,291,166.4,40.74,Watch
UNIT 3A,Economizer,90,2022,2022-06-15,4.8,4.17,2.8,291,166.4,52.35,Watch
UNIT 3A,Economizer,90,2023,2023-06-15,4.8,4.03,2.8,291,166.4,64.99,Watch
UNIT 3A,Economizer,90,2024,2024-06-15,4.8,3.7,2.8,291,166.4,76.65,Watch
UNIT 3A,Economizer,90,2025,2025-06-15,4.8,3.64,2.8,291,166.4,87.94,Critical
UNIT 3A,Economizer,91,2021,2021-06-15,4.8,4.18,2.8,330,160,47.78,Watch
UNIT 3A,Economizer,91,2022,2022-06-15,4.8,4.15,2.8,330,160,56.82,Watch
UNIT 3A,Economizer,91,2023,2023-06-15,4.8,3.95,2.8,330,160,65.36,Watch
UNIT 3A,Economizer,91,2024,2024-06-15,4.8,3.74,2.8,330,160,74.58,Watch
UNIT 3A,Economizer,91,2025,2025-06-15,4.8,3.57,2.8,330,160,83.44,Critical
UNIT 3A,Economizer,92,2021,2021-06-15,4.8,4.42,2.8,289,159.8,30.09,Safe
UNIT 3A,Economizer,92,2022,2022-06-15,4.8,4.33,2.8,289,159.8,41.44,Watch
UNIT 3A,Economizer,92,2023,2023-06-15,4.8,4.13,2.8,289,159.8,51.1,Watch
UNIT 3A,Economizer,92,2024,2024-06-15,4.8,3.97,2.8,289,159.8,62.42,Watch
UNIT 3A,Economizer,92,2025,2025-06-15,4.8,3.72,2.8,289,159.8,72.68,Watch
UNIT 3A,Economizer,93,2021,2021-06-15,4.8,4.39,2.8,287,163.1,34.03,Safe
UNIT 3A,Economizer,93,2022,2022-06-15,4.8,4.09,2.8,287,163.1,48.68,Watch
UNIT 3A,Economizer,93,2023,2023-06-15,4.8,4.11,2.8,287,163.1,63.02,Watch
UNIT 3A,Economizer,93,2024,2024-06-15,4.8,3.78,2.8,287,163.1,75.56,Watch
UNIT 3A,Economizer,93,2025,2025-06-15,4.8,3.66,2.8,287,163.1,90.79,Critical
UNIT 3A,Economizer,94,2021,2021-06-15,4.8,4.79,2.8,317,161.1,0.59,Safe
UNIT 3A,Economizer,94,2022,2022-06-15,4.8,4.77,2.8,317,161.1,2.27,Safe
UNIT 3A,Economizer,94,2023,2023-06-15,4.8,4.75,2.8,317,161.1,3.61,Safe
UNIT 3A,Economizer,94,2024,2024-06-15,4.8,4.73,2.8,317,161.1,4.98,Safe
UNIT 3A,Economizer,94,2025,2025-06-15,4.8,4.71,2.8,317,161.1,6.38,Safe
UNIT 3A,Economizer,95,2021,2021-06-15,4.8,4.71,2.8,305,160,6.8,Safe
UNIT 3A,Economizer,95,2022,2022-06-15,4.8,4.69,2.8,305,160,7.72,Safe
UNIT 3A,Economizer,95,2023,2023-06-15,4.8,4.69,2.8,305,160,8.68,Safe
UNIT 3A,Economizer,95,2024,2024-06-15,4.8,4.69,2.8,305,160,9.61,Safe
UNIT 3A,Economizer,95,2025,2025-06-15,4.8,4.65,2.8,305,160,10.48,Safe
UNIT 3A,Economizer,96,2021,2021-06-15,4.8,4.77,2.8,316,166.1,3.04,Safe
UNIT 3A,Economizer,96,2022,2022-06-15,4.8,4.72,2.8,316,166.1,5.24,Safe
UNIT 3A,Economizer,96,2023,2023-06-15,4.8,4.69,2.8,316,166.1,7.38,Safe
UNIT 3A,Economizer,96,2024,2024-06-15,4.8,4.68,2.8,316,166.1,9.31,Safe
UNIT 3A,Economizer,96,2025,2025-06-15,4.8,4.66,2.8,316,166.1,11.41,Safe
UNIT 3A,Economizer,97,2021,2021-06-15,4.8,4.44,2.8,301,162.4,26.49,Safe
UNIT 3A,Economizer,97,2022,2022-06-15,4.8,4.32,2.8,301,162.4,37.79,Safe
UNIT 3A,Economizer,97,2023,2023-06-15,4.8,4.27,2.8,301,162.4,46.97,Watch
UNIT 3A,Economizer,97,2024,2024-06-15,4.8,4.03,2.8,301,162.4,57.25,Watch
UNIT 3A,Economizer,97,2025,2025-06-15,4.8,4.05,2.8,301,162.4,67.63,Watch
UNIT 3A,Economizer,98,2021,2021-06-15,4.8,4.31,2.8,323,156.7,43.13,Watch
UNIT 3A,Economizer,98,2022,2022-06-15,4.8,3.99,2.8,323,156.7,56.85,Watch
UNIT 3A,Economizer,98,2023,2023-06-15,4.8,3.81,2.8,323,156.7,73.14,Watch
UNIT 3A,Economizer,98,2024,2024-06-15,4.8,3.51,2.8,323,156.7,89.05,Critical
UNIT 3A,Economizer,98,2025,2025-06-15,4.8,3.58,2.8,323,156.7,99.5,Critical
UNIT 3A,Economizer,99,2021,2021-06-15,4.8,4.74,2.8,312,157.7,4.38,Safe
UNIT 3A,Economizer,99,2022,2022-06-15,4.8,4.7,2.8,312,157.7,6.48,Safe
UNIT 3A,Economizer,99,2023,2023-06-15,4.8,4.69,2.8,312,157.7,8.29,Safe
UNIT 3A,Economizer,99,2024,2024-06-15,4.8,4.65,2.8,312,157.7,10.56,Safe
UNIT 3A,Economizer,99,2025,2025-06-15,4.8,4.65,2.8,312,157.7,12.65,Safe
UNIT 3A,Economizer,100,2021,2021-06-15,4.8,4.3,2.8,321,167.1,36.08,Safe
UNIT 3A,Economizer,100,2022,2022-06-15,4.8,4.23,2.8,321,167.1,48.87,Watch
UNIT 3A,Economizer,100,2023,2023-06-15,4.8,3.96,2.8,321,167.1,59.83,Watch
UNIT 3A,Economizer,100,2024,2024-06-15,4.8,3.99,2.8,321,167.1,70.27,Watch
UNIT 3A,Economizer,100,2025,2025-06-15,4.8,3.84,2.8,321,167.1,81.49,Critical
UNIT 3A,Economizer,101,2021,2021-06-15,4.8,4.19,2.8,313,163.5,46.01,Watch
UNIT 3A,Economizer,101,2022,2022-06-15,4.8,4.05,2.8,313,163.5,57.3,Watch
UNIT 3A,Economizer,101,2023,2023-06-15,4.8,4.05,2.8,313,163.5,66.87,Watch
UNIT 3A,Economizer,101,2024,2024-06-15,4.8,3.64,2.8,313,163.5,78.1,Watch
UNIT 3A,Economizer,101,2025,2025-06-15,4.8,3.65,2.8,313,163.5,88.98,Critical
UNIT 3A,Economizer,102,2021,2021-06-15,4.8,4.75,2.8,282,168.5,4.04,Safe
UNIT 3A,Economizer,102,2022,2022-06-15,4.8,4.71,2.8,282,168.5,6.65,Safe
UNIT 3A,Economizer,102,2023,2023-06-15,4.8,4.67,2.8,282,168.5,9.07,Safe
UNIT 3A,Economizer,102,2024,2024-06-15,4.8,4.64,2.8,282,168.5,11.93,Safe
UNIT 3A,Economizer,102,2025,2025-06-15,4.8,4.6,2.8,282,168.5,14.22,Safe
UNIT 3A,Economizer,103,2021,2021-06-15,4.8,4.71,2.8,298,156.4,6.46,Safe
UNIT 3A,Economizer,103,2022,2022-06-15,4.8,4.71,2.8,298,156.4,7.56,Safe
UNIT 3A,Economizer,103,2023,2023-06-15,4.8,4.69,2.8,298,156.4,8.47,Safe
UNIT 3A,Economizer,103,2024,2024-06-15,4.8,4.68,2.8,298,156.4,9.56,Safe
UNIT 3A,Economizer,103,2025,2025-06-15,4.8,4.67,2.8,298,156.4,10.45,Safe
UNIT 3A,Economizer,104,2021,2021-06-15,4.8,4.52,2.8,328,166.7,20.3,Safe
UNIT 3A,Economizer,104,2022,2022-06-15,4.8,4.45,2.8,328,166.7,30.32,Safe
UNIT 3A,Economizer,104,2023,2023-06-15,4.8,4.24,2.8,328,166.7,39.62,Safe
UNIT 3A,Economizer,104,2024,2024-06-15,4.8,4.24,2.8,328,166.7,48.69,Watch
UNIT 3A,Economizer,104,2025,2025-06-15,4.8,4.04,2.8,328,166.7,56.62,Watch
UNIT 3A,Economizer,105,2021,2021-06-15,4.8,4.73,2.8,292,165.4,5.79,Safe
UNIT 3A,Economizer,105,2022,2022-06-15,4.8,4.68,2.8,292,165.4,8.09,Safe
UNIT 3A,Economizer,105,2023,2023-06-15,4.8,4.64,2.8,292,165.4,10.61,Safe
UNIT 3A,Economizer,105,2024,2024-06-15,4.8,4.65,2.8,292,165.4,12.95,Safe
UNIT 3A,Economizer,105,2025,2025-06-15,4.8,4.57,2.8,292,165.4,15.8,Safe
UNIT 3A,Economizer,106,2021,2021-06-15,4.8,4.47,2.8,330,168.8,27.76,Safe
UNIT 3A,Economizer,106,2022,2022-06-15,4.8,4.38,2.8,330,168.8,36.03,Safe
UNIT 3A,Economizer,106,2023,2023-06-15,4.8,4.29,2.8,330,168.8,44.65,Watch
UNIT 3A,Economizer,106,2024,2024-06-15,4.8,4.19,2.8,330,168.8,53.88,Watch
UNIT 3A,Economizer,106,2025,2025-06-15,4.8,3.92,2.8,330,168.8,62.35,Watch
UNIT 3A,Economizer,107,2021,2021-06-15,4.8,4.48,2.8,308,163.7,27.57,Safe
UNIT 3A,Economizer,107,2022,2022-06-15,4.8,4.36,2.8,308,163.7,37.58,Safe
UNIT 3A,Economizer,107,2023,2023-06-15,4.8,4.12,2.8,308,163.7,46.64,Watch
UNIT 3A,Economizer,107,2024,2024-06-15,4.8,4.14,2.8,308,163.7,56.62,Watch
UNIT 3A,Economizer,107,2025,2025-06-15,4.8,3.93,2.8,308,163.7,64.81,Watch
UNIT 3A,Economizer,108,2021,2021-06-15,4.8,4.77,2.8,316,161.2,2.13,Safe
UNIT 3A,Economizer,108,2022,2022-06-15,4.8,4.75,2.8,316,161.2,4.24,Safe
UNIT 3A,Economizer,108,2023,2023-06-15,4.8,4.73,2.8,316,161.2,5.96,Safe
UNIT 3A,Economizer,108,2024,2024-06-15,4.8,4.69,2.8,316,161.2,7.99,Safe
UNIT 3A,Economizer,108,2025,2025-06-15,4.8,4.65,2.8,316,161.2,10.16,Safe
UNIT 3A,Economizer,109,2021,2021-06-15,4.8,4.74,2.8,307,166.5,4.48,Safe
UNIT 3A,Economizer,109,2022,2022-06-15,4.8,4.72,2.8,307,166.5,5.77,Safe
UNIT 3A,Economizer,109,2023,2023-06-15,4.8,4.69,2.8,307,166.5,7.3,Safe
UNIT 3A,Economizer,109,2024,2024-06-15,4.8,4.67,2.8,307,166.5,8.66,Safe
UNIT 3A,Economizer,109,2025,2025-06-15,4.8,4.66,2.8,307,166.5,10.16,Safe
UNIT 3A,Economizer,110,2021,2021-06-15,4.8,4.74,2.8,307,170,4.68,Safe
UNIT 3A,Economizer,110,2022,2022-06-15,4.8,4.71,2.8,307,170,7.27,Safe
UNIT 3A,Economizer,110,2023,2023-06-15,4.8,4.68,2.8,307,170,9.72,Safe
UNIT 3A,Economizer,110,2024,2024-06-15,4.8,4.65,2.8,307,170,12.08,Safe
UNIT 3A,Economizer,110,2025,2025-06-15,4.8,4.64,2.8,307,170,14.23,Safe
UNIT 3A,Economizer,111,2021,2021-06-15,4.8,4.49,2.8,282,155.7,20.98,Safe
UNIT 3A,Economizer,111,2022,2022-06-15,4.8,4.45,2.8,282,155.7,27.7,Safe
UNIT 3A,Economizer,111,2023,2023-06-15,4.8,4.41,2.8,282,155.7,34.35,Safe
UNIT 3A,Economizer,111,2024,2024-06-15,4.8,4.19,2.8,282,155.7,41.33,Watch
UNIT 3A,Economizer,111,2025,2025-06-15,4.8,4.25,2.8,282,155.7,47.19,Watch
UNIT 3A,Economizer,112,2021,2021-06-15,4.8,4.47,2.8,289,164.3,28.05,Safe
UNIT 3A,Economizer,112,2022,2022-06-15,4.8,4.39,2.8,289,164.3,35.73,Safe
UNIT 3A,Economizer,112,2023,2023-06-15,4.8,4.21,2.8,289,164.3,42.38,Watch
UNIT 3A,Economizer,112,2024,2024-06-15,4.8,4.14,2.8,289,164.3,49.63,Watch
UNIT 3A,Economizer,112,2025,2025-06-15,4.8,4.03,2.8,289,164.3,57.02,Watch
UNIT 3A,Economizer,113,2021,2021-06-15,4.8,4.73,2.8,314,166.4,6.13,Safe
UNIT 3A,Economizer,113,2022,2022-06-15,4.8,4.69,2.8,314,166.4,7.8,Safe
UNIT 3A,Economizer,113,2023,2023-06-15,4.8,4.69,2.8,314,166.4,9.55,Safe
UNIT 3A,Economizer,113,2024,2024-06-15,4.8,4.64,2.8,314,166.4,11.2,Safe
UNIT 3A,Economizer,113,2025,2025-06-15,4.8,4.63,2.8,314,166.4,13.14,Safe
UNIT 3A,Economizer,114,2021,2021-06-15,4.8,4.22,2.8,293,156.1,39.84,Safe
UNIT 3A,Economizer,114,2022,2022-06-15,4.8,4.15,2.8,293,156.1,51.54,Watch
UNIT 3A,Economizer,114,2023,2023-06-15,4.8,4.1,2.8,293,156.1,62.74,Watch
UNIT 3A,Economizer,114,2024,2024-06-15,4.8,3.84,2.8,293,156.1,74.37,Watch
UNIT 3A,Economizer,114,2025,2025-06-15,4.8,3.64,2.8,293,156.1,85.4,Critical
UNIT 3A,Economizer,115,2021,2021-06-15,4.8,4.76,2.8,318,168,2.91,Safe
UNIT 3A,Economizer,115,2022,2022-06-15,4.8,4.72,2.8,318,168,5.61,Safe
UNIT 3A,Economizer,115,2023,2023-06-15,4.8,4.68,2.8,318,168,8.43,Safe
UNIT 3A,Economizer,115,2024,2024-06-15,4.8,4.66,2.8,318,168,11.15,Safe
UNIT 3A,Economizer,115,2025,2025-06-15,4.8,4.64,2.8,318,168,13.52,Safe
UNIT 3A,Economizer,116,2021,2021-06-15,4.8,4.5,2.8,300,155.3,23.4,Safe
UNIT 3A,Economizer,116,2022,2022-06-15,4.8,4.4,2.8,300,155.3,32.08,Safe
UNIT 3A,Economizer,116,2023,2023-06-15,4.8,4.32,2.8,300,155.3,41.08,Watch
UNIT 3A,Economizer,116,2024,2024-06-15,4.8,4.09,2.8,300,155.3,48.38,Watch
UNIT 3A,Economizer,116,2025,2025-06-15,4.8,4.07,2.8,300,155.3,57.74,Watch
UNIT 3A,Economizer,117,2021,2021-06-15,4.8,4.79,2.8,313,157,0.94,Safe
UNIT 3A,Economizer,117,2022,2022-06-15,4.8,4.76,2.8,313,157,2.96,Safe
UNIT 3A,Economizer,117,2023,2023-06-15,4.8,4.75,2.8,313,157,4.73,Safe
UNIT 3A,Economizer,117,2024,2024-06-15,4.8,4.7,2.8,313,157,6.84,Safe
UNIT 3A,Economizer,117,2025,2025-06-15,4.8,4.68,2.8,313,157,8.83,Safe
UNIT 3A,Economizer,118,2021,2021-06-15,4.8,4.79,2.8,285,162.3,0.7,Safe
UNIT 3A,Economizer,118,2022,2022-06-15,4.8,4.77,2.8,285,162.3,2.23,Safe
UNIT 3A,Economizer,118,2023,2023-06-15,4.8,4.74,2.8,285,162.3,4.19,Safe
UNIT 3A,Economizer,118,2024,2024-06-15,4.8,4.73,2.8,285,162.3,5.95,Safe
UNIT 3A,Economizer,118,2025,2025-06-15,4.8,4.71,2.8,285,162.3,7.9,Safe
UNIT 3A,Economizer,119,2021,2021-06-15,4.8,4.39,2.8,310,161.9,27.55,Safe
UNIT 3A,Economizer,119,2022,2022-06-15,4.8,4.32,2.8,310,161.9,36.13,Safe
UNIT 3A,Economizer,119,2023,2023-06-15,4.8,4.29,2.8,310,161.9,43.65,Watch
UNIT 3A,Economizer,119,2024,2024-06-15,4.8,4.08,2.8,310,161.9,52.18,Watch
UNIT 3A,Economizer,119,2025,2025-06-15,4.8,4.03,2.8,310,161.9,59.78,Watch
UNIT 3A,Economizer,120,2021,2021-06-15,4.8,4.78,2.8,322,159.8,1.13,Safe
UNIT 3A,Economizer,120,2022,2022-06-15,4.8,4.77,2.8,322,159.8,2.53,Safe
UNIT 3A,Economizer,120,2023,2023-06-15,4.8,4.75,2.8,322,159.8,3.66,Safe
UNIT 3A,Economizer,120,2024,2024-06-15,4.8,4.73,2.8,322,159.8,4.86,Safe
UNIT 3A,Economizer,120,2025,2025-06-15,4.8,4.71,2.8,322,159.8,6.15,Safe
UNIT 3A,Economizer,121,2021,2021-06-15,4.8,4.23,2.8,283,169.1,44.27,Watch
UNIT 3A,Economizer,121,2022,2022-06-15,4.8,4.04,2.8,283,169.1,58.4,Watch
UNIT 3A,Economizer,121,2023,2023-06-15,4.8,3.71,2.8,283,169.1,75.68,Watch
UNIT 3A,Economizer,121,2024,2024-06-15,4.8,3.53,2.8,283,169.1,91.42,Critical
UNIT 3A,Economizer,121,2025,2025-06-15,4.8,3.61,2.8,283,169.1,99.5,Critical
UNIT 3A,Economizer,122,2021,2021-06-15,4.8,4.72,2.8,317,163,6.09,Safe
UNIT 3A,Economizer,122,2022,2022-06-15,4.8,4.71,2.8,317,163,7.14,Safe
UNIT 3A,Economizer,122,2023,2023-06-15,4.8,4.68,2.8,317,163,8.36,Safe
UNIT 3A,Economizer,122,2024,2024-06-15,4.8,4.67,2.8,317,163,9.4,Safe
UNIT 3A,Economizer,122,2025,2025-06-15,4.8,4.65,2.8,317,163,10.66,Safe
UNIT 3A,Economizer,123,2021,2021-06-15,4.8,4.47,2.8,320,161,25.76,Safe
UNIT 3A,Economizer,123,2022,2022-06-15,4.8,4.28,2.8,320,161,35.36,Safe
UNIT 3A,Economizer,123,2023,2023-06-15,4.8,4.26,2.8,320,161,44.69,Watch
UNIT 3A,Economizer,123,2024,2024-06-15,4.8,4.13,2.8,320,161,55.6,Watch
UNIT 3A,Economizer,123,2025,2025-06-15,4.8,3.88,2.8,320,161,63.78,Watch
UNIT 3A,Economizer,124,2021,2021-06-15,4.8,4.74,2.8,291,167.5,4.35,Safe
UNIT 3A,Economizer,124,2022,2022-06-15,4.8,4.72,2.8,291,167.5,5.84,Safe
UNIT 3A,Economizer,124,2023,2023-06-15,4.8,4.72,2.8,291,167.5,7.6,Safe
UNIT 3A,Economizer,124,2024,2024-06-15,4.8,4.7,2.8,291,167.5,9.1,Safe
UNIT 3A,Economizer,124,2025,2025-06-15,4.8,4.66,2.8,291,167.5,11.02,Safe
UNIT 3A,Economizer,125,2021,2021-06-15,4.8,4.44,2.8,286,162.8,25.78,Safe
UNIT 3A,Economizer,125,2022,2022-06-15,4.8,4.33,2.8,286,162.8,35.83,Safe
UNIT 3A,Economizer,125,2023,2023-06-15,4.8,4.19,2.8,286,162.8,46.81,Watch
UNIT 3A,Economizer,125,2024,2024-06-15,4.8,4.16,2.8,286,162.8,57.62,Watch
UNIT 3A,Economizer,125,2025,2025-06-15,4.8,3.81,2.8,286,162.8,67.75,Watch
UNIT 3A,Economizer,126,2021,2021-06-15,4.8,4.7,2.8,327,160,6.48,Safe
UNIT 3A,Economizer,126,2022,2022-06-15,4.8,4.71,2.8,327,160,8.19,Safe
UNIT 3A,Economizer,126,2023,2023-06-15,4.8,4.67,2.8,327,160,10.17,Safe
UNIT 3A,Economizer,126,2024,2024-06-15,4.8,4.65,2.8,327,160,11.93,Safe
UNIT 3A,Economizer,126,2025,2025-06-15,4.8,4.61,2.8,327,160,14.04,Safe
UNIT 3A,Economizer,127,2021,2021-06-15,4.8,4.55,2.8,282,155.9,22.54,Safe
UNIT 3A,Economizer,127,2022,2022-06-15,4.8,4.37,2.8,282,155.9,30.58,Safe
UNIT 3A,Economizer,127,2023,2023-06-15,4.8,4.3,2.8,282,155.9,38.58,Safe
UNIT 3A,Economizer,127,2024,2024-06-15,4.8,4.19,2.8,282,155.9,46.61,Watch
UNIT 3A,Economizer,127,2025,2025-06-15,4.8,4.01,2.8,282,155.9,55.44,Watch
UNIT 3A,Economizer,128,2021,2021-06-15,4.8,4.41,2.8,301,169.1,29.97,Safe
UNIT 3A,Economizer,128,2022,2022-06-15,4.8,4.26,2.8,301,169.1,38.29,Safe
UNIT 3A,Economizer,128,2023,2023-06-15,4.8,4.19,2.8,301,169.1,47.85,Watch
UNIT 3A,Economizer,128,2024,2024-06-15,4.8,4.01,2.8,301,169.1,55.34,Watch
UNIT 3A,Economizer,128,2025,2025-06-15,4.8,4.06,2.8,301,169.1,64.2,Watch
UNIT 3A,Economizer,129,2021,2021-06-15,4.8,4.71,2.8,299,158.3,6.25,Safe
UNIT 3A,Economizer,129,2022,2022-06-15,4.8,4.69,2.8,299,158.3,8.38,Safe
UNIT 3A,Economizer,129,2023,2023-06-15,4.8,4.67,2.8,299,158.3,10.82,Safe
UNIT 3A,Economizer,129,2024,2024-06-15,4.8,4.65,2.8,299,158.3,13.44,Safe
UNIT 3A,Economizer,129,2025,2025-06-15,4.8,4.58,2.8,299,158.3,16.05,Safe
UNIT 3A,Economizer,130,2021,2021-06-15,4.8,4.7,2.8,287,157.8,6.41,Safe
UNIT 3A,Economizer,130,2022,2022-06-15,4.8,4.7,2.8,287,157.8,7.48,Safe
UNIT 3A,Economizer,130,2023,2023-06-15,4.8,4.69,2.8,287,157.8,8.6,Safe
UNIT 3A,Economizer,130,2024,2024-06-15,4.8,4.69,2.8,287,157.8,9.71,Safe
UNIT 3A,Economizer,130,2025,2025-06-15,4.8,4.68,2.8,287,157.8,10.79,Safe
UNIT 3A,Economizer,131,2021,2021-06-15,4.8,4.7,2.8,313,159,7.51,Safe
UNIT 3A,Economizer,131,2022,2022-06-15,4.8,4.69,2.8,313,159,8.41,Safe
UNIT 3A,Economizer,131,2023,2023-06-15,4.8,4.67,2.8,313,159,9.41,Safe
UNIT 3A,Economizer,131,2024,2024-06-15,4.8,4.65,2.8,313,159,10.44,Safe
UNIT 3A,Economizer,131,2025,2025-06-15,4.8,4.65,2.8,313,159,11.47,Safe
UNIT 3A,Economizer,132,2021,2021-06-15,4.8,4.8,2.8,313,156.9,0.2,Safe
UNIT 3A,Economizer,132,2022,2022-06-15,4.8,4.76,2.8,313,156.9,2.49,Safe
UNIT 3A,Economizer,132,2023,2023-06-15,4.8,4.74,2.8,313,156.9,5.11,Safe
UNIT 3A,Economizer,132,2024,2024-06-15,4.8,4.71,2.8,313,156.9,7.52,Safe
UNIT 3A,Economizer,132,2025,2025-06-15,4.8,4.65,2.8,313,156.9,10.22,Safe
UNIT 3A,Economizer,133,2021,2021-06-15,4.8,4.21,2.8,326,168,47.25,Watch
UNIT 3A,Economizer,133,2022,2022-06-15,4.8,4,2.8,326,168,58.12,Watch
UNIT 3A,Economizer,133,2023,2023-06-15,4.8,3.81,2.8,326,168,68.74,Watch
UNIT 3A,Economizer,133,2024,2024-06-15,4.8,3.8,2.8,326,168,81.57,Critical
UNIT 3A,Economizer,133,2025,2025-06-15,4.8,3.47,2.8,326,168,93.48,Critical
UNIT 3A,Economizer,134,2021,2021-06-15,4.8,4.49,2.8,313,168.6,22.33,Safe
UNIT 3A,Economizer,134,2022,2022-06-15,4.8,4.37,2.8,313,168.6,30.99,Safe
UNIT 3A,Economizer,134,2023,2023-06-15,4.8,4.22,2.8,313,168.6,41.3,Watch
UNIT 3A,Economizer,134,2024,2024-06-15,4.8,4.09,2.8,313,168.6,50.51,Watch
UNIT 3A,Economizer,134,2025,2025-06-15,4.8,4.04,2.8,313,168.6,61.11,Watch
UNIT 3A,Economizer,135,2021,2021-06-15,4.8,4.32,2.8,307,168.2,41.93,Watch
UNIT 3A,Economizer,135,2022,2022-06-15,4.8,4.04,2.8,307,168.2,58.56,Watch
UNIT 3A,Economizer,135,2023,2023-06-15,4.8,3.73,2.8,307,168.2,71.69,Watch
UNIT 3A,Economizer,135,2024,2024-06-15,4.8,3.75,2.8,307,168.2,88.18,Critical
UNIT 3A,Economizer,135,2025,2025-06-15,4.8,3.33,2.8,307,168.2,99.5,Critical
UNIT 3A,Economizer,136,2021,2021-06-15,4.8,4.46,2.8,303,168.7,29.05,Safe
UNIT 3A,Economizer,136,2022,2022-06-15,4.8,4.38,2.8,303,168.7,36.21,Safe
UNIT 3A,Economizer,136,2023,2023-06-15,4.8,4.21,2.8,303,168.7,43.41,Watch
UNIT 3A,Economizer,136,2024,2024-06-15,4.8,4.13,2.8,303,168.7,49.61,Watch
UNIT 3A,Economizer,136,2025,2025-06-15,4.8,4.07,2.8,303,168.7,57.15,Watch
UNIT 3A,Economizer,137,2021,2021-06-15,4.8,4.41,2.8,299,159,25.95,Safe
UNIT 3A,Economizer,137,2022,2022-06-15,4.8,4.41,2.8,299,159,32.16,Safe
UNIT 3A,Economizer,137,2023,2023-06-15,4.8,4.22,2.8,299,159,39.49,Safe
UNIT 3A,Economizer,137,2024,2024-06-15,4.8,4.29,2.8,299,159,46.27,Watch
UNIT 3A,Economizer,137,2025,2025-06-15,4.8,4.17,2.8,299,159,52.68,Watch
UNIT 3A,Economizer,138,2021,2021-06-15,4.8,4.75,2.8,307,166.4,4.3,Safe
UNIT 3A,Economizer,138,2022,2022-06-15,4.8,4.72,2.8,307,166.4,5.81,Safe
UNIT 3A,Economizer,138,2023,2023-06-15,4.8,4.72,2.8,307,166.4,7.24,Safe
UNIT 3A,Economizer,138,2024,2024-06-15,4.8,4.69,2.8,307,166.4,8.66,Safe
UNIT 3A,Economizer,138,2025,2025-06-15,4.8,4.66,2.8,307,166.4,10.38,Safe
UNIT 3A,Economizer,139,2021,2021-06-15,4.8,4.72,2.8,316,163.1,6.61,Safe
UNIT 3A,Economizer,139,2022,2022-06-15,4.8,4.71,2.8,316,163.1,7.94,Safe
UNIT 3A,Economizer,139,2023,2023-06-15,4.8,4.67,2.8,316,163.1,9.1,Safe
UNIT 3A,Economizer,139,2024,2024-06-15,4.8,4.68,2.8,316,163.1,10.22,Safe
UNIT 3A,Economizer,139,2025,2025-06-15,4.8,4.65,2.8,316,163.1,11.46,Safe
UNIT 3A,Economizer,140,2021,2021-06-15,4.8,4.53,2.8,330,169.2,22.91,Safe
UNIT 3A,Economizer,140,2022,2022-06-15,4.8,4.39,2.8,330,169.2,30.93,Safe
UNIT 3A,Economizer,140,2023,2023-06-15,4.8,4.27,2.8,330,169.2,39.48,Safe
UNIT 3A,Economizer,140,2024,2024-06-15,4.8,4.19,2.8,330,169.2,48.1,Watch
UNIT 3A,Economizer,140,2025,2025-06-15,4.8,4.08,2.8,330,169.2,56.59,Watch
UNIT 3A,Economizer,141,2021,2021-06-15,4.8,4.39,2.8,321,165.9,35.18,Safe
UNIT 3A,Economizer,141,2022,2022-06-15,4.8,4.3,2.8,321,165.9,45.13,Watch
UNIT 3A,Economizer,141,2023,2023-06-15,4.8,4.08,2.8,321,165.9,55.56,Watch
UNIT 3A,Economizer,141,2024,2024-06-15,4.8,3.81,2.8,321,165.9,66.58,Watch
UNIT 3A,Economizer,141,2025,2025-06-15,4.8,3.91,2.8,321,165.9,78.95,Watch
UNIT 3A,Economizer,142,2021,2021-06-15,4.8,4.41,2.8,321,162.9,34.21,Safe
UNIT 3A,Economizer,142,2022,2022-06-15,4.8,4.32,2.8,321,162.9,42.18,Watch
UNIT 3A,Economizer,142,2023,2023-06-15,4.8,4.23,2.8,321,162.9,51.84,Watch
UNIT 3A,Economizer,142,2024,2024-06-15,4.8,4.02,2.8,321,162.9,62.32,Watch
UNIT 3A,Economizer,142,2025,2025-06-15,4.8,3.88,2.8,321,162.9,71.05,Watch
UNIT 3A,Economizer,143,2021,2021-06-15,4.8,4.76,2.8,283,155.4,2.72,Safe
UNIT 3A,Economizer,143,2022,2022-06-15,4.8,4.74,2.8,283,155.4,4.65,Safe
UNIT 3A,Economizer,143,2023,2023-06-15,4.8,4.71,2.8,283,155.4,6.77,Safe
UNIT 3A,Economizer,143,2024,2024-06-15,4.8,4.69,2.8,283,155.4,8.85,Safe
UNIT 3A,Economizer,143,2025,2025-06-15,4.8,4.66,2.8,283,155.4,10.71,Safe
UNIT 3A,Economizer,144,2021,2021-06-15,4.8,4.32,2.8,296,156,40.16,Watch
UNIT 3A,Economizer,144,2022,2022-06-15,4.8,4.14,2.8,296,156,51.6,Watch
UNIT 3A,Economizer,144,2023,2023-06-15,4.8,4.12,2.8,296,156,60.63,Watch
UNIT 3A,Economizer,144,2024,2024-06-15,4.8,3.73,2.8,296,156,72.48,Watch
UNIT 3A,Economizer,144,2025,2025-06-15,4.8,3.82,2.8,296,156,83.44,Critical
UNIT 3A,Economizer,145,2021,2021-06-15,4.8,4.42,2.8,301,160.4,26.45,Safe
UNIT 3A,Economizer,145,2022,2022-06-15,4.8,4.35,2.8,301,160.4,35.88,Safe
UNIT 3A,Economizer,145,2023,2023-06-15,4.8,4.19,2.8,301,160.4,45.49,Watch
UNIT 3A,Economizer,145,2024,2024-06-15,4.8,4.08,2.8,301,160.4,56.27,Watch
UNIT 3A,Economizer,145,2025,2025-06-15,4.8,3.96,2.8,301,160.4,67.16,Watch
UNIT 3A,Economizer,146,2021,2021-06-15,4.8,4.43,2.8,319,156.2,30.19,Safe
UNIT 3A,Economizer,146,2022,2022-06-15,4.8,4.29,2.8,319,156.2,36.28,Safe
UNIT 3A,Economizer,146,2023,2023-06-15,4.8,4.18,2.8,319,156.2,43.72,Watch
UNIT 3A,Economizer,146,2024,2024-06-15,4.8,4.16,2.8,319,156.2,49.95,Watch
UNIT 3A,Economizer,146,2025,2025-06-15,4.8,3.98,2.8,319,156.2,56.03,Watch
UNIT 3A,Economizer,147,2021,2021-06-15,4.8,4.24,2.8,324,166.6,45.02,Watch
UNIT 3A,Economizer,147,2022,2022-06-15,4.8,4.05,2.8,324,166.6,59.72,Watch
UNIT 3A,Economizer,147,2023,2023-06-15,4.8,3.77,2.8,324,166.6,73.89,Watch
UNIT 3A,Economizer,147,2024,2024-06-15,4.8,3.5,2.8,324,166.6,89.44,Critical
UNIT 3A,Economizer,147,2025,2025-06-15,4.8,3.64,2.8,324,166.6,99.5,Critical
UNIT 3A,Economizer,148,2021,2021-06-15,4.8,4.33,2.8,316,165.3,33.9,Safe
UNIT 3A,Economizer,148,2022,2022-06-15,4.8,4.2,2.8,316,165.3,46.56,Watch
UNIT 3A,Economizer,148,2023,2023-06-15,4.8,4,2.8,316,165.3,59.66,Watch
UNIT 3A,Economizer,148,2024,2024-06-15,4.8,3.75,2.8,316,165.3,73.29,Watch
UNIT 3A,Economizer,148,2025,2025-06-15,4.8,3.81,2.8,316,165.3,85.96,Critical
UNIT 3A,Economizer,149,2021,2021-06-15,4.8,4.5,2.8,319,156.6,25.55,Safe
UNIT 3A,Economizer,149,2022,2022-06-15,4.8,4.33,2.8,319,156.6,34.47,Safe
UNIT 3A,Economizer,149,2023,2023-06-15,4.8,4.18,2.8,319,156.6,43.73,Watch
UNIT 3A,Economizer,149,2024,2024-06-15,4.8,4.07,2.8,319,156.6,51.67,Watch
UNIT 3A,Economizer,149,2025,2025-06-15,4.8,4.07,2.8,319,156.6,60.03,Watch
UNIT 3A,Economizer,150,2021,2021-06-15,4.8,4.7,2.8,296,156.2,6.72,Safe
UNIT 3A,Economizer,150,2022,2022-06-15,4.8,4.71,2.8,296,156.2,7.8,Safe
UNIT 3A,Economizer,150,2023,2023-06-15,4.8,4.68,2.8,296,156.2,8.95,Safe
UNIT 3A,Economizer,150,2024,2024-06-15,4.8,4.66,2.8,296,156.2,9.86,Safe
UNIT 3A,Economizer,150,2025,2025-06-15,4.8,4.66,2.8,296,156.2,10.99,Safe
UNIT 3A,Economizer,151,2021,2021-06-15,4.8,4.39,2.8,300,161.8,28.08,Safe
UNIT 3A,Economizer,151,2022,2022-06-15,4.8,4.32,2.8,300,161.8,36.61,Safe
UNIT 3A,Economizer,151,2023,2023-06-15,4.8,4.15,2.8,300,161.8,44.56,Watch
UNIT 3A,Economizer,151,2024,2024-06-15,4.8,4.2,2.8,300,161.8,53.18,Watch
UNIT 3A,Economizer,151,2025,2025-06-15,4.8,4.08,2.8,300,161.8,60.88,Watch
UNIT 3A,Economizer,152,2021,2021-06-15,4.8,4.19,2.8,291,166.9,41.77,Watch
UNIT 3A,Economizer,152,2022,2022-06-15,4.8,4.13,2.8,291,166.9,52.56,Watch
UNIT 3A,Economizer,152,2023,2023-06-15,4.8,4.06,2.8,291,166.9,62.46,Watch
UNIT 3A,Economizer,152,2024,2024-06-15,4.8,3.72,2.8,291,166.9,72.19,Watch
UNIT 3A,Economizer,152,2025,2025-06-15,4.8,3.65,2.8,291,166.9,82,Critical
UNIT 3A,Economizer,153,2021,2021-06-15,4.8,4.71,2.8,281,168.7,7.49,Safe
UNIT 3A,Economizer,153,2022,2022-06-15,4.8,4.68,2.8,281,168.7,10.46,Safe
UNIT 3A,Economizer,153,2023,2023-06-15,4.8,4.62,2.8,281,168.7,13.21,Safe
UNIT 3A,Economizer,153,2024,2024-06-15,4.8,4.57,2.8,281,168.7,16.2,Safe
UNIT 3A,Economizer,153,2025,2025-06-15,4.8,4.53,2.8,281,168.7,18.76,Safe
UNIT 3A,Economizer,154,2021,2021-06-15,4.8,4.49,2.8,292,156.8,22.83,Safe
UNIT 3A,Economizer,154,2022,2022-06-15,4.8,4.42,2.8,292,156.8,28.64,Safe
UNIT 3A,Economizer,154,2023,2023-06-15,4.8,4.32,2.8,292,156.8,34.42,Safe
UNIT 3A,Economizer,154,2024,2024-06-15,4.8,4.3,2.8,292,156.8,40.51,Watch
UNIT 3A,Economizer,154,2025,2025-06-15,4.8,4.1,2.8,292,156.8,47.29,Watch
UNIT 3A,Economizer,155,2021,2021-06-15,4.8,4.5,2.8,282,155.4,27.35,Safe
UNIT 3A,Economizer,155,2022,2022-06-15,4.8,4.28,2.8,282,155.4,36.32,Safe
UNIT 3A,Economizer,155,2023,2023-06-15,4.8,4.27,2.8,282,155.4,45.49,Watch
UNIT 3A,Economizer,155,2024,2024-06-15,4.8,3.97,2.8,282,155.4,56.04,Watch
UNIT 3A,Economizer,155,2025,2025-06-15,4.8,3.87,2.8,282,155.4,66.53,Watch
UNIT 3A,Economizer,156,2021,2021-06-15,4.8,4.38,2.8,326,159.2,32.89,Safe
UNIT 3A,Economizer,156,2022,2022-06-15,4.8,4.16,2.8,326,159.2,47.03,Watch
UNIT 3A,Economizer,156,2023,2023-06-15,4.8,4.05,2.8,326,159.2,63.25,Watch
UNIT 3A,Economizer,156,2024,2024-06-15,4.8,3.94,2.8,326,159.2,76.38,Watch
UNIT 3A,Economizer,156,2025,2025-06-15,4.8,3.49,2.8,326,159.2,89.47,Critical
UNIT 3A,Economizer,157,2021,2021-06-15,4.8,4.45,2.8,311,168.9,29.81,Safe
UNIT 3A,Economizer,157,2022,2022-06-15,4.8,4.38,2.8,311,168.9,36.73,Safe
UNIT 3A,Economizer,157,2023,2023-06-15,4.8,4.24,2.8,311,168.9,44.21,Watch
UNIT 3A,Economizer,157,2024,2024-06-15,4.8,4.23,2.8,311,168.9,51.48,Watch
UNIT 3A,Economizer,157,2025,2025-06-15,4.8,4.1,2.8,311,168.9,58.92,Watch
UNIT 3A,Economizer,158,2021,2021-06-15,4.8,4.49,2.8,321,165,21.61,Safe
UNIT 3A,Economizer,158,2022,2022-06-15,4.8,4.43,2.8,321,165,30.94,Safe
UNIT 3A,Economizer,158,2023,2023-06-15,4.8,4.31,2.8,321,165,40.15,Watch
UNIT 3A,Economizer,158,2024,2024-06-15,4.8,4.24,2.8,321,165,50.2,Watch
UNIT 3A,Economizer,158,2025,2025-06-15,4.8,4.09,2.8,321,165,58.53,Watch
UNIT 3A,Economizer,159,2021,2021-06-15,4.8,4.54,2.8,298,166.4,20.29,Safe
UNIT 3A,Economizer,159,2022,2022-06-15,4.8,4.39,2.8,298,166.4,30.66,Safe
UNIT 3A,Economizer,159,2023,2023-06-15,4.8,4.31,2.8,298,166.4,40.23,Watch
UNIT 3A,Economizer,159,2024,2024-06-15,4.8,4.22,2.8,298,166.4,50.05,Watch
UNIT 3A,Economizer,159,2025,2025-06-15,4.8,4.12,2.8,298,166.4,59.49,Watch
UNIT 3A,Economizer,160,2021,2021-06-15,4.8,4.78,2.8,327,167.2,1.78,Safe
UNIT 3A,Economizer,160,2022,2022-06-15,4.8,4.77,2.8,327,167.2,2.78,Safe
UNIT 3A,Economizer,160,2023,2023-06-15,4.8,4.74,2.8,327,167.2,4.07,Safe
UNIT 3A,Economizer,160,2024,2024-06-15,4.8,4.72,2.8,327,167.2,5.24,Safe
UNIT 3A,Economizer,160,2025,2025-06-15,4.8,4.71,2.8,327,167.2,6.44,Safe
UNIT 3A,Economizer,161,2021,2021-06-15,4.8,4.77,2.8,321,156.6,2.12,Safe
UNIT 3A,Economizer,161,2022,2022-06-15,4.8,4.74,2.8,321,156.6,4.6,Safe
UNIT 3A,Economizer,161,2023,2023-06-15,4.8,4.71,2.8,321,156.6,6.95,Safe
UNIT 3A,Economizer,161,2024,2024-06-15,4.8,4.67,2.8,321,156.6,9.39,Safe
UNIT 3A,Economizer,161,2025,2025-06-15,4.8,4.65,2.8,321,156.6,11.4,Safe
UNIT 3A,Economizer,162,2021,2021-06-15,4.8,4.52,2.8,282,157.6,23.42,Safe
UNIT 3A,Economizer,162,2022,2022-06-15,4.8,4.41,2.8,282,157.6,31.73,Safe
UNIT 3A,Economizer,162,2023,2023-06-15,4.8,4.35,2.8,282,157.6,39.85,Safe
UNIT 3A,Economizer,162,2024,2024-06-15,4.8,4.12,2.8,282,157.6,48.31,Watch
UNIT 3A,Economizer,162,2025,2025-06-15,4.8,4.06,2.8,282,157.6,56.6,Watch
UNIT 3A,Economizer,163,2021,2021-06-15,4.8,4.38,2.8,311,155.5,29.01,Safe
UNIT 3A,Economizer,163,2022,2022-06-15,4.8,4.3,2.8,311,155.5,36.27,Safe
UNIT 3A,Economizer,163,2023,2023-06-15,4.8,4.25,2.8,311,155.5,43.76,Watch
UNIT 3A,Economizer,163,2024,2024-06-15,4.8,4.13,2.8,311,155.5,51.48,Watch
UNIT 3A,Economizer,163,2025,2025-06-15,4.8,3.92,2.8,311,155.5,60.51,Watch
UNIT 3A,Economizer,164,2021,2021-06-15,4.8,4.28,2.8,282,156.3,45.39,Watch
UNIT 3A,Economizer,164,2022,2022-06-15,4.8,4,2.8,282,156.3,56.68,Watch
UNIT 3A,Economizer,164,2023,2023-06-15,4.8,4.04,2.8,282,156.3,67.49,Watch
UNIT 3A,Economizer,164,2024,2024-06-15,4.8,3.61,2.8,282,156.3,80.45,Critical
UNIT 3A,Economizer,164,2025,2025-06-15,4.8,3.53,2.8,282,156.3,92.33,Critical
UNIT 3A,Economizer,165,2021,2021-06-15,4.8,4.75,2.8,303,167.5,3.71,Safe
UNIT 3A,Economizer,165,2022,2022-06-15,4.8,4.72,2.8,303,167.5,6.08,Safe
UNIT 3A,Economizer,165,2023,2023-06-15,4.8,4.69,2.8,303,167.5,8.86,Safe
UNIT 3A,Economizer,165,2024,2024-06-15,4.8,4.67,2.8,303,167.5,11.6,Safe
UNIT 3A,Economizer,165,2025,2025-06-15,4.8,4.59,2.8,303,167.5,14.23,Safe
UNIT 3A,Economizer,166,2021,2021-06-15,4.8,4.75,2.8,291,165.2,3.69,Safe
UNIT 3A,Economizer,166,2022,2022-06-15,4.8,4.72,2.8,291,165.2,6.02,Safe
UNIT 3A,Economizer,166,2023,2023-06-15,4.8,4.69,2.8,291,165.2,8.35,Safe
UNIT 3A,Economizer,166,2024,2024-06-15,4.8,4.67,2.8,291,165.2,10.54,Safe
UNIT 3A,Economizer,166,2025,2025-06-15,4.8,4.64,2.8,291,165.2,12.65,Safe
UNIT 3A,Economizer,167,2021,2021-06-15,4.8,4.32,2.8,326,158.6,33.11,Safe
UNIT 3A,Economizer,167,2022,2022-06-15,4.8,4.07,2.8,326,158.6,49.44,Watch
UNIT 3A,Economizer,167,2023,2023-06-15,4.8,3.88,2.8,326,158.6,66.45,Watch
UNIT 3A,Economizer,167,2024,2024-06-15,4.8,3.74,2.8,326,158.6,80.16,Critical
UNIT 3A,Economizer,167,2025,2025-06-15,4.8,3.42,2.8,326,158.6,94.74,Critical
UNIT 3A,Economizer,168,2021,2021-06-15,4.8,4.48,2.8,322,165.2,24.06,Safe
UNIT 3A,Economizer,168,2022,2022-06-15,4.8,4.32,2.8,322,165.2,33.28,Safe
UNIT 3A,Economizer,168,2023,2023-06-15,4.8,4.21,2.8,322,165.2,41.76,Watch
UNIT 3A,Economizer,168,2024,2024-06-15,4.8,4.18,2.8,322,165.2,51.47,Watch
UNIT 3A,Economizer,168,2025,2025-06-15,4.8,4.12,2.8,322,165.2,60.44,Watch
UNIT 3A,Economizer,169,2021,2021-06-15,4.8,4.79,2.8,283,159.2,1.06,Safe
UNIT 3A,Economizer,169,2022,2022-06-15,4.8,4.77,2.8,283,159.2,2.16,Safe
UNIT 3A,Economizer,169,2023,2023-06-15,4.8,4.76,2.8,283,159.2,3.33,Safe
UNIT 3A,Economizer,169,2024,2024-06-15,4.8,4.74,2.8,283,159.2,4.42,Safe
UNIT 3A,Economizer,169,2025,2025-06-15,4.8,4.73,2.8,283,159.2,5.41,Safe
UNIT 3A,Economizer,170,2021,2021-06-15,4.8,4.75,2.8,304,164.5,4.25,Safe
UNIT 3A,Economizer,170,2022,2022-06-15,4.8,4.74,2.8,304,164.5,5.24,Safe
UNIT 3A,Economizer,170,2023,2023-06-15,4.8,4.72,2.8,304,164.5,6.23,Safe
UNIT 3A,Economizer,170,2024,2024-06-15,4.8,4.7,2.8,304,164.5,7.03,Safe
UNIT 3A,Economizer,170,2025,2025-06-15,4.8,4.69,2.8,304,164.5,7.83,Safe
UNIT 3A,Economizer,171,2021,2021-06-15,4.8,4.75,2.8,316,165,3.5,Safe
UNIT 3A,Economizer,171,2022,2022-06-15,4.8,4.73,2.8,316,165,4.85,Safe
UNIT 3A,Economizer,171,2023,2023-06-15,4.8,4.71,2.8,316,165,6.36,Safe
UNIT 3A,Economizer,171,2024,2024-06-15,4.8,4.7,2.8,316,165,7.66,Safe
UNIT 3A,Economizer,171,2025,2025-06-15,4.8,4.67,2.8,316,165,9.03,Safe
UNIT 3A,Economizer,172,2021,2021-06-15,4.8,4.73,2.8,306,168.1,5.99,Safe
UNIT 3A,Economizer,172,2022,2022-06-15,4.8,4.72,2.8,306,168.1,7.12,Safe
UNIT 3A,Economizer,172,2023,2023-06-15,4.8,4.69,2.8,306,168.1,8.47,Safe
UNIT 3A,Economizer,172,2024,2024-06-15,4.8,4.67,2.8,306,168.1,9.65,Safe
UNIT 3A,Economizer,172,2025,2025-06-15,4.8,4.64,2.8,306,168.1,11.08,Safe
UNIT 3A,Economizer,173,2021,2021-06-15,4.8,4.7,2.8,280,167.8,6.7,Safe
UNIT 3A,Economizer,173,2022,2022-06-15,4.8,4.69,2.8,280,167.8,8.94,Safe
UNIT 3A,Economizer,173,2023,2023-06-15,4.8,4.67,2.8,280,167.8,10.93,Safe
UNIT 3A,Economizer,173,2024,2024-06-15,4.8,4.66,2.8,280,167.8,12.83,Safe
UNIT 3A,Economizer,173,2025,2025-06-15,4.8,4.63,2.8,280,167.8,14.9,Safe
UNIT 3A,Economizer,174,2021,2021-06-15,4.8,4.76,2.8,301,158.4,3.56,Safe
UNIT 3A,Economizer,174,2022,2022-06-15,4.8,4.73,2.8,301,158.4,6.49,Safe
UNIT 3A,Economizer,174,2023,2023-06-15,4.8,4.69,2.8,301,158.4,9.31,Safe
UNIT 3A,Economizer,174,2024,2024-06-15,4.8,4.67,2.8,301,158.4,11.85,Safe
UNIT 3A,Economizer,174,2025,2025-06-15,4.8,4.63,2.8,301,158.4,14.49,Safe
UNIT 3A,Economizer,175,2021,2021-06-15,4.8,4.53,2.8,300,164.6,20.18,Safe
UNIT 3A,Economizer,175,2022,2022-06-15,4.8,4.4,2.8,300,164.6,27.72,Safe
UNIT 3A,Economizer,175,2023,2023-06-15,4.8,4.31,2.8,300,164.6,34.42,Safe
UNIT 3A,Economizer,175,2024,2024-06-15,4.8,4.33,2.8,300,164.6,42.61,Watch
UNIT 3A,Economizer,175,2025,2025-06-15,4.8,4.15,2.8,300,164.6,49.29,Watch
UNIT 3A,Economizer,176,2021,2021-06-15,4.8,4.27,2.8,330,157.4,38.46,Safe
UNIT 3A,Economizer,176,2022,2022-06-15,4.8,4.13,2.8,330,157.4,49.42,Watch
UNIT 3A,Economizer,176,2023,2023-06-15,4.8,4.04,2.8,330,157.4,60.31,Watch
UNIT 3A,Economizer,176,2024,2024-06-15,4.8,3.76,2.8,330,157.4,71.26,Watch
UNIT 3A,Economizer,176,2025,2025-06-15,4.8,3.69,2.8,330,157.4,81.9,Critical
UNIT 3A,Economizer,177,2021,2021-06-15,4.8,4.79,2.8,320,165.9,0.98,Safe
UNIT 3A,Economizer,177,2022,2022-06-15,4.8,4.77,2.8,320,165.9,2.35,Safe
UNIT 3A,Economizer,177,2023,2023-06-15,4.8,4.75,2.8,320,165.9,3.75,Safe
UNIT 3A,Economizer,177,2024,2024-06-15,4.8,4.73,2.8,320,165.9,5.24,Safe
UNIT 3A,Economizer,177,2025,2025-06-15,4.8,4.71,2.8,320,165.9,6.51,Safe
UNIT 3A,Economizer,178,2021,2021-06-15,4.8,4.49,2.8,310,156.3,22.45,Safe
UNIT 3A,Economizer,178,2022,2022-06-15,4.8,4.37,2.8,310,156.3,30.79,Safe
UNIT 3A,Economizer,178,2023,2023-06-15,4.8,4.24,2.8,310,156.3,39.39,Safe
UNIT 3A,Economizer,178,2024,2024-06-15,4.8,4.12,2.8,310,156.3,48.65,Watch
UNIT 3A,Economizer,178,2025,2025-06-15,4.8,3.95,2.8,310,156.3,57.1,Watch
UNIT 3A,Economizer,179,2021,2021-06-15,4.8,4.78,2.8,287,162,1.88,Safe
UNIT 3A,Economizer,179,2022,2022-06-15,4.8,4.76,2.8,287,162,3.69,Safe
UNIT 3A,Economizer,179,2023,2023-06-15,4.8,4.72,2.8,287,162,5.84,Safe
UNIT 3A,Economizer,179,2024,2024-06-15,4.8,4.69,2.8,287,162,7.54,Safe
UNIT 3A,Economizer,179,2025,2025-06-15,4.8,4.67,2.8,287,162,9.47,Safe
UNIT 3A,Economizer,180,2021,2021-06-15,4.8,4.39,2.8,312,166.3,29.22,Safe
UNIT 3A,Economizer,180,2022,2022-06-15,4.8,4.3,2.8,312,166.3,35.47,Safe
UNIT 3A,Economizer,180,2023,2023-06-15,4.8,4.21,2.8,312,166.3,42.65,Watch
UNIT 3A,Economizer,180,2024,2024-06-15,4.8,4.1,2.8,312,166.3,49.47,Watch
UNIT 3A,Economizer,180,2025,2025-06-15,4.8,4.11,2.8,312,166.3,57.84,Watch
UNIT 3A,Economizer,181,2021,2021-06-15,4.8,4.77,2.8,330,159.3,2.35,Safe
UNIT 3A,Economizer,181,2022,2022-06-15,4.8,4.75,2.8,330,159.3,3.91,Safe
UNIT 3A,Economizer,181,2023,2023-06-15,4.8,4.73,2.8,330,159.3,5.42,Safe
UNIT 3A,Economizer,181,2024,2024-06-15,4.8,4.7,2.8,330,159.3,6.83,Safe
UNIT 3A,Economizer,181,2025,2025-06-15,4.8,4.7,2.8,330,159.3,8.03,Safe
UNIT 3A,Economizer,182,2021,2021-06-15,4.8,4.7,2.8,317,166.3,7.8,Safe
UNIT 3A,Economizer,182,2022,2022-06-15,4.8,4.69,2.8,317,166.3,9.43,Safe
UNIT 3A,Economizer,182,2023,2023-06-15,4.8,4.67,2.8,317,166.3,11.16,Safe
UNIT 3A,Economizer,182,2024,2024-06-15,4.8,4.65,2.8,317,166.3,12.79,Safe
UNIT 3A,Economizer,182,2025,2025-06-15,4.8,4.62,2.8,317,166.3,14.68,Safe
UNIT 3A,Economizer,183,2021,2021-06-15,4.8,4.49,2.8,326,164.3,24.23,Safe
UNIT 3A,Economizer,183,2022,2022-06-15,4.8,4.45,2.8,326,164.3,31.96,Safe
UNIT 3A,Economizer,183,2023,2023-06-15,4.8,4.35,2.8,326,164.3,39.7,Safe
UNIT 3A,Economizer,183,2024,2024-06-15,4.8,4.1,2.8,326,164.3,47.53,Watch
UNIT 3A,Economizer,183,2025,2025-06-15,4.8,4.19,2.8,326,164.3,55.25,Watch
UNIT 3A,Economizer,184,2021,2021-06-15,4.8,4.77,2.8,319,162.1,2.88,Safe
UNIT 3A,Economizer,184,2022,2022-06-15,4.8,4.75,2.8,319,162.1,4.88,Safe
UNIT 3A,Economizer,184,2023,2023-06-15,4.8,4.71,2.8,319,162.1,6.96,Safe
UNIT 3A,Economizer,184,2024,2024-06-15,4.8,4.7,2.8,319,162.1,8.78,Safe
UNIT 3A,Economizer,184,2025,2025-06-15,4.8,4.65,2.8,319,162.1,11.03,Safe
UNIT 3A,Economizer,185,2021,2021-06-15,4.8,4.76,2.8,299,158.8,3.3,Safe
UNIT 3A,Economizer,185,2022,2022-06-15,4.8,4.72,2.8,299,158.8,5.29,Safe
UNIT 3A,Economizer,185,2023,2023-06-15,4.8,4.71,2.8,299,158.8,7.48,Safe
UNIT 3A,Economizer,185,2024,2024-06-15,4.8,4.69,2.8,299,158.8,9.75,Safe
UNIT 3A,Economizer,185,2025,2025-06-15,4.8,4.63,2.8,299,158.8,11.88,Safe
UNIT 3A,Economizer,186,2021,2021-06-15,4.8,4.75,2.8,312,155.2,3.58,Safe
UNIT 3A,Economizer,186,2022,2022-06-15,4.8,4.74,2.8,312,155.2,5.45,Safe
UNIT 3A,Economizer,186,2023,2023-06-15,4.8,4.72,2.8,312,155.2,7.09,Safe
UNIT 3A,Economizer,186,2024,2024-06-15,4.8,4.7,2.8,312,155.2,8.79,Safe
UNIT 3A,Economizer,186,2025,2025-06-15,4.8,4.66,2.8,312,155.2,10.58,Safe
UNIT 3A,Economizer,187,2021,2021-06-15,4.8,4.41,2.8,293,159.7,29.77,Safe
UNIT 3A,Economizer,187,2022,2022-06-15,4.8,4.33,2.8,293,159.7,37.68,Safe
UNIT 3A,Economizer,187,2023,2023-06-15,4.8,4.22,2.8,293,159.7,46.15,Watch
UNIT 3A,Economizer,187,2024,2024-06-15,4.8,4,2.8,293,159.7,55.56,Watch
UNIT 3A,Economizer,187,2025,2025-06-15,4.8,3.98,2.8,293,159.7,63.91,Watch
UNIT 3A,Economizer,188,2021,2021-06-15,4.8,4.73,2.8,294,159,6.1,Safe
UNIT 3A,Economizer,188,2022,2022-06-15,4.8,4.68,2.8,294,159,8.78,Safe
UNIT 3A,Economizer,188,2023,2023-06-15,4.8,4.64,2.8,294,159,11.59,Safe
UNIT 3A,Economizer,188,2024,2024-06-15,4.8,4.59,2.8,294,159,14.61,Safe
UNIT 3A,Economizer,188,2025,2025-06-15,4.8,4.6,2.8,294,159,17.82,Safe
UNIT 3A,Economizer,189,2021,2021-06-15,4.8,4.73,2.8,301,167.1,5.71,Safe
UNIT 3A,Economizer,189,2022,2022-06-15,4.8,4.69,2.8,301,167.1,7.94,Safe
UNIT 3A,Economizer,189,2023,2023-06-15,4.8,4.65,2.8,301,167.1,10.53,Safe
UNIT 3A,Economizer,189,2024,2024-06-15,4.8,4.63,2.8,301,167.1,13.01,Safe
UNIT 3A,Economizer,189,2025,2025-06-15,4.8,4.6,2.8,301,167.1,15.45,Safe
UNIT 3A,Economizer,190,2021,2021-06-15,4.8,4.35,2.8,308,159.5,36.48,Safe
UNIT 3A,Economizer,190,2022,2022-06-15,4.8,4.13,2.8,308,159.5,50.39,Watch
UNIT 3A,Economizer,190,2023,2023-06-15,4.8,3.9,2.8,308,159.5,65.36,Watch
UNIT 3A,Economizer,190,2024,2024-06-15,4.8,3.78,2.8,308,159.5,79.22,Watch
UNIT 3A,Economizer,190,2025,2025-06-15,4.8,3.6,2.8,308,159.5,91.88,Critical
UNIT 3A,Economizer,191,2021,2021-06-15,4.8,4.78,2.8,285,165.6,1.25,Safe
UNIT 3A,Economizer,191,2022,2022-06-15,4.8,4.75,2.8,285,165.6,4.25,Safe
UNIT 3A,Economizer,191,2023,2023-06-15,4.8,4.7,2.8,285,165.6,7.32,Safe
UNIT 3A,Economizer,191,2024,2024-06-15,4.8,4.69,2.8,285,165.6,10.21,Safe
UNIT 3A,Economizer,191,2025,2025-06-15,4.8,4.61,2.8,285,165.6,12.8,Safe
UNIT 3A,Economizer,192,2021,2021-06-15,4.8,4.39,2.8,317,166.1,27.59,Safe
UNIT 3A,Economizer,192,2022,2022-06-15,4.8,4.38,2.8,317,166.1,34.98,Safe
UNIT 3A,Economizer,192,2023,2023-06-15,4.8,4.3,2.8,317,166.1,41.3,Watch
UNIT 3A,Economizer,192,2024,2024-06-15,4.8,4.07,2.8,317,166.1,48.82,Watch
UNIT 3A,Economizer,192,2025,2025-06-15,4.8,4.11,2.8,317,166.1,55.16,Watch
UNIT 3A,Economizer,193,2021,2021-06-15,4.8,4.75,2.8,315,162.2,3.71,Safe
UNIT 3A,Economizer,193,2022,2022-06-15,4.8,4.73,2.8,315,162.2,6.08,Safe
UNIT 3A,Economizer,193,2023,2023-06-15,4.8,4.68,2.8,315,162.2,8.31,Safe
UNIT 3A,Economizer,193,2024,2024-06-15,4.8,4.67,2.8,315,162.2,10.57,Safe
UNIT 3A,Economizer,193,2025,2025-06-15,4.8,4.64,2.8,315,162.2,13.09,Safe
UNIT 3A,Economizer,194,2021,2021-06-15,4.8,4.47,2.8,293,160.9,22.17,Safe
UNIT 3A,Economizer,194,2022,2022-06-15,4.8,4.41,2.8,293,160.9,32.31,Safe
UNIT 3A,Economizer,194,2023,2023-06-15,4.8,4.35,2.8,293,160.9,40.74,Watch
UNIT 3A,Economizer,194,2024,2024-06-15,4.8,4.14,2.8,293,160.9,49.97,Watch
UNIT 3A,Economizer,194,2025,2025-06-15,4.8,3.92,2.8,293,160.9,59.84,Watch
UNIT 3A,Economizer,195,2021,2021-06-15,4.8,4.76,2.8,319,160.6,3.57,Safe
UNIT 3A,Economizer,195,2022,2022-06-15,4.8,4.72,2.8,319,160.6,5.69,Safe
UNIT 3A,Economizer,195,2023,2023-06-15,4.8,4.7,2.8,319,160.6,7.52,Safe
UNIT 3A,Economizer,195,2024,2024-06-15,4.8,4.68,2.8,319,160.6,9.29,Safe
UNIT 3A,Economizer,195,2025,2025-06-15,4.8,4.64,2.8,319,160.6,11.13,Safe
UNIT 3A,Economizer,196,2021,2021-06-15,4.8,4.4,2.8,308,167.3,30.86,Safe
UNIT 3A,Economizer,196,2022,2022-06-15,4.8,4.25,2.8,308,167.3,39.95,Safe
UNIT 3A,Economizer,196,2023,2023-06-15,4.8,4.05,2.8,308,167.3,50.35,Watch
UNIT 3A,Economizer,196,2024,2024-06-15,4.8,3.98,2.8,308,167.3,59.73,Watch
UNIT 3A,Economizer,196,2025,2025-06-15,4.8,4.02,2.8,308,167.3,68.64,Watch
UNIT 3A,Economizer,197,2021,2021-06-15,4.8,4.51,2.8,283,164.2,24.48,Safe
UNIT 3A,Economizer,197,2022,2022-06-15,4.8,4.41,2.8,283,164.2,33.46,Safe
UNIT 3A,Economizer,197,2023,2023-06-15,4.8,4.19,2.8,283,164.2,40.73,Watch
UNIT 3A,Economizer,197,2024,2024-06-15,4.8,4.21,2.8,283,164.2,48.06,Watch
UNIT 3A,Economizer,197,2025,2025-06-15,4.8,4.09,2.8,283,164.2,56.95,Watch
UNIT 3A,Economizer,198,2021,2021-06-15,4.8,4.75,2.8,314,168.3,4.15,Safe
UNIT 3A,Economizer,198,2022,2022-06-15,4.8,4.73,2.8,314,168.3,6.25,Safe
UNIT 3A,Economizer,198,2023,2023-06-15,4.8,4.68,2.8,314,168.3,8.08,Safe
UNIT 3A,Economizer,198,2024,2024-06-15,4.8,4.68,2.8,314,168.3,10.36,Safe
UNIT 3A,Economizer,198,2025,2025-06-15,4.8,4.65,2.8,314,168.3,12.42,Safe
UNIT 3A,Economizer,199,2021,2021-06-15,4.8,4.47,2.8,329,169,22.49,Safe
UNIT 3A,Economizer,199,2022,2022-06-15,4.8,4.39,2.8,329,169,32.04,Safe
UNIT 3A,Economizer,199,2023,2023-06-15,4.8,4.21,2.8,329,169,43.39,Watch
UNIT 3A,Economizer,199,2024,2024-06-15,4.8,4.06,2.8,329,169,53.99,Watch
UNIT 3A,Economizer,199,2025,2025-06-15,4.8,3.94,2.8,329,169,65.45,Watch
UNIT 3A,Economizer,200,2021,2021-06-15,4.8,4.27,2.8,297,162.4,43.66,Watch
UNIT 3A,Economizer,200,2022,2022-06-15,4.8,4.08,2.8,297,162.4,56.59,Watch
UNIT 3A,Economizer,200,2023,2023-06-15,4.8,3.92,2.8,297,162.4,70.6,Watch
UNIT 3A,Economizer,200,2024,2024-06-15,4.8,3.69,2.8,297,162.4,83.72,Critical
UNIT 3A,Economizer,200,2025,2025-06-15,4.8,3.58,2.8,297,162.4,94.46,Critical
UNIT 3A,Sootblower Area,1,2021,2021-06-15,6.5,5.62,3.8,400,155,43.75,Watch
UNIT 3A,Sootblower Area,1,2022,2022-06-15,6.5,5.37,3.8,400,155,57.34,Watch
UNIT 3A,Sootblower Area,1,2023,2023-06-15,6.5,5.45,3.8,400,155,70.35,Watch
UNIT 3A,Sootblower Area,1,2024,2024-06-15,6.5,5.13,3.8,400,155,85.01,Critical
UNIT 3A,Sootblower Area,1,2025,2025-06-15,6.5,4.66,3.8,400,155,99.5,Critical
UNIT 3A,Sootblower Area,2,2021,2021-06-15,6.5,6.38,3.8,402,157.4,5.98,Safe
UNIT 3A,Sootblower Area,2,2022,2022-06-15,6.5,6.36,3.8,402,157.4,8.31,Safe
UNIT 3A,Sootblower Area,2,2023,2023-06-15,6.5,6.32,3.8,402,157.4,10.58,Safe
UNIT 3A,Sootblower Area,2,2024,2024-06-15,6.5,6.28,3.8,402,157.4,12.76,Safe
UNIT 3A,Sootblower Area,2,2025,2025-06-15,6.5,6.27,3.8,402,157.4,14.97,Safe
UNIT 3A,Sootblower Area,3,2021,2021-06-15,6.5,6.39,3.8,410,160,7.56,Safe
UNIT 3A,Sootblower Area,3,2022,2022-06-15,6.5,6.34,3.8,410,160,9.04,Safe
UNIT 3A,Sootblower Area,3,2023,2023-06-15,6.5,6.3,3.8,410,160,10.69,Safe
UNIT 3A,Sootblower Area,3,2024,2024-06-15,6.5,6.27,3.8,410,160,12.31,Safe
UNIT 3A,Sootblower Area,3,2025,2025-06-15,6.5,6.25,3.8,410,160,14.06,Safe
UNIT 3A,Sootblower Area,4,2021,2021-06-15,6.5,6.4,3.8,448,149.6,6.51,Safe
UNIT 3A,Sootblower Area,4,2022,2022-06-15,6.5,6.36,3.8,448,149.6,8.28,Safe
UNIT 3A,Sootblower Area,4,2023,2023-06-15,6.5,6.3,3.8,448,149.6,9.81,Safe
UNIT 3A,Sootblower Area,4,2024,2024-06-15,6.5,6.32,3.8,448,149.6,11.29,Safe
UNIT 3A,Sootblower Area,4,2025,2025-06-15,6.5,6.28,3.8,448,149.6,12.63,Safe
UNIT 3A,Sootblower Area,5,2021,2021-06-15,6.5,5.81,3.8,412,156.1,45.01,Watch
UNIT 3A,Sootblower Area,5,2022,2022-06-15,6.5,5.51,3.8,412,156.1,54.48,Watch
UNIT 3A,Sootblower Area,5,2023,2023-06-15,6.5,5.44,3.8,412,156.1,63.79,Watch
UNIT 3A,Sootblower Area,5,2024,2024-06-15,6.5,5.38,3.8,412,156.1,72.71,Watch
UNIT 3A,Sootblower Area,5,2025,2025-06-15,6.5,5.08,3.8,412,156.1,81.07,Critical
UNIT 3A,Sootblower Area,6,2021,2021-06-15,6.5,5.9,3.8,416,159.2,34.64,Safe
UNIT 3A,Sootblower Area,6,2022,2022-06-15,6.5,5.68,3.8,416,159.2,45.37,Watch
UNIT 3A,Sootblower Area,6,2023,2023-06-15,6.5,5.58,3.8,416,159.2,55.6,Watch
UNIT 3A,Sootblower Area,6,2024,2024-06-15,6.5,5.33,3.8,416,159.2,65.8,Watch
UNIT 3A,Sootblower Area,6,2025,2025-06-15,6.5,5.32,3.8,416,159.2,75.91,Watch
UNIT 3A,Sootblower Area,7,2021,2021-06-15,6.5,6.39,3.8,412,149.4,7.25,Safe
UNIT 3A,Sootblower Area,7,2022,2022-06-15,6.5,6.37,3.8,412,149.4,8.31,Safe
UNIT 3A,Sootblower Area,7,2023,2023-06-15,6.5,6.33,3.8,412,149.4,9.34,Safe
UNIT 3A,Sootblower Area,7,2024,2024-06-15,6.5,6.33,3.8,412,149.4,10.29,Safe
UNIT 3A,Sootblower Area,7,2025,2025-06-15,6.5,6.29,3.8,412,149.4,11.12,Safe
UNIT 3A,Sootblower Area,8,2021,2021-06-15,6.5,6.39,3.8,408,157.7,6.21,Safe
UNIT 3A,Sootblower Area,8,2022,2022-06-15,6.5,6.38,3.8,408,157.7,7.12,Safe
UNIT 3A,Sootblower Area,8,2023,2023-06-15,6.5,6.38,3.8,408,157.7,7.99,Safe
UNIT 3A,Sootblower Area,8,2024,2024-06-15,6.5,6.36,3.8,408,157.7,8.96,Safe
UNIT 3A,Sootblower Area,8,2025,2025-06-15,6.5,6.35,3.8,408,157.7,9.73,Safe
UNIT 3A,Sootblower Area,9,2021,2021-06-15,6.5,5.73,3.8,425,153.7,42.9,Watch
UNIT 3A,Sootblower Area,9,2022,2022-06-15,6.5,5.41,3.8,425,153.7,56.27,Watch
UNIT 3A,Sootblower Area,9,2023,2023-06-15,6.5,5.14,3.8,425,153.7,70.5,Watch
UNIT 3A,Sootblower Area,9,2024,2024-06-15,6.5,4.84,3.8,425,153.7,84.84,Critical
UNIT 3A,Sootblower Area,9,2025,2025-06-15,6.5,4.73,3.8,425,153.7,98.04,Critical
UNIT 3A,Sootblower Area,10,2021,2021-06-15,6.5,6.03,3.8,421,155.3,30.95,Safe
UNIT 3A,Sootblower Area,10,2022,2022-06-15,6.5,5.89,3.8,421,155.3,38.67,Safe
UNIT 3A,Sootblower Area,10,2023,2023-06-15,6.5,5.68,3.8,421,155.3,46.27,Watch
UNIT 3A,Sootblower Area,10,2024,2024-06-15,6.5,5.55,3.8,421,155.3,54.22,Watch
UNIT 3A,Sootblower Area,10,2025,2025-06-15,6.5,5.45,3.8,421,155.3,61.02,Watch
UNIT 3A,Sootblower Area,11,2021,2021-06-15,6.5,5.73,3.8,421,160.8,42.35,Watch
UNIT 3A,Sootblower Area,11,2022,2022-06-15,6.5,5.6,3.8,421,160.8,53.18,Watch
UNIT 3A,Sootblower Area,11,2023,2023-06-15,6.5,5.55,3.8,421,160.8,63.59,Watch
UNIT 3A,Sootblower Area,11,2024,2024-06-15,6.5,5.08,3.8,421,160.8,76.9,Watch
UNIT 3A,Sootblower Area,11,2025,2025-06-15,6.5,4.87,3.8,421,160.8,89.72,Critical
UNIT 3A,Sootblower Area,12,2021,2021-06-15,6.5,6.47,3.8,406,153.5,1.52,Safe
UNIT 3A,Sootblower Area,12,2022,2022-06-15,6.5,6.46,3.8,406,153.5,2.45,Safe
UNIT 3A,Sootblower Area,12,2023,2023-06-15,6.5,6.45,3.8,406,153.5,3.46,Safe
UNIT 3A,Sootblower Area,12,2024,2024-06-15,6.5,6.42,3.8,406,153.5,4.47,Safe
UNIT 3A,Sootblower Area,12,2025,2025-06-15,6.5,6.4,3.8,406,153.5,5.26,Safe
UNIT 3A,Sootblower Area,13,2021,2021-06-15,6.5,6.5,3.8,414,149.7,0.27,Safe
UNIT 3A,Sootblower Area,13,2022,2022-06-15,6.5,6.44,3.8,414,149.7,3.37,Safe
UNIT 3A,Sootblower Area,13,2023,2023-06-15,6.5,6.39,3.8,414,149.7,5.99,Safe
UNIT 3A,Sootblower Area,13,2024,2024-06-15,6.5,6.35,3.8,414,149.7,9.07,Safe
UNIT 3A,Sootblower Area,13,2025,2025-06-15,6.5,6.28,3.8,414,149.7,11.4,Safe
UNIT 3A,Sootblower Area,14,2021,2021-06-15,6.5,6.1,3.8,413,156.4,21.93,Safe
UNIT 3A,Sootblower Area,14,2022,2022-06-15,6.5,5.93,3.8,413,156.4,29.82,Safe
UNIT 3A,Sootblower Area,14,2023,2023-06-15,6.5,5.79,3.8,413,156.4,38.21,Safe
UNIT 3A,Sootblower Area,14,2024,2024-06-15,6.5,5.69,3.8,413,156.4,47.02,Watch
UNIT 3A,Sootblower Area,14,2025,2025-06-15,6.5,5.62,3.8,413,156.4,54.95,Watch
UNIT 3A,Sootblower Area,15,2021,2021-06-15,6.5,6.38,3.8,405,149.8,7.74,Safe
UNIT 3A,Sootblower Area,15,2022,2022-06-15,6.5,6.36,3.8,405,149.8,9.17,Safe
UNIT 3A,Sootblower Area,15,2023,2023-06-15,6.5,6.3,3.8,405,149.8,10.79,Safe
UNIT 3A,Sootblower Area,15,2024,2024-06-15,6.5,6.29,3.8,405,149.8,12.02,Safe
UNIT 3A,Sootblower Area,15,2025,2025-06-15,6.5,6.27,3.8,405,149.8,13.32,Safe
UNIT 3A,Sootblower Area,16,2021,2021-06-15,6.5,6.38,3.8,441,150.8,7.25,Safe
UNIT 3A,Sootblower Area,16,2022,2022-06-15,6.5,6.33,3.8,441,150.8,9.86,Safe
UNIT 3A,Sootblower Area,16,2023,2023-06-15,6.5,6.25,3.8,441,150.8,12.16,Safe
UNIT 3A,Sootblower Area,16,2024,2024-06-15,6.5,6.21,3.8,441,150.8,14.74,Safe
UNIT 3A,Sootblower Area,16,2025,2025-06-15,6.5,6.19,3.8,441,150.8,17.06,Safe
UNIT 3A,Sootblower Area,17,2021,2021-06-15,6.5,6.37,3.8,416,156.1,6.74,Safe
UNIT 3A,Sootblower Area,17,2022,2022-06-15,6.5,6.37,3.8,416,156.1,7.91,Safe
UNIT 3A,Sootblower Area,17,2023,2023-06-15,6.5,6.34,3.8,416,156.1,9.03,Safe
UNIT 3A,Sootblower Area,17,2024,2024-06-15,6.5,6.35,3.8,416,156.1,10.03,Safe
UNIT 3A,Sootblower Area,17,2025,2025-06-15,6.5,6.29,3.8,416,156.1,11.15,Safe
UNIT 3A,Sootblower Area,18,2021,2021-06-15,6.5,6.07,3.8,419,161.8,21.96,Safe
UNIT 3A,Sootblower Area,18,2022,2022-06-15,6.5,5.95,3.8,419,161.8,31.16,Safe
UNIT 3A,Sootblower Area,18,2023,2023-06-15,6.5,5.81,3.8,419,161.8,38.56,Safe
UNIT 3A,Sootblower Area,18,2024,2024-06-15,6.5,5.72,3.8,419,161.8,46.34,Watch
UNIT 3A,Sootblower Area,18,2025,2025-06-15,6.5,5.69,3.8,419,161.8,53.42,Watch
UNIT 3A,Sootblower Area,19,2021,2021-06-15,6.5,6.4,3.8,406,158.3,6.08,Safe
UNIT 3A,Sootblower Area,19,2022,2022-06-15,6.5,6.36,3.8,406,158.3,8.16,Safe
UNIT 3A,Sootblower Area,19,2023,2023-06-15,6.5,6.3,3.8,406,158.3,10.29,Safe
UNIT 3A,Sootblower Area,19,2024,2024-06-15,6.5,6.29,3.8,406,158.3,12.92,Safe
UNIT 3A,Sootblower Area,19,2025,2025-06-15,6.5,6.24,3.8,406,158.3,15.39,Safe
UNIT 3A,Sootblower Area,20,2021,2021-06-15,6.5,5.81,3.8,411,158.8,44.16,Watch
UNIT 3A,Sootblower Area,20,2022,2022-06-15,6.5,5.63,3.8,411,158.8,57.76,Watch
UNIT 3A,Sootblower Area,20,2023,2023-06-15,6.5,5.44,3.8,411,158.8,69.64,Watch
UNIT 3A,Sootblower Area,20,2024,2024-06-15,6.5,5.14,3.8,411,158.8,81.39,Critical
UNIT 3A,Sootblower Area,20,2025,2025-06-15,6.5,4.74,3.8,411,158.8,94.35,Critical
UNIT 3A,Sootblower Area,21,2021,2021-06-15,6.5,6.02,3.8,439,153.1,30.51,Safe
UNIT 3A,Sootblower Area,21,2022,2022-06-15,6.5,5.79,3.8,439,153.1,42.21,Watch
UNIT 3A,Sootblower Area,21,2023,2023-06-15,6.5,5.54,3.8,439,153.1,51.26,Watch
UNIT 3A,Sootblower Area,21,2024,2024-06-15,6.5,5.5,3.8,439,153.1,62.2,Watch
UNIT 3A,Sootblower Area,21,2025,2025-06-15,6.5,5.27,3.8,439,153.1,71.93,Watch
UNIT 3A,Sootblower Area,22,2021,2021-06-15,6.5,5.96,3.8,406,157.7,29.02,Safe
UNIT 3A,Sootblower Area,22,2022,2022-06-15,6.5,5.85,3.8,406,157.7,38.79,Safe
UNIT 3A,Sootblower Area,22,2023,2023-06-15,6.5,5.74,3.8,406,157.7,49.14,Watch
UNIT 3A,Sootblower Area,22,2024,2024-06-15,6.5,5.6,3.8,406,157.7,57.8,Watch
UNIT 3A,Sootblower Area,22,2025,2025-06-15,6.5,5.27,3.8,406,157.7,68.19,Watch
UNIT 3A,Sootblower Area,23,2021,2021-06-15,6.5,6.48,3.8,423,158.6,0.97,Safe
UNIT 3A,Sootblower Area,23,2022,2022-06-15,6.5,6.44,3.8,423,158.6,3.54,Safe
UNIT 3A,Sootblower Area,23,2023,2023-06-15,6.5,6.39,3.8,423,158.6,6.51,Safe
UNIT 3A,Sootblower Area,23,2024,2024-06-15,6.5,6.32,3.8,423,158.6,9.43,Safe
UNIT 3A,Sootblower Area,23,2025,2025-06-15,6.5,6.32,3.8,423,158.6,12.34,Safe
UNIT 3A,Sootblower Area,24,2021,2021-06-15,6.5,6.1,3.8,419,153.5,23.24,Safe
UNIT 3A,Sootblower Area,24,2022,2022-06-15,6.5,5.99,3.8,419,153.5,31.14,Safe
UNIT 3A,Sootblower Area,24,2023,2023-06-15,6.5,5.86,3.8,419,153.5,38.22,Safe
UNIT 3A,Sootblower Area,24,2024,2024-06-15,6.5,5.81,3.8,419,153.5,46.24,Watch
UNIT 3A,Sootblower Area,24,2025,2025-06-15,6.5,5.59,3.8,419,153.5,54.4,Watch
UNIT 3A,Sootblower Area,25,2021,2021-06-15,6.5,6.41,3.8,409,148.4,5.18,Safe
UNIT 3A,Sootblower Area,25,2022,2022-06-15,6.5,6.36,3.8,409,148.4,7.35,Safe
UNIT 3A,Sootblower Area,25,2023,2023-06-15,6.5,6.35,3.8,409,148.4,9.34,Safe
UNIT 3A,Sootblower Area,25,2024,2024-06-15,6.5,6.28,3.8,409,148.4,11.16,Safe
UNIT 3A,Sootblower Area,25,2025,2025-06-15,6.5,6.28,3.8,409,148.4,13.2,Safe
UNIT 3A,Sootblower Area,26,2021,2021-06-15,6.5,5.8,3.8,446,161.5,41.22,Watch
UNIT 3A,Sootblower Area,26,2022,2022-06-15,6.5,5.6,3.8,446,161.5,55.03,Watch
UNIT 3A,Sootblower Area,26,2023,2023-06-15,6.5,5.35,3.8,446,161.5,69.42,Watch
UNIT 3A,Sootblower Area,26,2024,2024-06-15,6.5,5.14,3.8,446,161.5,82.03,Critical
UNIT 3A,Sootblower Area,26,2025,2025-06-15,6.5,4.67,3.8,446,161.5,95.28,Critical
UNIT 3A,Sootblower Area,27,2021,2021-06-15,6.5,5.67,3.8,403,155.4,42.76,Watch
UNIT 3A,Sootblower Area,27,2022,2022-06-15,6.5,5.54,3.8,403,155.4,55.28,Watch
UNIT 3A,Sootblower Area,27,2023,2023-06-15,6.5,5.13,3.8,403,155.4,68.74,Watch
UNIT 3A,Sootblower Area,27,2024,2024-06-15,6.5,5.1,3.8,403,155.4,82.13,Critical
UNIT 3A,Sootblower Area,27,2025,2025-06-15,6.5,4.82,3.8,403,155.4,94.75,Critical
UNIT 3A,Sootblower Area,28,2021,2021-06-15,6.5,6.45,3.8,407,160.5,2.4,Safe
UNIT 3A,Sootblower Area,28,2022,2022-06-15,6.5,6.42,3.8,407,160.5,4.88,Safe
UNIT 3A,Sootblower Area,28,2023,2023-06-15,6.5,6.38,3.8,407,160.5,7.86,Safe
UNIT 3A,Sootblower Area,28,2024,2024-06-15,6.5,6.34,3.8,407,160.5,10.7,Safe
UNIT 3A,Sootblower Area,28,2025,2025-06-15,6.5,6.29,3.8,407,160.5,13.11,Safe
UNIT 3A,Sootblower Area,29,2021,2021-06-15,6.5,6.48,3.8,432,161.3,1.39,Safe
UNIT 3A,Sootblower Area,29,2022,2022-06-15,6.5,6.46,3.8,432,161.3,2.67,Safe
UNIT 3A,Sootblower Area,29,2023,2023-06-15,6.5,6.43,3.8,432,161.3,3.97,Safe
UNIT 3A,Sootblower Area,29,2024,2024-06-15,6.5,6.4,3.8,432,161.3,5.3,Safe
UNIT 3A,Sootblower Area,29,2025,2025-06-15,6.5,6.39,3.8,432,161.3,6.64,Safe
UNIT 3A,Sootblower Area,30,2021,2021-06-15,6.5,6.36,3.8,435,158.9,7.36,Safe
UNIT 3A,Sootblower Area,30,2022,2022-06-15,6.5,6.33,3.8,435,158.9,8.7,Safe
UNIT 3A,Sootblower Area,30,2023,2023-06-15,6.5,6.3,3.8,435,158.9,10.01,Safe
UNIT 3A,Sootblower Area,30,2024,2024-06-15,6.5,6.3,3.8,435,158.9,11.2,Safe
UNIT 3A,Sootblower Area,30,2025,2025-06-15,6.5,6.27,3.8,435,158.9,12.43,Safe
UNIT 3A,Sootblower Area,31,2021,2021-06-15,6.5,6.45,3.8,420,157.5,2.94,Safe
UNIT 3A,Sootblower Area,31,2022,2022-06-15,6.5,6.41,3.8,420,157.5,5.54,Safe
UNIT 3A,Sootblower Area,31,2023,2023-06-15,6.5,6.36,3.8,420,157.5,7.9,Safe
UNIT 3A,Sootblower Area,31,2024,2024-06-15,6.5,6.32,3.8,420,157.5,10.65,Safe
UNIT 3A,Sootblower Area,31,2025,2025-06-15,6.5,6.29,3.8,420,157.5,13.74,Safe
UNIT 3A,Sootblower Area,32,2021,2021-06-15,6.5,6.42,3.8,441,150.7,4.2,Safe
UNIT 3A,Sootblower Area,32,2022,2022-06-15,6.5,6.37,3.8,441,150.7,6.85,Safe
UNIT 3A,Sootblower Area,32,2023,2023-06-15,6.5,6.34,3.8,441,150.7,9.12,Safe
UNIT 3A,Sootblower Area,32,2024,2024-06-15,6.5,6.29,3.8,441,150.7,11.53,Safe
UNIT 3A,Sootblower Area,32,2025,2025-06-15,6.5,6.28,3.8,441,150.7,14.19,Safe
UNIT 3A,Sootblower Area,33,2021,2021-06-15,6.5,5.92,3.8,432,149,34.51,Safe
UNIT 3A,Sootblower Area,33,2022,2022-06-15,6.5,5.65,3.8,432,149,44.31,Watch
UNIT 3A,Sootblower Area,33,2023,2023-06-15,6.5,5.69,3.8,432,149,53.18,Watch
UNIT 3A,Sootblower Area,33,2024,2024-06-15,6.5,5.43,3.8,432,149,63.21,Watch
UNIT 3A,Sootblower Area,33,2025,2025-06-15,6.5,5.25,3.8,432,149,71.82,Watch
UNIT 3A,Sootblower Area,34,2021,2021-06-15,6.5,6.14,3.8,412,149.5,23.04,Safe
UNIT 3A,Sootblower Area,34,2022,2022-06-15,6.5,5.89,3.8,412,149.5,34.22,Safe
UNIT 3A,Sootblower Area,34,2023,2023-06-15,6.5,5.6,3.8,412,149.5,44.82,Watch
UNIT 3A,Sootblower Area,34,2024,2024-06-15,6.5,5.65,3.8,412,149.5,55.17,Watch
UNIT 3A,Sootblower Area,34,2025,2025-06-15,6.5,5.44,3.8,412,149.5,66.19,Watch
UNIT 3A,Sootblower Area,35,2021,2021-06-15,6.5,6.46,3.8,419,149.8,2.51,Safe
UNIT 3A,Sootblower Area,35,2022,2022-06-15,6.5,6.43,3.8,419,149.8,4.37,Safe
UNIT 3A,Sootblower Area,35,2023,2023-06-15,6.5,6.39,3.8,419,149.8,5.96,Safe
UNIT 3A,Sootblower Area,35,2024,2024-06-15,6.5,6.37,3.8,419,149.8,7.75,Safe
UNIT 3A,Sootblower Area,35,2025,2025-06-15,6.5,6.35,3.8,419,149.8,9.88,Safe
UNIT 3A,Sootblower Area,36,2021,2021-06-15,6.5,5.87,3.8,429,160.8,34.08,Safe
UNIT 3A,Sootblower Area,36,2022,2022-06-15,6.5,5.69,3.8,429,160.8,49.35,Watch
UNIT 3A,Sootblower Area,36,2023,2023-06-15,6.5,5.27,3.8,429,160.8,63.84,Watch
UNIT 3A,Sootblower Area,36,2024,2024-06-15,6.5,5.04,3.8,429,160.8,76.97,Watch
UNIT 3A,Sootblower Area,36,2025,2025-06-15,6.5,4.75,3.8,429,160.8,93.59,Critical
UNIT 3A,Sootblower Area,37,2021,2021-06-15,6.5,5.82,3.8,417,160.5,43.57,Watch
UNIT 3A,Sootblower Area,37,2022,2022-06-15,6.5,5.59,3.8,417,160.5,59.73,Watch
UNIT 3A,Sootblower Area,37,2023,2023-06-15,6.5,5.15,3.8,417,160.5,72.81,Watch
UNIT 3A,Sootblower Area,37,2024,2024-06-15,6.5,5.15,3.8,417,160.5,85.47,Critical
UNIT 3A,Sootblower Area,37,2025,2025-06-15,6.5,4.62,3.8,417,160.5,97.58,Critical
UNIT 3A,Sootblower Area,38,2021,2021-06-15,6.5,5.8,3.8,400,155.2,41.32,Watch
UNIT 3A,Sootblower Area,38,2022,2022-06-15,6.5,5.42,3.8,400,155.2,53.94,Watch
UNIT 3A,Sootblower Area,38,2023,2023-06-15,6.5,5.14,3.8,400,155.2,68.52,Watch
UNIT 3A,Sootblower Area,38,2024,2024-06-15,6.5,4.9,3.8,400,155.2,82.89,Critical
UNIT 3A,Sootblower Area,38,2025,2025-06-15,6.5,4.8,3.8,400,155.2,98.18,Critical
UNIT 3A,Sootblower Area,39,2021,2021-06-15,6.5,6.04,3.8,414,154.1,25.88,Safe
UNIT 3A,Sootblower Area,39,2022,2022-06-15,6.5,5.86,3.8,414,154.1,32.9,Safe
UNIT 3A,Sootblower Area,39,2023,2023-06-15,6.5,5.85,3.8,414,154.1,39.51,Safe
UNIT 3A,Sootblower Area,39,2024,2024-06-15,6.5,5.64,3.8,414,154.1,46.86,Watch
UNIT 3A,Sootblower Area,39,2025,2025-06-15,6.5,5.6,3.8,414,154.1,54.48,Watch
UNIT 3A,Sootblower Area,40,2021,2021-06-15,6.5,5.96,3.8,423,157.5,32.71,Safe
UNIT 3A,Sootblower Area,40,2022,2022-06-15,6.5,5.57,3.8,423,157.5,47.96,Watch
UNIT 3A,Sootblower Area,40,2023,2023-06-15,6.5,5.51,3.8,423,157.5,63.19,Watch
UNIT 3A,Sootblower Area,40,2024,2024-06-15,6.5,5.3,3.8,423,157.5,79.99,Watch
UNIT 3A,Sootblower Area,40,2025,2025-06-15,6.5,4.82,3.8,423,157.5,94.54,Critical
UNIT 3A,Sootblower Area,41,2021,2021-06-15,6.5,6.45,3.8,433,160.4,3.12,Safe
UNIT 3A,Sootblower Area,41,2022,2022-06-15,6.5,6.42,3.8,433,160.4,4.98,Safe
UNIT 3A,Sootblower Area,41,2023,2023-06-15,6.5,6.38,3.8,433,160.4,6.55,Safe
UNIT 3A,Sootblower Area,41,2024,2024-06-15,6.5,6.35,3.8,433,160.4,8.14,Safe
UNIT 3A,Sootblower Area,41,2025,2025-06-15,6.5,6.31,3.8,433,160.4,9.97,Safe
UNIT 3A,Sootblower Area,42,2021,2021-06-15,6.5,6.41,3.8,417,150.4,6.21,Safe
UNIT 3A,Sootblower Area,42,2022,2022-06-15,6.5,6.37,3.8,417,150.4,7.89,Safe
UNIT 3A,Sootblower Area,42,2023,2023-06-15,6.5,6.35,3.8,417,150.4,9.67,Safe
UNIT 3A,Sootblower Area,42,2024,2024-06-15,6.5,6.29,3.8,417,150.4,11.09,Safe
UNIT 3A,Sootblower Area,42,2025,2025-06-15,6.5,6.25,3.8,417,150.4,12.75,Safe
UNIT 3A,Sootblower Area,43,2021,2021-06-15,6.5,6.11,3.8,433,158.9,25.33,Safe
UNIT 3A,Sootblower Area,43,2022,2022-06-15,6.5,5.92,3.8,433,158.9,32.76,Safe
UNIT 3A,Sootblower Area,43,2023,2023-06-15,6.5,5.88,3.8,433,158.9,39.74,Safe
UNIT 3A,Sootblower Area,43,2024,2024-06-15,6.5,5.74,3.8,433,158.9,45.52,Watch
UNIT 3A,Sootblower Area,43,2025,2025-06-15,6.5,5.56,3.8,433,158.9,52.15,Watch
UNIT 3A,Sootblower Area,44,2021,2021-06-15,6.5,6.11,3.8,405,149.9,23.27,Safe
UNIT 3A,Sootblower Area,44,2022,2022-06-15,6.5,5.93,3.8,405,149.9,33.08,Safe
UNIT 3A,Sootblower Area,44,2023,2023-06-15,6.5,5.71,3.8,405,149.9,43.9,Watch
UNIT 3A,Sootblower Area,44,2024,2024-06-15,6.5,5.64,3.8,405,149.9,54.94,Watch
UNIT 3A,Sootblower Area,44,2025,2025-06-15,6.5,5.28,3.8,405,149.9,63.95,Watch
UNIT 3A,Sootblower Area,45,2021,2021-06-15,6.5,5.73,3.8,448,150.3,39.29,Safe
UNIT 3A,Sootblower Area,45,2022,2022-06-15,6.5,5.49,3.8,448,150.3,49.9,Watch
UNIT 3A,Sootblower Area,45,2023,2023-06-15,6.5,5.37,3.8,448,150.3,60.39,Watch
UNIT 3A,Sootblower Area,45,2024,2024-06-15,6.5,5.12,3.8,448,150.3,71.18,Watch
UNIT 3A,Sootblower Area,45,2025,2025-06-15,6.5,4.89,3.8,448,150.3,82.27,Critical
UNIT 3A,Sootblower Area,46,2021,2021-06-15,6.5,6.46,3.8,436,161.9,2.08,Safe
UNIT 3A,Sootblower Area,46,2022,2022-06-15,6.5,6.45,3.8,436,161.9,3.28,Safe
UNIT 3A,Sootblower Area,46,2023,2023-06-15,6.5,6.43,3.8,436,161.9,4.47,Safe
UNIT 3A,Sootblower Area,46,2024,2024-06-15,6.5,6.39,3.8,436,161.9,5.74,Safe
UNIT 3A,Sootblower Area,46,2025,2025-06-15,6.5,6.36,3.8,436,161.9,6.92,Safe
UNIT 3A,Sootblower Area,47,2021,2021-06-15,6.5,6.03,3.8,438,158.2,26.35,Safe
UNIT 3A,Sootblower Area,47,2022,2022-06-15,6.5,5.84,3.8,438,158.2,33.71,Safe
UNIT 3A,Sootblower Area,47,2023,2023-06-15,6.5,5.85,3.8,438,158.2,41.54,Watch
UNIT 3A,Sootblower Area,47,2024,2024-06-15,6.5,5.71,3.8,438,158.2,51.07,Watch
UNIT 3A,Sootblower Area,47,2025,2025-06-15,6.5,5.56,3.8,438,158.2,58.29,Watch
UNIT 3A,Sootblower Area,48,2021,2021-06-15,6.5,6.46,3.8,410,155.8,2.93,Safe
UNIT 3A,Sootblower Area,48,2022,2022-06-15,6.5,6.4,3.8,410,155.8,5.15,Safe
UNIT 3A,Sootblower Area,48,2023,2023-06-15,6.5,6.36,3.8,410,155.8,7.65,Safe
UNIT 3A,Sootblower Area,48,2024,2024-06-15,6.5,6.33,3.8,410,155.8,9.82,Safe
UNIT 3A,Sootblower Area,48,2025,2025-06-15,6.5,6.26,3.8,410,155.8,12.37,Safe
UNIT 3A,Sootblower Area,49,2021,2021-06-15,6.5,6.49,3.8,433,153,0.95,Safe
UNIT 3A,Sootblower Area,49,2022,2022-06-15,6.5,6.47,3.8,433,153,1.9,Safe
UNIT 3A,Sootblower Area,49,2023,2023-06-15,6.5,6.45,3.8,433,153,2.89,Safe
UNIT 3A,Sootblower Area,49,2024,2024-06-15,6.5,6.43,3.8,433,153,3.77,Safe
UNIT 3A,Sootblower Area,49,2025,2025-06-15,6.5,6.42,3.8,433,153,4.87,Safe
UNIT 3A,Sootblower Area,50,2021,2021-06-15,6.5,5.99,3.8,400,157.6,25.78,Safe
UNIT 3A,Sootblower Area,50,2022,2022-06-15,6.5,5.84,3.8,400,157.6,34.61,Safe
UNIT 3A,Sootblower Area,50,2023,2023-06-15,6.5,5.65,3.8,400,157.6,44.64,Watch
UNIT 3A,Sootblower Area,50,2024,2024-06-15,6.5,5.72,3.8,400,157.6,52.35,Watch
UNIT 3A,Sootblower Area,50,2025,2025-06-15,6.5,5.33,3.8,400,157.6,62.37,Watch
UNIT 3A,Sootblower Area,51,2021,2021-06-15,6.5,6.04,3.8,423,157.7,29.62,Safe
UNIT 3A,Sootblower Area,51,2022,2022-06-15,6.5,5.78,3.8,423,157.7,39.79,Safe
UNIT 3A,Sootblower Area,51,2023,2023-06-15,6.5,5.72,3.8,423,157.7,48.96,Watch
UNIT 3A,Sootblower Area,51,2024,2024-06-15,6.5,5.57,3.8,423,157.7,59.73,Watch
UNIT 3A,Sootblower Area,51,2025,2025-06-15,6.5,5.24,3.8,423,157.7,69.16,Watch
UNIT 3A,Sootblower Area,52,2021,2021-06-15,6.5,6.49,3.8,443,152.4,0.49,Safe
UNIT 3A,Sootblower Area,52,2022,2022-06-15,6.5,6.46,3.8,443,152.4,2.1,Safe
UNIT 3A,Sootblower Area,52,2023,2023-06-15,6.5,6.43,3.8,443,152.4,3.39,Safe
UNIT 3A,Sootblower Area,52,2024,2024-06-15,6.5,6.43,3.8,443,152.4,4.65,Safe
UNIT 3A,Sootblower Area,52,2025,2025-06-15,6.5,6.41,3.8,443,152.4,6.11,Safe
UNIT 3A,Sootblower Area,53,2021,2021-06-15,6.5,5.81,3.8,401,157.4,45.51,Watch
UNIT 3A,Sootblower Area,53,2022,2022-06-15,6.5,5.4,3.8,401,157.4,63.01,Watch
UNIT 3A,Sootblower Area,53,2023,2023-06-15,6.5,5.23,3.8,401,157.4,76.99,Watch
UNIT 3A,Sootblower Area,53,2024,2024-06-15,6.5,5.11,3.8,401,157.4,92.9,Critical
UNIT 3A,Sootblower Area,53,2025,2025-06-15,6.5,4.84,3.8,401,157.4,99.5,Critical
UNIT 3A,Sootblower Area,54,2021,2021-06-15,6.5,6.14,3.8,438,156.4,22.37,Safe
UNIT 3A,Sootblower Area,54,2022,2022-06-15,6.5,5.94,3.8,438,156.4,30.88,Safe
UNIT 3A,Sootblower Area,54,2023,2023-06-15,6.5,5.9,3.8,438,156.4,40.05,Watch
UNIT 3A,Sootblower Area,54,2024,2024-06-15,6.5,5.56,3.8,438,156.4,48.9,Watch
UNIT 3A,Sootblower Area,54,2025,2025-06-15,6.5,5.49,3.8,438,156.4,56.9,Watch
UNIT 3A,Sootblower Area,55,2021,2021-06-15,6.5,6.38,3.8,415,155.9,7.55,Safe
UNIT 3A,Sootblower Area,55,2022,2022-06-15,6.5,6.35,3.8,415,155.9,9.37,Safe
UNIT 3A,Sootblower Area,55,2023,2023-06-15,6.5,6.32,3.8,415,155.9,11.09,Safe
UNIT 3A,Sootblower Area,55,2024,2024-06-15,6.5,6.25,3.8,415,155.9,12.94,Safe
UNIT 3A,Sootblower Area,55,2025,2025-06-15,6.5,6.26,3.8,415,155.9,14.94,Safe
UNIT 3A,Sootblower Area,56,2021,2021-06-15,6.5,6.38,3.8,433,151.7,5.92,Safe
UNIT 3A,Sootblower Area,56,2022,2022-06-15,6.5,6.34,3.8,433,151.7,8.7,Safe
UNIT 3A,Sootblower Area,56,2023,2023-06-15,6.5,6.32,3.8,433,151.7,11.16,Safe
UNIT 3A,Sootblower Area,56,2024,2024-06-15,6.5,6.26,3.8,433,151.7,13.68,Safe
UNIT 3A,Sootblower Area,56,2025,2025-06-15,6.5,6.18,3.8,433,151.7,16.31,Safe
UNIT 3A,Sootblower Area,57,2021,2021-06-15,6.5,5.8,3.8,442,153.7,37.21,Safe
UNIT 3A,Sootblower Area,57,2022,2022-06-15,6.5,5.73,3.8,442,153.7,48.18,Watch
UNIT 3A,Sootblower Area,57,2023,2023-06-15,6.5,5.42,3.8,442,153.7,57.07,Watch
UNIT 3A,Sootblower Area,57,2024,2024-06-15,6.5,5.27,3.8,442,153.7,65.98,Watch
UNIT 3A,Sootblower Area,57,2025,2025-06-15,6.5,5.02,3.8,442,153.7,75.78,Watch
UNIT 3A,Sootblower Area,58,2021,2021-06-15,6.5,5.67,3.8,408,148.3,47.43,Watch
UNIT 3A,Sootblower Area,58,2022,2022-06-15,6.5,5.48,3.8,408,148.3,62.82,Watch
UNIT 3A,Sootblower Area,58,2023,2023-06-15,6.5,5.22,3.8,408,148.3,80.95,Critical
UNIT 3A,Sootblower Area,58,2024,2024-06-15,6.5,5.07,3.8,408,148.3,95.68,Critical
UNIT 3A,Sootblower Area,58,2025,2025-06-15,6.5,4.56,3.8,408,148.3,99.5,Critical
UNIT 3A,Sootblower Area,59,2021,2021-06-15,6.5,6.4,3.8,432,154.6,5.72,Safe
UNIT 3A,Sootblower Area,59,2022,2022-06-15,6.5,6.37,3.8,432,154.6,6.8,Safe
UNIT 3A,Sootblower Area,59,2023,2023-06-15,6.5,6.37,3.8,432,154.6,7.8,Safe
UNIT 3A,Sootblower Area,59,2024,2024-06-15,6.5,6.35,3.8,432,154.6,8.61,Safe
UNIT 3A,Sootblower Area,59,2025,2025-06-15,6.5,6.32,3.8,432,154.6,9.6,Safe
UNIT 3A,Sootblower Area,60,2021,2021-06-15,6.5,6.08,3.8,420,157.8,21.08,Safe
UNIT 3A,Sootblower Area,60,2022,2022-06-15,6.5,5.97,3.8,420,157.8,28.52,Safe
UNIT 3A,Sootblower Area,60,2023,2023-06-15,6.5,5.93,3.8,420,157.8,36.33,Safe
UNIT 3A,Sootblower Area,60,2024,2024-06-15,6.5,5.81,3.8,420,157.8,43.03,Watch
UNIT 3A,Sootblower Area,60,2025,2025-06-15,6.5,5.73,3.8,420,157.8,51.38,Watch
UNIT 3A,Sootblower Area,61,2021,2021-06-15,6.5,6.05,3.8,429,152.6,22.65,Safe
UNIT 3A,Sootblower Area,61,2022,2022-06-15,6.5,5.95,3.8,429,152.6,32.03,Safe
UNIT 3A,Sootblower Area,61,2023,2023-06-15,6.5,5.75,3.8,429,152.6,41.81,Watch
UNIT 3A,Sootblower Area,61,2024,2024-06-15,6.5,5.57,3.8,429,152.6,49.95,Watch
UNIT 3A,Sootblower Area,61,2025,2025-06-15,6.5,5.44,3.8,429,152.6,59.31,Watch
UNIT 3A,Sootblower Area,62,2021,2021-06-15,6.5,6.45,3.8,449,151.5,2.55,Safe
UNIT 3A,Sootblower Area,62,2022,2022-06-15,6.5,6.44,3.8,449,151.5,4.06,Safe
UNIT 3A,Sootblower Area,62,2023,2023-06-15,6.5,6.41,3.8,449,151.5,5.8,Safe
UNIT 3A,Sootblower Area,62,2024,2024-06-15,6.5,6.36,3.8,449,151.5,7.24,Safe
UNIT 3A,Sootblower Area,62,2025,2025-06-15,6.5,6.33,3.8,449,151.5,8.95,Safe
UNIT 3A,Sootblower Area,63,2021,2021-06-15,6.5,6.46,3.8,412,150.4,2.26,Safe
UNIT 3A,Sootblower Area,63,2022,2022-06-15,6.5,6.41,3.8,412,150.4,4.93,Safe
UNIT 3A,Sootblower Area,63,2023,2023-06-15,6.5,6.34,3.8,412,150.4,7.81,Safe
UNIT 3A,Sootblower Area,63,2024,2024-06-15,6.5,6.31,3.8,412,150.4,10.49,Safe
UNIT 3A,Sootblower Area,63,2025,2025-06-15,6.5,6.28,3.8,412,150.4,13.73,Safe
UNIT 3A,Sootblower Area,64,2021,2021-06-15,6.5,6.17,3.8,403,152.6,20.83,Safe
UNIT 3A,Sootblower Area,64,2022,2022-06-15,6.5,6,3.8,403,152.6,29.06,Safe
UNIT 3A,Sootblower Area,64,2023,2023-06-15,6.5,5.82,3.8,403,152.6,36.4,Safe
UNIT 3A,Sootblower Area,64,2024,2024-06-15,6.5,5.76,3.8,403,152.6,44.96,Watch
UNIT 3A,Sootblower Area,64,2025,2025-06-15,6.5,5.7,3.8,403,152.6,51.53,Watch
UNIT 3A,Sootblower Area,65,2021,2021-06-15,6.5,6.48,3.8,407,157.4,1.18,Safe
UNIT 3A,Sootblower Area,65,2022,2022-06-15,6.5,6.45,3.8,407,157.4,2.8,Safe
UNIT 3A,Sootblower Area,65,2023,2023-06-15,6.5,6.4,3.8,407,157.4,4.75,Safe
UNIT 3A,Sootblower Area,65,2024,2024-06-15,6.5,6.37,3.8,407,157.4,6.42,Safe
UNIT 3A,Sootblower Area,65,2025,2025-06-15,6.5,6.35,3.8,407,157.4,8.24,Safe
UNIT 3A,Sootblower Area,66,2021,2021-06-15,6.5,6.46,3.8,426,159.2,2.13,Safe
UNIT 3A,Sootblower Area,66,2022,2022-06-15,6.5,6.45,3.8,426,159.2,3.01,Safe
UNIT 3A,Sootblower Area,66,2023,2023-06-15,6.5,6.44,3.8,426,159.2,3.88,Safe
UNIT 3A,Sootblower Area,66,2024,2024-06-15,6.5,6.42,3.8,426,159.2,4.91,Safe
UNIT 3A,Sootblower Area,66,2025,2025-06-15,6.5,6.4,3.8,426,159.2,5.78,Safe
UNIT 3A,Sootblower Area,67,2021,2021-06-15,6.5,6.14,3.8,445,149,24.25,Safe
UNIT 3A,Sootblower Area,67,2022,2022-06-15,6.5,5.94,3.8,445,149,30.72,Safe
UNIT 3A,Sootblower Area,67,2023,2023-06-15,6.5,5.87,3.8,445,149,37.3,Safe
UNIT 3A,Sootblower Area,67,2024,2024-06-15,6.5,5.82,3.8,445,149,44.99,Watch
UNIT 3A,Sootblower Area,67,2025,2025-06-15,6.5,5.46,3.8,445,149,51.6,Watch
UNIT 3A,Sootblower Area,68,2021,2021-06-15,6.5,6.38,3.8,403,150,7.73,Safe
UNIT 3A,Sootblower Area,68,2022,2022-06-15,6.5,6.35,3.8,403,150,9.85,Safe
UNIT 3A,Sootblower Area,68,2023,2023-06-15,6.5,6.32,3.8,403,150,11.82,Safe
UNIT 3A,Sootblower Area,68,2024,2024-06-15,6.5,6.25,3.8,403,150,13.66,Safe
UNIT 3A,Sootblower Area,68,2025,2025-06-15,6.5,6.22,3.8,403,150,15.63,Safe
UNIT 3A,Sootblower Area,69,2021,2021-06-15,6.5,5.74,3.8,403,156.3,43.36,Watch
UNIT 3A,Sootblower Area,69,2022,2022-06-15,6.5,5.6,3.8,403,156.3,53.91,Watch
UNIT 3A,Sootblower Area,69,2023,2023-06-15,6.5,5.38,3.8,403,156.3,65.96,Watch
UNIT 3A,Sootblower Area,69,2024,2024-06-15,6.5,4.98,3.8,403,156.3,75.63,Watch
UNIT 3A,Sootblower Area,69,2025,2025-06-15,6.5,4.86,3.8,403,156.3,85.47,Critical
UNIT 3A,Sootblower Area,70,2021,2021-06-15,6.5,5.74,3.8,401,148.4,40.24,Watch
UNIT 3A,Sootblower Area,70,2022,2022-06-15,6.5,5.59,3.8,401,148.4,50.96,Watch
UNIT 3A,Sootblower Area,70,2023,2023-06-15,6.5,5.35,3.8,401,148.4,63.53,Watch
UNIT 3A,Sootblower Area,70,2024,2024-06-15,6.5,5.25,3.8,401,148.4,74.92,Watch
UNIT 3A,Sootblower Area,70,2025,2025-06-15,6.5,4.82,3.8,401,148.4,84.9,Critical
UNIT 3A,Sootblower Area,71,2021,2021-06-15,6.5,6.45,3.8,447,150.4,2.98,Safe
UNIT 3A,Sootblower Area,71,2022,2022-06-15,6.5,6.43,3.8,447,150.4,4.61,Safe
UNIT 3A,Sootblower Area,71,2023,2023-06-15,6.5,6.39,3.8,447,150.4,6.41,Safe
UNIT 3A,Sootblower Area,71,2024,2024-06-15,6.5,6.34,3.8,447,150.4,8.13,Safe
UNIT 3A,Sootblower Area,71,2025,2025-06-15,6.5,6.35,3.8,447,150.4,9.96,Safe
UNIT 3A,Sootblower Area,72,2021,2021-06-15,6.5,6.37,3.8,402,149.5,7.12,Safe
UNIT 3A,Sootblower Area,72,2022,2022-06-15,6.5,6.37,3.8,402,149.5,8.93,Safe
UNIT 3A,Sootblower Area,72,2023,2023-06-15,6.5,6.32,3.8,402,149.5,10.83,Safe
UNIT 3A,Sootblower Area,72,2024,2024-06-15,6.5,6.28,3.8,402,149.5,12.47,Safe
UNIT 3A,Sootblower Area,72,2025,2025-06-15,6.5,6.25,3.8,402,149.5,14.3,Safe
UNIT 3A,Sootblower Area,73,2021,2021-06-15,6.5,5.7,3.8,428,158,39.53,Safe
UNIT 3A,Sootblower Area,73,2022,2022-06-15,6.5,5.66,3.8,428,158,49.67,Watch
UNIT 3A,Sootblower Area,73,2023,2023-06-15,6.5,5.36,3.8,428,158,62.74,Watch
UNIT 3A,Sootblower Area,73,2024,2024-06-15,6.5,5.07,3.8,428,158,76.27,Watch
UNIT 3A,Sootblower Area,73,2025,2025-06-15,6.5,5.14,3.8,428,158,88.88,Critical
UNIT 3A,Sootblower Area,74,2021,2021-06-15,6.5,6.4,3.8,423,161.9,6.1,Safe
UNIT 3A,Sootblower Area,74,2022,2022-06-15,6.5,6.34,3.8,423,161.9,8.01,Safe
UNIT 3A,Sootblower Area,74,2023,2023-06-15,6.5,6.3,3.8,423,161.9,10.16,Safe
UNIT 3A,Sootblower Area,74,2024,2024-06-15,6.5,6.25,3.8,423,161.9,12.17,Safe
UNIT 3A,Sootblower Area,74,2025,2025-06-15,6.5,6.28,3.8,423,161.9,14.04,Safe
UNIT 3A,Sootblower Area,75,2021,2021-06-15,6.5,5.75,3.8,449,156.6,44.88,Watch
UNIT 3A,Sootblower Area,75,2022,2022-06-15,6.5,5.6,3.8,449,156.6,57.71,Watch
UNIT 3A,Sootblower Area,75,2023,2023-06-15,6.5,5.39,3.8,449,156.6,69.83,Watch
UNIT 3A,Sootblower Area,75,2024,2024-06-15,6.5,5.1,3.8,449,156.6,81.76,Critical
UNIT 3A,Sootblower Area,75,2025,2025-06-15,6.5,4.84,3.8,449,156.6,94.19,Critical
UNIT 3A,Sootblower Area,76,2021,2021-06-15,6.5,6.48,3.8,423,148.9,0.97,Safe
UNIT 3A,Sootblower Area,76,2022,2022-06-15,6.5,6.45,3.8,423,148.9,2.3,Safe
UNIT 3A,Sootblower Area,76,2023,2023-06-15,6.5,6.44,3.8,423,148.9,3.93,Safe
UNIT 3A,Sootblower Area,76,2024,2024-06-15,6.5,6.39,3.8,423,148.9,5.49,Safe
UNIT 3A,Sootblower Area,76,2025,2025-06-15,6.5,6.37,3.8,423,148.9,6.88,Safe
UNIT 3A,Sootblower Area,77,2021,2021-06-15,6.5,6.45,3.8,422,161.9,2.97,Safe
UNIT 3A,Sootblower Area,77,2022,2022-06-15,6.5,6.41,3.8,422,161.9,5.36,Safe
UNIT 3A,Sootblower Area,77,2023,2023-06-15,6.5,6.38,3.8,422,161.9,7.79,Safe
UNIT 3A,Sootblower Area,77,2024,2024-06-15,6.5,6.32,3.8,422,161.9,10.45,Safe
UNIT 3A,Sootblower Area,77,2025,2025-06-15,6.5,6.28,3.8,422,161.9,12.82,Safe
UNIT 3A,Sootblower Area,78,2021,2021-06-15,6.5,6.37,3.8,411,154.2,6.73,Safe
UNIT 3A,Sootblower Area,78,2022,2022-06-15,6.5,6.33,3.8,411,154.2,9.54,Safe
UNIT 3A,Sootblower Area,78,2023,2023-06-15,6.5,6.29,3.8,411,154.2,12.47,Safe
UNIT 3A,Sootblower Area,78,2024,2024-06-15,6.5,6.22,3.8,411,154.2,15.25,Safe
UNIT 3A,Sootblower Area,78,2025,2025-06-15,6.5,6.16,3.8,411,154.2,17.87,Safe
UNIT 3A,Sootblower Area,79,2021,2021-06-15,6.5,6.5,3.8,450,155.9,0.19,Safe
UNIT 3A,Sootblower Area,79,2022,2022-06-15,6.5,6.45,3.8,450,155.9,2.6,Safe
UNIT 3A,Sootblower Area,79,2023,2023-06-15,6.5,6.41,3.8,450,155.9,4.86,Safe
UNIT 3A,Sootblower Area,79,2024,2024-06-15,6.5,6.39,3.8,450,155.9,7.14,Safe
UNIT 3A,Sootblower Area,79,2025,2025-06-15,6.5,6.31,3.8,450,155.9,9.69,Safe
UNIT 3A,Sootblower Area,80,2021,2021-06-15,6.5,6.06,3.8,412,156.7,26.83,Safe
UNIT 3A,Sootblower Area,80,2022,2022-06-15,6.5,5.9,3.8,412,156.7,34.23,Safe
UNIT 3A,Sootblower Area,80,2023,2023-06-15,6.5,5.68,3.8,412,156.7,42.73,Watch
UNIT 3A,Sootblower Area,80,2024,2024-06-15,6.5,5.55,3.8,412,156.7,51.1,Watch
UNIT 3A,Sootblower Area,80,2025,2025-06-15,6.5,5.44,3.8,412,156.7,59.21,Watch
UNIT 3A,Sootblower Area,81,2021,2021-06-15,6.5,6.03,3.8,422,155.9,24.14,Safe
UNIT 3A,Sootblower Area,81,2022,2022-06-15,6.5,5.85,3.8,422,155.9,33.19,Safe
UNIT 3A,Sootblower Area,81,2023,2023-06-15,6.5,5.84,3.8,422,155.9,42.32,Watch
UNIT 3A,Sootblower Area,81,2024,2024-06-15,6.5,5.63,3.8,422,155.9,53.66,Watch
UNIT 3A,Sootblower Area,81,2025,2025-06-15,6.5,5.39,3.8,422,155.9,64.24,Watch
UNIT 3A,Sootblower Area,82,2021,2021-06-15,6.5,6.38,3.8,430,151.2,6.51,Safe
UNIT 3A,Sootblower Area,82,2022,2022-06-15,6.5,6.35,3.8,430,151.2,8.16,Safe
UNIT 3A,Sootblower Area,82,2023,2023-06-15,6.5,6.31,3.8,430,151.2,9.77,Safe
UNIT 3A,Sootblower Area,82,2024,2024-06-15,6.5,6.27,3.8,430,151.2,11.33,Safe
UNIT 3A,Sootblower Area,82,2025,2025-06-15,6.5,6.29,3.8,430,151.2,12.71,Safe
UNIT 3A,Sootblower Area,83,2021,2021-06-15,6.5,6.04,3.8,416,150.6,29.27,Safe
UNIT 3A,Sootblower Area,83,2022,2022-06-15,6.5,5.89,3.8,416,150.6,37.05,Safe
UNIT 3A,Sootblower Area,83,2023,2023-06-15,6.5,5.64,3.8,416,150.6,44.42,Watch
UNIT 3A,Sootblower Area,83,2024,2024-06-15,6.5,5.5,3.8,416,150.6,52.16,Watch
UNIT 3A,Sootblower Area,83,2025,2025-06-15,6.5,5.47,3.8,416,150.6,61.6,Watch
UNIT 3A,Sootblower Area,84,2021,2021-06-15,6.5,5.99,3.8,427,159.3,31.89,Safe
UNIT 3A,Sootblower Area,84,2022,2022-06-15,6.5,5.84,3.8,427,159.3,40.32,Watch
UNIT 3A,Sootblower Area,84,2023,2023-06-15,6.5,5.68,3.8,427,159.3,50.62,Watch
UNIT 3A,Sootblower Area,84,2024,2024-06-15,6.5,5.5,3.8,427,159.3,59.74,Watch
UNIT 3A,Sootblower Area,84,2025,2025-06-15,6.5,5.33,3.8,427,159.3,68.45,Watch
UNIT 3A,Sootblower Area,85,2021,2021-06-15,6.5,6.43,3.8,400,153,3.53,Safe
UNIT 3A,Sootblower Area,85,2022,2022-06-15,6.5,6.41,3.8,400,153,5.27,Safe
UNIT 3A,Sootblower Area,85,2023,2023-06-15,6.5,6.4,3.8,400,153,6.85,Safe
UNIT 3A,Sootblower Area,85,2024,2024-06-15,6.5,6.33,3.8,400,153,8.75,Safe
UNIT 3A,Sootblower Area,85,2025,2025-06-15,6.5,6.33,3.8,400,153,10.35,Safe
UNIT 3A,Sootblower Area,86,2021,2021-06-15,6.5,6.34,3.8,425,148.9,7.83,Safe
UNIT 3A,Sootblower Area,86,2022,2022-06-15,6.5,6.35,3.8,425,148.9,8.88,Safe
UNIT 3A,Sootblower Area,86,2023,2023-06-15,6.5,6.34,3.8,425,148.9,10.01,Safe
UNIT 3A,Sootblower Area,86,2024,2024-06-15,6.5,6.3,3.8,425,148.9,11.4,Safe
UNIT 3A,Sootblower Area,86,2025,2025-06-15,6.5,6.25,3.8,425,148.9,12.47,Safe
UNIT 3A,Sootblower Area,87,2021,2021-06-15,6.5,6.02,3.8,413,148.2,25.56,Safe
UNIT 3A,Sootblower Area,87,2022,2022-06-15,6.5,5.99,3.8,413,148.2,31.68,Safe
UNIT 3A,Sootblower Area,87,2023,2023-06-15,6.5,5.77,3.8,413,148.2,38.68,Safe
UNIT 3A,Sootblower Area,87,2024,2024-06-15,6.5,5.78,3.8,413,148.2,45.39,Watch
UNIT 3A,Sootblower Area,87,2025,2025-06-15,6.5,5.54,3.8,413,148.2,51.01,Watch
UNIT 3A,Sootblower Area,88,2021,2021-06-15,6.5,6.39,3.8,446,149,6.1,Safe
UNIT 3A,Sootblower Area,88,2022,2022-06-15,6.5,6.38,3.8,446,149,7.44,Safe
UNIT 3A,Sootblower Area,88,2023,2023-06-15,6.5,6.35,3.8,446,149,8.7,Safe
UNIT 3A,Sootblower Area,88,2024,2024-06-15,6.5,6.3,3.8,446,149,10.01,Safe
UNIT 3A,Sootblower Area,88,2025,2025-06-15,6.5,6.33,3.8,446,149,11.29,Safe
UNIT 3A,Sootblower Area,89,2021,2021-06-15,6.5,6.4,3.8,425,150,6.14,Safe
UNIT 3A,Sootblower Area,89,2022,2022-06-15,6.5,6.35,3.8,425,150,7.85,Safe
UNIT 3A,Sootblower Area,89,2023,2023-06-15,6.5,6.35,3.8,425,150,9.39,Safe
UNIT 3A,Sootblower Area,89,2024,2024-06-15,6.5,6.28,3.8,425,150,11.12,Safe
UNIT 3A,Sootblower Area,89,2025,2025-06-15,6.5,6.26,3.8,425,150,12.6,Safe
UNIT 3A,Sootblower Area,90,2021,2021-06-15,6.5,6,3.8,409,153.7,26.55,Safe
UNIT 3A,Sootblower Area,90,2022,2022-06-15,6.5,5.95,3.8,409,153.7,34.45,Safe
UNIT 3A,Sootblower Area,90,2023,2023-06-15,6.5,5.73,3.8,409,153.7,41.93,Watch
UNIT 3A,Sootblower Area,90,2024,2024-06-15,6.5,5.69,3.8,409,153.7,48.7,Watch
UNIT 3A,Sootblower Area,90,2025,2025-06-15,6.5,5.43,3.8,409,153.7,55.38,Watch
UNIT 3A,Sootblower Area,91,2021,2021-06-15,6.5,5.75,3.8,434,157.6,44.59,Watch
UNIT 3A,Sootblower Area,91,2022,2022-06-15,6.5,5.63,3.8,434,157.6,55.05,Watch
UNIT 3A,Sootblower Area,91,2023,2023-06-15,6.5,5.48,3.8,434,157.6,63.4,Watch
UNIT 3A,Sootblower Area,91,2024,2024-06-15,6.5,5.07,3.8,434,157.6,74.17,Watch
UNIT 3A,Sootblower Area,91,2025,2025-06-15,6.5,5.17,3.8,434,157.6,83.1,Critical
UNIT 3A,Sootblower Area,92,2021,2021-06-15,6.5,5.97,3.8,404,160.4,35.28,Safe
UNIT 3A,Sootblower Area,92,2022,2022-06-15,6.5,5.79,3.8,404,160.4,47.03,Watch
UNIT 3A,Sootblower Area,92,2023,2023-06-15,6.5,5.49,3.8,404,160.4,58.61,Watch
UNIT 3A,Sootblower Area,92,2024,2024-06-15,6.5,5.2,3.8,404,160.4,67.83,Watch
UNIT 3A,Sootblower Area,92,2025,2025-06-15,6.5,4.98,3.8,404,160.4,77.6,Watch
UNIT 3A,Sootblower Area,93,2021,2021-06-15,6.5,6.47,3.8,429,157.8,1.93,Safe
UNIT 3A,Sootblower Area,93,2022,2022-06-15,6.5,6.43,3.8,429,157.8,4.59,Safe
UNIT 3A,Sootblower Area,93,2023,2023-06-15,6.5,6.38,3.8,429,157.8,7.35,Safe
UNIT 3A,Sootblower Area,93,2024,2024-06-15,6.5,6.31,3.8,429,157.8,9.63,Safe
UNIT 3A,Sootblower Area,93,2025,2025-06-15,6.5,6.29,3.8,429,157.8,12.53,Safe
UNIT 3A,Sootblower Area,94,2021,2021-06-15,6.5,5.82,3.8,420,156.5,35.53,Safe
UNIT 3A,Sootblower Area,94,2022,2022-06-15,6.5,5.7,3.8,420,156.5,48.71,Watch
UNIT 3A,Sootblower Area,94,2023,2023-06-15,6.5,5.49,3.8,420,156.5,61,Watch
UNIT 3A,Sootblower Area,94,2024,2024-06-15,6.5,5.31,3.8,420,156.5,75.56,Watch
UNIT 3A,Sootblower Area,94,2025,2025-06-15,6.5,4.78,3.8,420,156.5,91.63,Critical
UNIT 3A,Sootblower Area,95,2021,2021-06-15,6.5,5.91,3.8,411,155.8,38.26,Safe
UNIT 3A,Sootblower Area,95,2022,2022-06-15,6.5,5.72,3.8,411,155.8,49.89,Watch
UNIT 3A,Sootblower Area,95,2023,2023-06-15,6.5,5.37,3.8,411,155.8,61.36,Watch
UNIT 3A,Sootblower Area,95,2024,2024-06-15,6.5,5.1,3.8,411,155.8,75.97,Watch
UNIT 3A,Sootblower Area,95,2025,2025-06-15,6.5,4.87,3.8,411,155.8,90.53,Critical
UNIT 3A,Sootblower Area,96,2021,2021-06-15,6.5,6.48,3.8,419,161.3,0.82,Safe
UNIT 3A,Sootblower Area,96,2022,2022-06-15,6.5,6.47,3.8,419,161.3,1.89,Safe
UNIT 3A,Sootblower Area,96,2023,2023-06-15,6.5,6.45,3.8,419,161.3,2.91,Safe
UNIT 3A,Sootblower Area,96,2024,2024-06-15,6.5,6.42,3.8,419,161.3,3.82,Safe
UNIT 3A,Sootblower Area,96,2025,2025-06-15,6.5,6.41,3.8,419,161.3,4.74,Safe
UNIT 3A,Sootblower Area,97,2021,2021-06-15,6.5,6.48,3.8,424,155.9,1.27,Safe
UNIT 3A,Sootblower Area,97,2022,2022-06-15,6.5,6.47,3.8,424,155.9,1.98,Safe
UNIT 3A,Sootblower Area,97,2023,2023-06-15,6.5,6.45,3.8,424,155.9,2.91,Safe
UNIT 3A,Sootblower Area,97,2024,2024-06-15,6.5,6.44,3.8,424,155.9,3.8,Safe
UNIT 3A,Sootblower Area,97,2025,2025-06-15,6.5,6.42,3.8,424,155.9,4.55,Safe
UNIT 3A,Sootblower Area,98,2021,2021-06-15,6.5,6.05,3.8,446,148.6,26.61,Safe
UNIT 3A,Sootblower Area,98,2022,2022-06-15,6.5,5.99,3.8,446,148.6,34.55,Safe
UNIT 3A,Sootblower Area,98,2023,2023-06-15,6.5,5.85,3.8,446,148.6,42.69,Watch
UNIT 3A,Sootblower Area,98,2024,2024-06-15,6.5,5.52,3.8,446,148.6,51.02,Watch
UNIT 3A,Sootblower Area,98,2025,2025-06-15,6.5,5.4,3.8,446,148.6,59.63,Watch
UNIT 3A,Sootblower Area,99,2021,2021-06-15,6.5,6.14,3.8,449,148.3,21.04,Safe
UNIT 3A,Sootblower Area,99,2022,2022-06-15,6.5,5.96,3.8,449,148.3,29.26,Safe
UNIT 3A,Sootblower Area,99,2023,2023-06-15,6.5,5.86,3.8,449,148.3,37.07,Safe
UNIT 3A,Sootblower Area,99,2024,2024-06-15,6.5,5.6,3.8,449,148.3,45.48,Watch
UNIT 3A,Sootblower Area,99,2025,2025-06-15,6.5,5.62,3.8,449,148.3,54.11,Watch
UNIT 3A,Sootblower Area,100,2021,2021-06-15,6.5,6.11,3.8,436,154.3,21.3,Safe
UNIT 3A,Sootblower Area,100,2022,2022-06-15,6.5,5.94,3.8,436,154.3,28.96,Safe
UNIT 3A,Sootblower Area,100,2023,2023-06-15,6.5,5.91,3.8,436,154.3,36.7,Safe
UNIT 3A,Sootblower Area,100,2024,2024-06-15,6.5,5.66,3.8,436,154.3,44.37,Watch
UNIT 3A,Sootblower Area,100,2025,2025-06-15,6.5,5.6,3.8,436,154.3,51.97,Watch
UNIT 3A,Sootblower Area,101,2021,2021-06-15,6.5,6.37,3.8,420,148.5,6.83,Safe
UNIT 3A,Sootblower Area,101,2022,2022-06-15,6.5,6.34,3.8,420,148.5,8.47,Safe
UNIT 3A,Sootblower Area,101,2023,2023-06-15,6.5,6.3,3.8,420,148.5,9.94,Safe
UNIT 3A,Sootblower Area,101,2024,2024-06-15,6.5,6.31,3.8,420,148.5,11.36,Safe
UNIT 3A,Sootblower Area,101,2025,2025-06-15,6.5,6.28,3.8,420,148.5,12.89,Safe
UNIT 3A,Sootblower Area,102,2021,2021-06-15,6.5,6.48,3.8,410,153.9,1.19,Safe
UNIT 3A,Sootblower Area,102,2022,2022-06-15,6.5,6.45,3.8,410,153.9,2.6,Safe
UNIT 3A,Sootblower Area,102,2023,2023-06-15,6.5,6.42,3.8,410,153.9,3.99,Safe
UNIT 3A,Sootblower Area,102,2024,2024-06-15,6.5,6.42,3.8,410,153.9,5.21,Safe
UNIT 3A,Sootblower Area,102,2025,2025-06-15,6.5,6.38,3.8,410,153.9,6.46,Safe
UNIT 3A,Sootblower Area,103,2021,2021-06-15,6.5,5.74,3.8,420,157.1,38.59,Safe
UNIT 3A,Sootblower Area,103,2022,2022-06-15,6.5,5.65,3.8,420,157.1,47.84,Watch
UNIT 3A,Sootblower Area,103,2023,2023-06-15,6.5,5.59,3.8,420,157.1,56.93,Watch
UNIT 3A,Sootblower Area,103,2024,2024-06-15,6.5,5.3,3.8,420,157.1,66.71,Watch
UNIT 3A,Sootblower Area,103,2025,2025-06-15,6.5,5.08,3.8,420,157.1,77.25,Watch
UNIT 3A,Sootblower Area,104,2021,2021-06-15,6.5,6.03,3.8,416,149.1,28,Safe
UNIT 3A,Sootblower Area,104,2022,2022-06-15,6.5,5.95,3.8,416,149.1,36.14,Safe
UNIT 3A,Sootblower Area,104,2023,2023-06-15,6.5,5.77,3.8,416,149.1,44.99,Watch
UNIT 3A,Sootblower Area,104,2024,2024-06-15,6.5,5.41,3.8,416,149.1,55.61,Watch
UNIT 3A,Sootblower Area,104,2025,2025-06-15,6.5,5.27,3.8,416,149.1,65.3,Watch
UNIT 3A,Sootblower Area,105,2021,2021-06-15,6.5,6.08,3.8,420,159.2,27.81,Safe
UNIT 3A,Sootblower Area,105,2022,2022-06-15,6.5,5.9,3.8,420,159.2,36.95,Safe
UNIT 3A,Sootblower Area,105,2023,2023-06-15,6.5,5.7,3.8,420,159.2,44.91,Watch
UNIT 3A,Sootblower Area,105,2024,2024-06-15,6.5,5.65,3.8,420,159.2,54.01,Watch
UNIT 3A,Sootblower Area,105,2025,2025-06-15,6.5,5.34,3.8,420,159.2,62.12,Watch
UNIT 3A,Sootblower Area,106,2021,2021-06-15,6.5,5.9,3.8,446,156.2,39.3,Safe
UNIT 3A,Sootblower Area,106,2022,2022-06-15,6.5,5.39,3.8,446,156.2,56.28,Watch
UNIT 3A,Sootblower Area,106,2023,2023-06-15,6.5,5.21,3.8,446,156.2,69.84,Watch
UNIT 3A,Sootblower Area,106,2024,2024-06-15,6.5,5.16,3.8,446,156.2,86.1,Critical
UNIT 3A,Sootblower Area,106,2025,2025-06-15,6.5,4.57,3.8,446,156.2,99.5,Critical
UNIT 3A,Sootblower Area,107,2021,2021-06-15,6.5,6.37,3.8,402,150.2,7.35,Safe
UNIT 3A,Sootblower Area,107,2022,2022-06-15,6.5,6.34,3.8,402,150.2,8.29,Safe
UNIT 3A,Sootblower Area,107,2023,2023-06-15,6.5,6.35,3.8,402,150.2,9.1,Safe
UNIT 3A,Sootblower Area,107,2024,2024-06-15,6.5,6.33,3.8,402,150.2,10.09,Safe
UNIT 3A,Sootblower Area,107,2025,2025-06-15,6.5,6.3,3.8,402,150.2,11.02,Safe
UNIT 3A,Sootblower Area,108,2021,2021-06-15,6.5,6.09,3.8,449,160.7,26.77,Safe
UNIT 3A,Sootblower Area,108,2022,2022-06-15,6.5,5.77,3.8,449,160.7,37.5,Safe
UNIT 3A,Sootblower Area,108,2023,2023-06-15,6.5,5.77,3.8,449,160.7,48.68,Watch
UNIT 3A,Sootblower Area,108,2024,2024-06-15,6.5,5.59,3.8,449,160.7,58.83,Watch
UNIT 3A,Sootblower Area,108,2025,2025-06-15,6.5,5.23,3.8,449,160.7,68.05,Watch
UNIT 3A,Sootblower Area,109,2021,2021-06-15,6.5,6.46,3.8,411,149.8,1.95,Safe
UNIT 3A,Sootblower Area,109,2022,2022-06-15,6.5,6.46,3.8,411,149.8,2.88,Safe
UNIT 3A,Sootblower Area,109,2023,2023-06-15,6.5,6.44,3.8,411,149.8,3.98,Safe
UNIT 3A,Sootblower Area,109,2024,2024-06-15,6.5,6.41,3.8,411,149.8,4.98,Safe
UNIT 3A,Sootblower Area,109,2025,2025-06-15,6.5,6.4,3.8,411,149.8,5.87,Safe
UNIT 3A,Sootblower Area,110,2021,2021-06-15,6.5,6.46,3.8,419,157.2,2.85,Safe
UNIT 3A,Sootblower Area,110,2022,2022-06-15,6.5,6.43,3.8,419,157.2,3.99,Safe
UNIT 3A,Sootblower Area,110,2023,2023-06-15,6.5,6.42,3.8,419,157.2,5.12,Safe
UNIT 3A,Sootblower Area,110,2024,2024-06-15,6.5,6.39,3.8,419,157.2,6.59,Safe
UNIT 3A,Sootblower Area,110,2025,2025-06-15,6.5,6.37,3.8,419,157.2,7.88,Safe
UNIT 3A,Sootblower Area,111,2021,2021-06-15,6.5,5.82,3.8,437,148.3,43.58,Watch
UNIT 3A,Sootblower Area,111,2022,2022-06-15,6.5,5.52,3.8,437,148.3,58.74,Watch
UNIT 3A,Sootblower Area,111,2023,2023-06-15,6.5,5.33,3.8,437,148.3,71.13,Watch
UNIT 3A,Sootblower Area,111,2024,2024-06-15,6.5,4.88,3.8,437,148.3,83.62,Critical
UNIT 3A,Sootblower Area,111,2025,2025-06-15,6.5,4.68,3.8,437,148.3,99.49,Critical
UNIT 3A,Sootblower Area,112,2021,2021-06-15,6.5,6.37,3.8,449,155.2,6.34,Safe
UNIT 3A,Sootblower Area,112,2022,2022-06-15,6.5,6.35,3.8,449,155.2,8.39,Safe
UNIT 3A,Sootblower Area,112,2023,2023-06-15,6.5,6.29,3.8,449,155.2,10.78,Safe
UNIT 3A,Sootblower Area,112,2024,2024-06-15,6.5,6.27,3.8,449,155.2,13.26,Safe
UNIT 3A,Sootblower Area,112,2025,2025-06-15,6.5,6.24,3.8,449,155.2,15.58,Safe
UNIT 3A,Sootblower Area,113,2021,2021-06-15,6.5,6.01,3.8,414,155,31.04,Safe
UNIT 3A,Sootblower Area,113,2022,2022-06-15,6.5,5.89,3.8,414,155,38.98,Safe
UNIT 3A,Sootblower Area,113,2023,2023-06-15,6.5,5.59,3.8,414,155,46.11,Watch
UNIT 3A,Sootblower Area,113,2024,2024-06-15,6.5,5.67,3.8,414,155,54.27,Watch
UNIT 3A,Sootblower Area,113,2025,2025-06-15,6.5,5.54,3.8,414,155,62.99,Watch
UNIT 3A,Sootblower Area,114,2021,2021-06-15,6.5,6.04,3.8,441,158.1,26.4,Safe
UNIT 3A,Sootblower Area,114,2022,2022-06-15,6.5,5.82,3.8,441,158.1,34.25,Safe
UNIT 3A,Sootblower Area,114,2023,2023-06-15,6.5,5.66,3.8,441,158.1,42.07,Watch
UNIT 3A,Sootblower Area,114,2024,2024-06-15,6.5,5.53,3.8,441,158.1,50.15,Watch
UNIT 3A,Sootblower Area,114,2025,2025-06-15,6.5,5.6,3.8,441,158.1,56.86,Watch
UNIT 3A,Sootblower Area,115,2021,2021-06-15,6.5,6.41,3.8,430,157.9,5.15,Safe
UNIT 3A,Sootblower Area,115,2022,2022-06-15,6.5,6.37,3.8,430,157.9,7.4,Safe
UNIT 3A,Sootblower Area,115,2023,2023-06-15,6.5,6.35,3.8,430,157.9,9.65,Safe
UNIT 3A,Sootblower Area,115,2024,2024-06-15,6.5,6.31,3.8,430,157.9,12.29,Safe
UNIT 3A,Sootblower Area,115,2025,2025-06-15,6.5,6.24,3.8,430,157.9,15.23,Safe
UNIT 3A,Sootblower Area,116,2021,2021-06-15,6.5,6.03,3.8,442,155.8,25.74,Safe
UNIT 3A,Sootblower Area,116,2022,2022-06-15,6.5,5.86,3.8,442,155.8,35.75,Safe
UNIT 3A,Sootblower Area,116,2023,2023-06-15,6.5,5.61,3.8,442,155.8,46.36,Watch
UNIT 3A,Sootblower Area,116,2024,2024-06-15,6.5,5.4,3.8,442,155.8,55.68,Watch
UNIT 3A,Sootblower Area,116,2025,2025-06-15,6.5,5.44,3.8,442,155.8,65.13,Watch
UNIT 3A,Sootblower Area,117,2021,2021-06-15,6.5,6.04,3.8,445,161.5,30.13,Safe
UNIT 3A,Sootblower Area,117,2022,2022-06-15,6.5,5.91,3.8,445,161.5,38.16,Safe
UNIT 3A,Sootblower Area,117,2023,2023-06-15,6.5,5.72,3.8,445,161.5,45.83,Watch
UNIT 3A,Sootblower Area,117,2024,2024-06-15,6.5,5.48,3.8,445,161.5,54.02,Watch
UNIT 3A,Sootblower Area,117,2025,2025-06-15,6.5,5.53,3.8,445,161.5,61.18,Watch
UNIT 3A,Sootblower Area,118,2021,2021-06-15,6.5,5.97,3.8,428,159.6,26.21,Safe
UNIT 3A,Sootblower Area,118,2022,2022-06-15,6.5,5.81,3.8,428,159.6,35.08,Safe
UNIT 3A,Sootblower Area,118,2023,2023-06-15,6.5,5.79,3.8,428,159.6,45.05,Watch
UNIT 3A,Sootblower Area,118,2024,2024-06-15,6.5,5.54,3.8,428,159.6,55.19,Watch
UNIT 3A,Sootblower Area,118,2025,2025-06-15,6.5,5.29,3.8,428,159.6,64.97,Watch
UNIT 3A,Sootblower Area,119,2021,2021-06-15,6.5,6.45,3.8,426,157.3,2.57,Safe
UNIT 3A,Sootblower Area,119,2022,2022-06-15,6.5,6.42,3.8,426,157.3,5.46,Safe
UNIT 3A,Sootblower Area,119,2023,2023-06-15,6.5,6.35,3.8,426,157.3,7.95,Safe
UNIT 3A,Sootblower Area,119,2024,2024-06-15,6.5,6.29,3.8,426,157.3,10.89,Safe
UNIT 3A,Sootblower Area,119,2025,2025-06-15,6.5,6.28,3.8,426,157.3,13.49,Safe
UNIT 3A,Sootblower Area,120,2021,2021-06-15,6.5,6.03,3.8,449,153.5,26.81,Safe
UNIT 3A,Sootblower Area,120,2022,2022-06-15,6.5,5.81,3.8,449,153.5,38.16,Safe
UNIT 3A,Sootblower Area,120,2023,2023-06-15,6.5,5.67,3.8,449,153.5,47.38,Watch
UNIT 3A,Sootblower Area,120,2024,2024-06-15,6.5,5.55,3.8,449,153.5,57.32,Watch
UNIT 3A,Sootblower Area,120,2025,2025-06-15,6.5,5.39,3.8,449,153.5,68.08,Watch
UNIT 3A,Sootblower Area,121,2021,2021-06-15,6.5,6.43,3.8,408,150,4.53,Safe
UNIT 3A,Sootblower Area,121,2022,2022-06-15,6.5,6.37,3.8,408,150,6.51,Safe
UNIT 3A,Sootblower Area,121,2023,2023-06-15,6.5,6.38,3.8,408,150,8.09,Safe
UNIT 3A,Sootblower Area,121,2024,2024-06-15,6.5,6.34,3.8,408,150,10.15,Safe
UNIT 3A,Sootblower Area,121,2025,2025-06-15,6.5,6.26,3.8,408,150,12.24,Safe
UNIT 3A,Sootblower Area,122,2021,2021-06-15,6.5,5.65,3.8,434,151.6,47.64,Watch
UNIT 3A,Sootblower Area,122,2022,2022-06-15,6.5,5.48,3.8,434,151.6,56.59,Watch
UNIT 3A,Sootblower Area,122,2023,2023-06-15,6.5,5.26,3.8,434,151.6,67.29,Watch
UNIT 3A,Sootblower Area,122,2024,2024-06-15,6.5,5.13,3.8,434,151.6,75.69,Watch
UNIT 3A,Sootblower Area,122,2025,2025-06-15,6.5,5.13,3.8,434,151.6,85.88,Critical
UNIT 3A,Sootblower Area,123,2021,2021-06-15,6.5,6.38,3.8,418,151.3,7.6,Safe
UNIT 3A,Sootblower Area,123,2022,2022-06-15,6.5,6.36,3.8,418,151.3,8.39,Safe
UNIT 3A,Sootblower Area,123,2023,2023-06-15,6.5,6.32,3.8,418,151.3,9.17,Safe
UNIT 3A,Sootblower Area,123,2024,2024-06-15,6.5,6.34,3.8,418,151.3,10.02,Safe
UNIT 3A,Sootblower Area,123,2025,2025-06-15,6.5,6.3,3.8,418,151.3,10.89,Safe
UNIT 3A,Sootblower Area,124,2021,2021-06-15,6.5,6.49,3.8,422,148.4,0.47,Safe
UNIT 3A,Sootblower Area,124,2022,2022-06-15,6.5,6.47,3.8,422,148.4,1.89,Safe
UNIT 3A,Sootblower Area,124,2023,2023-06-15,6.5,6.43,3.8,422,148.4,3.34,Safe
UNIT 3A,Sootblower Area,124,2024,2024-06-15,6.5,6.41,3.8,422,148.4,4.89,Safe
UNIT 3A,Sootblower Area,124,2025,2025-06-15,6.5,6.38,3.8,422,148.4,6.39,Safe
UNIT 3A,Sootblower Area,125,2021,2021-06-15,6.5,6.17,3.8,445,154.6,21.2,Safe
UNIT 3A,Sootblower Area,125,2022,2022-06-15,6.5,5.96,3.8,445,154.6,28.38,Safe
UNIT 3A,Sootblower Area,125,2023,2023-06-15,6.5,5.89,3.8,445,154.6,35.55,Safe
UNIT 3A,Sootblower Area,125,2024,2024-06-15,6.5,5.83,3.8,445,154.6,42.49,Watch
UNIT 3A,Sootblower Area,125,2025,2025-06-15,6.5,5.73,3.8,445,154.6,50.81,Watch
UNIT 3A,Sootblower Area,126,2021,2021-06-15,6.5,6.42,3.8,428,157,4.85,Safe
UNIT 3A,Sootblower Area,126,2022,2022-06-15,6.5,6.39,3.8,428,157,6.62,Safe
UNIT 3A,Sootblower Area,126,2023,2023-06-15,6.5,6.37,3.8,428,157,8.32,Safe
UNIT 3A,Sootblower Area,126,2024,2024-06-15,6.5,6.34,3.8,428,157,10.23,Safe
UNIT 3A,Sootblower Area,126,2025,2025-06-15,6.5,6.29,3.8,428,157,11.87,Safe
UNIT 3A,Sootblower Area,127,2021,2021-06-15,6.5,6.39,3.8,445,155.3,5.64,Safe
UNIT 3A,Sootblower Area,127,2022,2022-06-15,6.5,6.4,3.8,445,155.3,6.47,Safe
UNIT 3A,Sootblower Area,127,2023,2023-06-15,6.5,6.37,3.8,445,155.3,7.3,Safe
UNIT 3A,Sootblower Area,127,2024,2024-06-15,6.5,6.36,3.8,445,155.3,8.25,Safe
UNIT 3A,Sootblower Area,127,2025,2025-06-15,6.5,6.32,3.8,445,155.3,9.07,Safe
UNIT 3A,Sootblower Area,128,2021,2021-06-15,6.5,6.36,3.8,443,150.7,7.61,Safe
UNIT 3A,Sootblower Area,128,2022,2022-06-15,6.5,6.32,3.8,443,150.7,9.15,Safe
UNIT 3A,Sootblower Area,128,2023,2023-06-15,6.5,6.29,3.8,443,150.7,10.9,Safe
UNIT 3A,Sootblower Area,128,2024,2024-06-15,6.5,6.29,3.8,443,150.7,12.23,Safe
UNIT 3A,Sootblower Area,128,2025,2025-06-15,6.5,6.25,3.8,443,150.7,13.91,Safe
UNIT 3A,Sootblower Area,129,2021,2021-06-15,6.5,6.47,3.8,428,157.7,1.56,Safe
UNIT 3A,Sootblower Area,129,2022,2022-06-15,6.5,6.45,3.8,428,157.7,2.85,Safe
UNIT 3A,Sootblower Area,129,2023,2023-06-15,6.5,6.43,3.8,428,157.7,4.13,Safe
UNIT 3A,Sootblower Area,129,2024,2024-06-15,6.5,6.4,3.8,428,157.7,5.6,Safe
UNIT 3A,Sootblower Area,129,2025,2025-06-15,6.5,6.37,3.8,428,157.7,6.93,Safe
UNIT 3A,Sootblower Area,130,2021,2021-06-15,6.5,6.47,3.8,416,150.3,2.06,Safe
UNIT 3A,Sootblower Area,130,2022,2022-06-15,6.5,6.42,3.8,416,150.3,5.14,Safe
UNIT 3A,Sootblower Area,130,2023,2023-06-15,6.5,6.35,3.8,416,150.3,8.42,Safe
UNIT 3A,Sootblower Area,130,2024,2024-06-15,6.5,6.3,3.8,416,150.3,11.57,Safe
UNIT 3A,Sootblower Area,130,2025,2025-06-15,6.5,6.25,3.8,416,150.3,14.67,Safe
UNIT 3A,Sootblower Area,131,2021,2021-06-15,6.5,6.39,3.8,429,158.5,7.08,Safe
UNIT 3A,Sootblower Area,131,2022,2022-06-15,6.5,6.37,3.8,429,158.5,8.24,Safe
UNIT 3A,Sootblower Area,131,2023,2023-06-15,6.5,6.35,3.8,429,158.5,9.62,Safe
UNIT 3A,Sootblower Area,131,2024,2024-06-15,6.5,6.28,3.8,429,158.5,11.14,Safe
UNIT 3A,Sootblower Area,131,2025,2025-06-15,6.5,6.27,3.8,429,158.5,12.28,Safe
UNIT 3A,Sootblower Area,132,2021,2021-06-15,6.5,6.05,3.8,436,160.5,29.97,Safe
UNIT 3A,Sootblower Area,132,2022,2022-06-15,6.5,5.86,3.8,436,160.5,36.91,Safe
UNIT 3A,Sootblower Area,132,2023,2023-06-15,6.5,5.82,3.8,436,160.5,44.42,Watch
UNIT 3A,Sootblower Area,132,2024,2024-06-15,6.5,5.45,3.8,436,160.5,52.62,Watch
UNIT 3A,Sootblower Area,132,2025,2025-06-15,6.5,5.33,3.8,436,160.5,59.87,Watch
UNIT 3A,Sootblower Area,133,2021,2021-06-15,6.5,6.43,3.8,444,151.8,3.78,Safe
UNIT 3A,Sootblower Area,133,2022,2022-06-15,6.5,6.4,3.8,444,151.8,6.12,Safe
UNIT 3A,Sootblower Area,133,2023,2023-06-15,6.5,6.35,3.8,444,151.8,8.71,Safe
UNIT 3A,Sootblower Area,133,2024,2024-06-15,6.5,6.32,3.8,444,151.8,11.1,Safe
UNIT 3A,Sootblower Area,133,2025,2025-06-15,6.5,6.25,3.8,444,151.8,13.99,Safe
UNIT 3A,Sootblower Area,134,2021,2021-06-15,6.5,6.49,3.8,427,155.9,0.89,Safe
UNIT 3A,Sootblower Area,134,2022,2022-06-15,6.5,6.43,3.8,427,155.9,3.53,Safe
UNIT 3A,Sootblower Area,134,2023,2023-06-15,6.5,6.4,3.8,427,155.9,5.76,Safe
UNIT 3A,Sootblower Area,134,2024,2024-06-15,6.5,6.35,3.8,427,155.9,8.22,Safe
UNIT 3A,Sootblower Area,134,2025,2025-06-15,6.5,6.3,3.8,427,155.9,10.53,Safe
UNIT 3A,Sootblower Area,135,2021,2021-06-15,6.5,6.19,3.8,435,155,20.45,Safe
UNIT 3A,Sootblower Area,135,2022,2022-06-15,6.5,6.05,3.8,435,155,29.31,Safe
UNIT 3A,Sootblower Area,135,2023,2023-06-15,6.5,5.76,3.8,435,155,39.56,Safe
UNIT 3A,Sootblower Area,135,2024,2024-06-15,6.5,5.76,3.8,435,155,47.96,Watch
UNIT 3A,Sootblower Area,135,2025,2025-06-15,6.5,5.57,3.8,435,155,58.63,Watch
UNIT 3A,Sootblower Area,136,2021,2021-06-15,6.5,6.35,3.8,430,148.3,7.58,Safe
UNIT 3A,Sootblower Area,136,2022,2022-06-15,6.5,6.37,3.8,430,148.3,8.48,Safe
UNIT 3A,Sootblower Area,136,2023,2023-06-15,6.5,6.31,3.8,430,148.3,9.38,Safe
UNIT 3A,Sootblower Area,136,2024,2024-06-15,6.5,6.34,3.8,430,148.3,10.32,Safe
UNIT 3A,Sootblower Area,136,2025,2025-06-15,6.5,6.32,3.8,430,148.3,11.37,Safe
UNIT 3A,Sootblower Area,137,2021,2021-06-15,6.5,5.6,3.8,450,150.5,45.22,Watch
UNIT 3A,Sootblower Area,137,2022,2022-06-15,6.5,5.6,3.8,450,150.5,54.85,Watch
UNIT 3A,Sootblower Area,137,2023,2023-06-15,6.5,5.46,3.8,450,150.5,64.41,Watch
UNIT 3A,Sootblower Area,137,2024,2024-06-15,6.5,5.27,3.8,450,150.5,73.71,Watch
UNIT 3A,Sootblower Area,137,2025,2025-06-15,6.5,4.92,3.8,450,150.5,83.37,Critical
UNIT 3A,Sootblower Area,138,2021,2021-06-15,6.5,5.94,3.8,407,159,29.1,Safe
UNIT 3A,Sootblower Area,138,2022,2022-06-15,6.5,5.76,3.8,407,159,38.15,Safe
UNIT 3A,Sootblower Area,138,2023,2023-06-15,6.5,5.64,3.8,407,159,47.19,Watch
UNIT 3A,Sootblower Area,138,2024,2024-06-15,6.5,5.51,3.8,407,159,54.47,Watch
UNIT 3A,Sootblower Area,138,2025,2025-06-15,6.5,5.56,3.8,407,159,61.67,Watch
UNIT 3A,Sootblower Area,139,2021,2021-06-15,6.5,6.06,3.8,408,160.8,24.36,Safe
UNIT 3A,Sootblower Area,139,2022,2022-06-15,6.5,5.97,3.8,408,160.8,32.88,Safe
UNIT 3A,Sootblower Area,139,2023,2023-06-15,6.5,5.69,3.8,408,160.8,41.17,Watch
UNIT 3A,Sootblower Area,139,2024,2024-06-15,6.5,5.51,3.8,408,160.8,49.75,Watch
UNIT 3A,Sootblower Area,139,2025,2025-06-15,6.5,5.38,3.8,408,160.8,58.42,Watch
UNIT 3A,Sootblower Area,140,2021,2021-06-15,6.5,5.73,3.8,400,152.7,37.91,Safe
UNIT 3A,Sootblower Area,140,2022,2022-06-15,6.5,5.67,3.8,400,152.7,51.11,Watch
UNIT 3A,Sootblower Area,140,2023,2023-06-15,6.5,5.5,3.8,400,152.7,64.43,Watch
UNIT 3A,Sootblower Area,140,2024,2024-06-15,6.5,5.16,3.8,400,152.7,78.4,Watch
UNIT 3A,Sootblower Area,140,2025,2025-06-15,6.5,5.04,3.8,400,152.7,89.63,Critical
UNIT 3A,Sootblower Area,141,2021,2021-06-15,6.5,5.91,3.8,431,159.4,36.89,Safe
UNIT 3A,Sootblower Area,141,2022,2022-06-15,6.5,5.57,3.8,431,159.4,50.52,Watch
UNIT 3A,Sootblower Area,141,2023,2023-06-15,6.5,5.27,3.8,431,159.4,63.74,Watch
UNIT 3A,Sootblower Area,141,2024,2024-06-15,6.5,5.21,3.8,431,159.4,79.55,Watch
UNIT 3A,Sootblower Area,141,2025,2025-06-15,6.5,4.96,3.8,431,159.4,94.94,Critical
UNIT 3A,Sootblower Area,142,2021,2021-06-15,6.5,6.44,3.8,407,159,3.73,Safe
UNIT 3A,Sootblower Area,142,2022,2022-06-15,6.5,6.4,3.8,407,159,6.54,Safe
UNIT 3A,Sootblower Area,142,2023,2023-06-15,6.5,6.34,3.8,407,159,9.29,Safe
UNIT 3A,Sootblower Area,142,2024,2024-06-15,6.5,6.31,3.8,407,159,11.49,Safe
UNIT 3A,Sootblower Area,142,2025,2025-06-15,6.5,6.22,3.8,407,159,14.3,Safe
UNIT 3A,Sootblower Area,143,2021,2021-06-15,6.5,6.06,3.8,427,151.7,22.79,Safe
UNIT 3A,Sootblower Area,143,2022,2022-06-15,6.5,5.95,3.8,427,151.7,32.18,Safe
UNIT 3A,Sootblower Area,143,2023,2023-06-15,6.5,5.81,3.8,427,151.7,41.46,Watch
UNIT 3A,Sootblower Area,143,2024,2024-06-15,6.5,5.7,3.8,427,151.7,49.4,Watch
UNIT 3A,Sootblower Area,143,2025,2025-06-15,6.5,5.57,3.8,427,151.7,57.65,Watch
UNIT 3A,Sootblower Area,144,2021,2021-06-15,6.5,6.38,3.8,433,160.5,7.9,Safe
UNIT 3A,Sootblower Area,144,2022,2022-06-15,6.5,6.31,3.8,433,160.5,9.69,Safe
UNIT 3A,Sootblower Area,144,2023,2023-06-15,6.5,6.31,3.8,433,160.5,11.34,Safe
UNIT 3A,Sootblower Area,144,2024,2024-06-15,6.5,6.25,3.8,433,160.5,13.39,Safe
UNIT 3A,Sootblower Area,144,2025,2025-06-15,6.5,6.2,3.8,433,160.5,15.37,Safe
UNIT 3A,Sootblower Area,145,2021,2021-06-15,6.5,5.79,3.8,434,148.6,44.84,Watch
UNIT 3A,Sootblower Area,145,2022,2022-06-15,6.5,5.39,3.8,434,148.6,59.75,Watch
UNIT 3A,Sootblower Area,145,2023,2023-06-15,6.5,5.25,3.8,434,148.6,75.27,Watch
UNIT 3A,Sootblower Area,145,2024,2024-06-15,6.5,5.16,3.8,434,148.6,89.68,Critical
UNIT 3A,Sootblower Area,145,2025,2025-06-15,6.5,4.72,3.8,434,148.6,99.5,Critical
UNIT 3A,Sootblower Area,146,2021,2021-06-15,6.5,6.17,3.8,411,159.4,20.75,Safe
UNIT 3A,Sootblower Area,146,2022,2022-06-15,6.5,6.04,3.8,411,159.4,28.25,Safe
UNIT 3A,Sootblower Area,146,2023,2023-06-15,6.5,5.93,3.8,411,159.4,35.16,Safe
UNIT 3A,Sootblower Area,146,2024,2024-06-15,6.5,5.77,3.8,411,159.4,41.06,Watch
UNIT 3A,Sootblower Area,146,2025,2025-06-15,6.5,5.68,3.8,411,159.4,47.62,Watch
UNIT 3A,Sootblower Area,147,2021,2021-06-15,6.5,6.07,3.8,439,152.9,27.89,Safe
UNIT 3A,Sootblower Area,147,2022,2022-06-15,6.5,5.97,3.8,439,152.9,35.35,Safe
UNIT 3A,Sootblower Area,147,2023,2023-06-15,6.5,5.82,3.8,439,152.9,44.35,Watch
UNIT 3A,Sootblower Area,147,2024,2024-06-15,6.5,5.48,3.8,439,152.9,54.07,Watch
UNIT 3A,Sootblower Area,147,2025,2025-06-15,6.5,5.4,3.8,439,152.9,61.54,Watch
UNIT 3A,Sootblower Area,148,2021,2021-06-15,6.5,5.78,3.8,404,154.4,47.81,Watch
UNIT 3A,Sootblower Area,148,2022,2022-06-15,6.5,5.34,3.8,404,154.4,58.6,Watch
UNIT 3A,Sootblower Area,148,2023,2023-06-15,6.5,5.22,3.8,404,154.4,68.51,Watch
UNIT 3A,Sootblower Area,148,2024,2024-06-15,6.5,5.01,3.8,404,154.4,79.09,Watch
UNIT 3A,Sootblower Area,148,2025,2025-06-15,6.5,4.78,3.8,404,154.4,88.84,Critical
UNIT 3A,Sootblower Area,149,2021,2021-06-15,6.5,6.08,3.8,448,148.9,24.3,Safe
UNIT 3A,Sootblower Area,149,2022,2022-06-15,6.5,6.01,3.8,448,148.9,31.69,Safe
UNIT 3A,Sootblower Area,149,2023,2023-06-15,6.5,5.77,3.8,448,148.9,37.76,Safe
UNIT 3A,Sootblower Area,149,2024,2024-06-15,6.5,5.66,3.8,448,148.9,44.09,Watch
UNIT 3A,Sootblower Area,149,2025,2025-06-15,6.5,5.58,3.8,448,148.9,50.68,Watch
UNIT 3A,Sootblower Area,150,2021,2021-06-15,6.5,5.83,3.8,404,148.4,41.95,Watch
UNIT 3A,Sootblower Area,150,2022,2022-06-15,6.5,5.52,3.8,404,148.4,53.02,Watch
UNIT 3A,Sootblower Area,150,2023,2023-06-15,6.5,5.29,3.8,404,148.4,64.52,Watch
UNIT 3A,Sootblower Area,150,2024,2024-06-15,6.5,5.35,3.8,404,148.4,76.77,Watch
UNIT 3A,Sootblower Area,150,2025,2025-06-15,6.5,4.77,3.8,404,148.4,89.62,Critical
UNIT 3A,Sootblower Area,151,2021,2021-06-15,6.5,6.36,3.8,448,153.5,7.25,Safe
UNIT 3A,Sootblower Area,151,2022,2022-06-15,6.5,6.36,3.8,448,153.5,8.78,Safe
UNIT 3A,Sootblower Area,151,2023,2023-06-15,6.5,6.3,3.8,448,153.5,10.31,Safe
UNIT 3A,Sootblower Area,151,2024,2024-06-15,6.5,6.29,3.8,448,153.5,11.72,Safe
UNIT 3A,Sootblower Area,151,2025,2025-06-15,6.5,6.27,3.8,448,153.5,13.25,Safe
UNIT 3A,Sootblower Area,152,2021,2021-06-15,6.5,6.4,3.8,419,149.9,6.35,Safe
UNIT 3A,Sootblower Area,152,2022,2022-06-15,6.5,6.33,3.8,419,149.9,8.88,Safe
UNIT 3A,Sootblower Area,152,2023,2023-06-15,6.5,6.34,3.8,419,149.9,11.02,Safe
UNIT 3A,Sootblower Area,152,2024,2024-06-15,6.5,6.31,3.8,419,149.9,13.02,Safe
UNIT 3A,Sootblower Area,152,2025,2025-06-15,6.5,6.23,3.8,419,149.9,15.16,Safe
UNIT 3A,Sootblower Area,153,2021,2021-06-15,6.5,5.68,3.8,426,159.7,47.27,Watch
UNIT 3A,Sootblower Area,153,2022,2022-06-15,6.5,5.43,3.8,426,159.7,60.94,Watch
UNIT 3A,Sootblower Area,153,2023,2023-06-15,6.5,5.08,3.8,426,159.7,73.03,Watch
UNIT 3A,Sootblower Area,153,2024,2024-06-15,6.5,4.9,3.8,426,159.7,87.22,Critical
UNIT 3A,Sootblower Area,153,2025,2025-06-15,6.5,4.94,3.8,426,159.7,99.5,Critical
UNIT 3A,Sootblower Area,154,2021,2021-06-15,6.5,6.07,3.8,450,157.9,27.51,Safe
UNIT 3A,Sootblower Area,154,2022,2022-06-15,6.5,5.86,3.8,450,157.9,33.7,Safe
UNIT 3A,Sootblower Area,154,2023,2023-06-15,6.5,5.78,3.8,450,157.9,41.38,Watch
UNIT 3A,Sootblower Area,154,2024,2024-06-15,6.5,5.69,3.8,450,157.9,48.77,Watch
UNIT 3A,Sootblower Area,154,2025,2025-06-15,6.5,5.5,3.8,450,157.9,55.97,Watch
UNIT 3A,Sootblower Area,155,2021,2021-06-15,6.5,6.48,3.8,430,148.5,1.2,Safe
UNIT 3A,Sootblower Area,155,2022,2022-06-15,6.5,6.46,3.8,430,148.5,2.61,Safe
UNIT 3A,Sootblower Area,155,2023,2023-06-15,6.5,6.43,3.8,430,148.5,4.12,Safe
UNIT 3A,Sootblower Area,155,2024,2024-06-15,6.5,6.41,3.8,430,148.5,5.7,Safe
UNIT 3A,Sootblower Area,155,2025,2025-06-15,6.5,6.39,3.8,430,148.5,6.91,Safe
UNIT 3A,Sootblower Area,156,2021,2021-06-15,6.5,6.49,3.8,441,161.7,0.95,Safe
UNIT 3A,Sootblower Area,156,2022,2022-06-15,6.5,6.45,3.8,441,161.7,2.47,Safe
UNIT 3A,Sootblower Area,156,2023,2023-06-15,6.5,6.43,3.8,441,161.7,4.15,Safe
UNIT 3A,Sootblower Area,156,2024,2024-06-15,6.5,6.4,3.8,441,161.7,5.97,Safe
UNIT 3A,Sootblower Area,156,2025,2025-06-15,6.5,6.39,3.8,441,161.7,7.33,Safe
UNIT 3A,Sootblower Area,157,2021,2021-06-15,6.5,6.09,3.8,429,160,20.52,Safe
UNIT 3A,Sootblower Area,157,2022,2022-06-15,6.5,6.04,3.8,429,160,28.96,Safe
UNIT 3A,Sootblower Area,157,2023,2023-06-15,6.5,5.8,3.8,429,160,39.36,Safe
UNIT 3A,Sootblower Area,157,2024,2024-06-15,6.5,5.72,3.8,429,160,48.83,Watch
UNIT 3A,Sootblower Area,157,2025,2025-06-15,6.5,5.56,3.8,429,160,59.88,Watch
UNIT 3A,Sootblower Area,158,2021,2021-06-15,6.5,6.02,3.8,407,152.8,26.43,Safe
UNIT 3A,Sootblower Area,158,2022,2022-06-15,6.5,5.99,3.8,407,152.8,33.21,Safe
UNIT 3A,Sootblower Area,158,2023,2023-06-15,6.5,5.78,3.8,407,152.8,41.05,Watch
UNIT 3A,Sootblower Area,158,2024,2024-06-15,6.5,5.79,3.8,407,152.8,47.73,Watch
UNIT 3A,Sootblower Area,158,2025,2025-06-15,6.5,5.45,3.8,407,152.8,54.99,Watch
UNIT 3A,Sootblower Area,159,2021,2021-06-15,6.5,6.36,3.8,440,151.7,7.77,Safe
UNIT 3A,Sootblower Area,159,2022,2022-06-15,6.5,6.35,3.8,440,151.7,8.75,Safe
UNIT 3A,Sootblower Area,159,2023,2023-06-15,6.5,6.32,3.8,440,151.7,9.78,Safe
UNIT 3A,Sootblower Area,159,2024,2024-06-15,6.5,6.3,3.8,440,151.7,11.01,Safe
UNIT 3A,Sootblower Area,159,2025,2025-06-15,6.5,6.3,3.8,440,151.7,12.13,Safe
UNIT 3A,Sootblower Area,160,2021,2021-06-15,6.5,6.48,3.8,410,151.1,0.91,Safe
UNIT 3A,Sootblower Area,160,2022,2022-06-15,6.5,6.44,3.8,410,151.1,2.91,Safe
UNIT 3A,Sootblower Area,160,2023,2023-06-15,6.5,6.41,3.8,410,151.1,5.08,Safe
UNIT 3A,Sootblower Area,160,2024,2024-06-15,6.5,6.37,3.8,410,151.1,6.95,Safe
UNIT 3A,Sootblower Area,160,2025,2025-06-15,6.5,6.34,3.8,410,151.1,8.74,Safe
UNIT 3A,Sootblower Area,161,2021,2021-06-15,6.5,6.11,3.8,443,151.8,24.27,Safe
UNIT 3A,Sootblower Area,161,2022,2022-06-15,6.5,5.9,3.8,443,151.8,31.09,Safe
UNIT 3A,Sootblower Area,161,2023,2023-06-15,6.5,5.72,3.8,443,151.8,39.59,Safe
UNIT 3A,Sootblower Area,161,2024,2024-06-15,6.5,5.75,3.8,443,151.8,47.95,Watch
UNIT 3A,Sootblower Area,161,2025,2025-06-15,6.5,5.54,3.8,443,151.8,54.64,Watch
UNIT 3A,Sootblower Area,162,2021,2021-06-15,6.5,6.37,3.8,429,152.3,7.45,Safe
UNIT 3A,Sootblower Area,162,2022,2022-06-15,6.5,6.34,3.8,429,152.3,8.88,Safe
UNIT 3A,Sootblower Area,162,2023,2023-06-15,6.5,6.31,3.8,429,152.3,10.27,Safe
UNIT 3A,Sootblower Area,162,2024,2024-06-15,6.5,6.28,3.8,429,152.3,11.67,Safe
UNIT 3A,Sootblower Area,162,2025,2025-06-15,6.5,6.28,3.8,429,152.3,12.92,Safe
UNIT 3A,Sootblower Area,163,2021,2021-06-15,6.5,6.43,3.8,420,154.4,3.3,Safe
UNIT 3A,Sootblower Area,163,2022,2022-06-15,6.5,6.41,3.8,420,154.4,5.3,Safe
UNIT 3A,Sootblower Area,163,2023,2023-06-15,6.5,6.37,3.8,420,154.4,7.2,Safe
UNIT 3A,Sootblower Area,163,2024,2024-06-15,6.5,6.33,3.8,420,154.4,9.2,Safe
UNIT 3A,Sootblower Area,163,2025,2025-06-15,6.5,6.32,3.8,420,154.4,11.1,Safe
UNIT 3A,Sootblower Area,164,2021,2021-06-15,6.5,5.65,3.8,410,160.7,45.03,Watch
UNIT 3A,Sootblower Area,164,2022,2022-06-15,6.5,5.65,3.8,410,160.7,55.33,Watch
UNIT 3A,Sootblower Area,164,2023,2023-06-15,6.5,5.36,3.8,410,160.7,65.73,Watch
UNIT 3A,Sootblower Area,164,2024,2024-06-15,6.5,5.12,3.8,410,160.7,75.77,Watch
UNIT 3A,Sootblower Area,164,2025,2025-06-15,6.5,5.12,3.8,410,160.7,84.65,Critical
UNIT 3A,Sootblower Area,165,2021,2021-06-15,6.5,5.78,3.8,450,148.5,39.91,Safe
UNIT 3A,Sootblower Area,165,2022,2022-06-15,6.5,5.72,3.8,450,148.5,51.88,Watch
UNIT 3A,Sootblower Area,165,2023,2023-06-15,6.5,5.42,3.8,450,148.5,63.16,Watch
UNIT 3A,Sootblower Area,165,2024,2024-06-15,6.5,5.29,3.8,450,148.5,75.03,Watch
UNIT 3A,Sootblower Area,165,2025,2025-06-15,6.5,5.1,3.8,450,148.5,85.26,Critical
UNIT 3A,Sootblower Area,166,2021,2021-06-15,6.5,6.42,3.8,450,160.9,5.17,Safe
UNIT 3A,Sootblower Area,166,2022,2022-06-15,6.5,6.41,3.8,450,160.9,6.23,Safe
UNIT 3A,Sootblower Area,166,2023,2023-06-15,6.5,6.36,3.8,450,160.9,7.31,Safe
UNIT 3A,Sootblower Area,166,2024,2024-06-15,6.5,6.35,3.8,450,160.9,8.63,Safe
UNIT 3A,Sootblower Area,166,2025,2025-06-15,6.5,6.31,3.8,450,160.9,9.76,Safe
UNIT 3A,Sootblower Area,167,2021,2021-06-15,6.5,5.89,3.8,428,158,33.43,Safe
UNIT 3A,Sootblower Area,167,2022,2022-06-15,6.5,5.81,3.8,428,158,44.09,Watch
UNIT 3A,Sootblower Area,167,2023,2023-06-15,6.5,5.47,3.8,428,158,53.72,Watch
UNIT 3A,Sootblower Area,167,2024,2024-06-15,6.5,5.36,3.8,428,158,64.95,Watch
UNIT 3A,Sootblower Area,167,2025,2025-06-15,6.5,5.01,3.8,428,158,73.8,Watch
UNIT 3A,Sootblower Area,168,2021,2021-06-15,6.5,6.13,3.8,443,156.5,20.15,Safe
UNIT 3A,Sootblower Area,168,2022,2022-06-15,6.5,6.08,3.8,443,156.5,26.58,Safe
UNIT 3A,Sootblower Area,168,2023,2023-06-15,6.5,5.92,3.8,443,156.5,33.61,Safe
UNIT 3A,Sootblower Area,168,2024,2024-06-15,6.5,5.86,3.8,443,156.5,40.18,Watch
UNIT 3A,Sootblower Area,168,2025,2025-06-15,6.5,5.53,3.8,443,156.5,47.91,Watch
UNIT 3A,Sootblower Area,169,2021,2021-06-15,6.5,6.5,3.8,419,155,0.22,Safe
UNIT 3A,Sootblower Area,169,2022,2022-06-15,6.5,6.45,3.8,419,155,2.95,Safe
UNIT 3A,Sootblower Area,169,2023,2023-06-15,6.5,6.39,3.8,419,155,5.89,Safe
UNIT 3A,Sootblower Area,169,2024,2024-06-15,6.5,6.35,3.8,419,155,8.26,Safe
UNIT 3A,Sootblower Area,169,2025,2025-06-15,6.5,6.28,3.8,419,155,11.34,Safe
UNIT 3A,Sootblower Area,170,2021,2021-06-15,6.5,6.08,3.8,446,159.5,21.8,Safe
UNIT 3A,Sootblower Area,170,2022,2022-06-15,6.5,6.03,3.8,446,159.5,30.66,Safe
UNIT 3A,Sootblower Area,170,2023,2023-06-15,6.5,5.7,3.8,446,159.5,39.65,Safe
UNIT 3A,Sootblower Area,170,2024,2024-06-15,6.5,5.56,3.8,446,159.5,47.95,Watch
UNIT 3A,Sootblower Area,170,2025,2025-06-15,6.5,5.58,3.8,446,159.5,55.7,Watch
UNIT 3A,Sootblower Area,171,2021,2021-06-15,6.5,6.01,3.8,408,152.7,32.67,Safe
UNIT 3A,Sootblower Area,171,2022,2022-06-15,6.5,5.75,3.8,408,152.7,40.82,Watch
UNIT 3A,Sootblower Area,171,2023,2023-06-15,6.5,5.63,3.8,408,152.7,51.25,Watch
UNIT 3A,Sootblower Area,171,2024,2024-06-15,6.5,5.27,3.8,408,152.7,61.24,Watch
UNIT 3A,Sootblower Area,171,2025,2025-06-15,6.5,5.17,3.8,408,152.7,71.04,Watch
UNIT 3A,Sootblower Area,172,2021,2021-06-15,6.5,6.4,3.8,435,153.8,6.26,Safe
UNIT 3A,Sootblower Area,172,2022,2022-06-15,6.5,6.35,3.8,435,153.8,7.83,Safe
UNIT 3A,Sootblower Area,172,2023,2023-06-15,6.5,6.31,3.8,435,153.8,9.45,Safe
UNIT 3A,Sootblower Area,172,2024,2024-06-15,6.5,6.31,3.8,435,153.8,11.01,Safe
UNIT 3A,Sootblower Area,172,2025,2025-06-15,6.5,6.3,3.8,435,153.8,12.67,Safe
UNIT 3A,Sootblower Area,173,2021,2021-06-15,6.5,5.88,3.8,402,159.4,41.32,Watch
UNIT 3A,Sootblower Area,173,2022,2022-06-15,6.5,5.52,3.8,402,159.4,54.43,Watch
UNIT 3A,Sootblower Area,173,2023,2023-06-15,6.5,5.36,3.8,402,159.4,68.08,Watch
UNIT 3A,Sootblower Area,173,2024,2024-06-15,6.5,4.97,3.8,402,159.4,80.52,Critical
UNIT 3A,Sootblower Area,173,2025,2025-06-15,6.5,5.05,3.8,402,159.4,92.6,Critical
UNIT 3A,Sootblower Area,174,2021,2021-06-15,6.5,5.78,3.8,434,157,39.92,Safe
UNIT 3A,Sootblower Area,174,2022,2022-06-15,6.5,5.74,3.8,434,157,50.32,Watch
UNIT 3A,Sootblower Area,174,2023,2023-06-15,6.5,5.38,3.8,434,157,59.04,Watch
UNIT 3A,Sootblower Area,174,2024,2024-06-15,6.5,5.2,3.8,434,157,69.64,Watch
UNIT 3A,Sootblower Area,174,2025,2025-06-15,6.5,4.89,3.8,434,157,80.14,Critical
UNIT 3A,Sootblower Area,175,2021,2021-06-15,6.5,6.5,3.8,409,154,0.11,Safe
UNIT 3A,Sootblower Area,175,2022,2022-06-15,6.5,6.47,3.8,409,154,1.49,Safe
UNIT 3A,Sootblower Area,175,2023,2023-06-15,6.5,6.45,3.8,409,154,2.79,Safe
UNIT 3A,Sootblower Area,175,2024,2024-06-15,6.5,6.42,3.8,409,154,4.48,Safe
UNIT 3A,Sootblower Area,175,2025,2025-06-15,6.5,6.39,3.8,409,154,5.78,Safe
UNIT 3A,Sootblower Area,176,2021,2021-06-15,6.5,6.07,3.8,432,157.9,21.64,Safe
UNIT 3A,Sootblower Area,176,2022,2022-06-15,6.5,5.89,3.8,432,157.9,30.72,Safe
UNIT 3A,Sootblower Area,176,2023,2023-06-15,6.5,5.73,3.8,432,157.9,39.57,Safe
UNIT 3A,Sootblower Area,176,2024,2024-06-15,6.5,5.74,3.8,432,157.9,49.33,Watch
UNIT 3A,Sootblower Area,176,2025,2025-06-15,6.5,5.32,3.8,432,157.9,59.46,Watch
UNIT 3A,Sootblower Area,177,2021,2021-06-15,6.5,6.5,3.8,439,154.8,0.24,Safe
UNIT 3A,Sootblower Area,177,2022,2022-06-15,6.5,6.47,3.8,439,154.8,1.41,Safe
UNIT 3A,Sootblower Area,177,2023,2023-06-15,6.5,6.45,3.8,439,154.8,2.7,Safe
UNIT 3A,Sootblower Area,177,2024,2024-06-15,6.5,6.44,3.8,439,154.8,3.88,Safe
UNIT 3A,Sootblower Area,177,2025,2025-06-15,6.5,6.41,3.8,439,154.8,5.28,Safe
UNIT 3A,Sootblower Area,178,2021,2021-06-15,6.5,6.44,3.8,410,156.9,3.79,Safe
UNIT 3A,Sootblower Area,178,2022,2022-06-15,6.5,6.41,3.8,410,156.9,5.38,Safe
UNIT 3A,Sootblower Area,178,2023,2023-06-15,6.5,6.38,3.8,410,156.9,6.73,Safe
UNIT 3A,Sootblower Area,178,2024,2024-06-15,6.5,6.35,3.8,410,156.9,8.21,Safe
UNIT 3A,Sootblower Area,178,2025,2025-06-15,6.5,6.31,3.8,410,156.9,9.9,Safe
UNIT 3A,Sootblower Area,179,2021,2021-06-15,6.5,6.5,3.8,448,151.1,0.22,Safe
UNIT 3A,Sootblower Area,179,2022,2022-06-15,6.5,6.45,3.8,448,151.1,2.75,Safe
UNIT 3A,Sootblower Area,179,2023,2023-06-15,6.5,6.4,3.8,448,151.1,5.65,Safe
UNIT 3A,Sootblower Area,179,2024,2024-06-15,6.5,6.34,3.8,448,151.1,7.97,Safe
UNIT 3A,Sootblower Area,179,2025,2025-06-15,6.5,6.34,3.8,448,151.1,10.52,Safe
UNIT 3A,Sootblower Area,180,2021,2021-06-15,6.5,5.72,3.8,405,156.7,39.92,Safe
UNIT 3A,Sootblower Area,180,2022,2022-06-15,6.5,5.44,3.8,405,156.7,54.39,Watch
UNIT 3A,Sootblower Area,180,2023,2023-06-15,6.5,5.22,3.8,405,156.7,69.12,Watch
UNIT 3A,Sootblower Area,180,2024,2024-06-15,6.5,5.08,3.8,405,156.7,81.34,Critical
UNIT 3A,Sootblower Area,180,2025,2025-06-15,6.5,4.82,3.8,405,156.7,94.79,Critical
UNIT 3A,Sootblower Area,181,2021,2021-06-15,6.5,6.42,3.8,448,160.6,4.46,Safe
UNIT 3A,Sootblower Area,181,2022,2022-06-15,6.5,6.39,3.8,448,160.6,6.24,Safe
UNIT 3A,Sootblower Area,181,2023,2023-06-15,6.5,6.35,3.8,448,160.6,7.85,Safe
UNIT 3A,Sootblower Area,181,2024,2024-06-15,6.5,6.32,3.8,448,160.6,9.72,Safe
UNIT 3A,Sootblower Area,181,2025,2025-06-15,6.5,6.3,3.8,448,160.6,11.61,Safe
UNIT 3A,Sootblower Area,182,2021,2021-06-15,6.5,6.38,3.8,420,158.2,6.68,Safe
UNIT 3A,Sootblower Area,182,2022,2022-06-15,6.5,6.34,3.8,420,158.2,9.2,Safe
UNIT 3A,Sootblower Area,182,2023,2023-06-15,6.5,6.3,3.8,420,158.2,11.8,Safe
UNIT 3A,Sootblower Area,182,2024,2024-06-15,6.5,6.25,3.8,420,158.2,14.45,Safe
UNIT 3A,Sootblower Area,182,2025,2025-06-15,6.5,6.24,3.8,420,158.2,16.82,Safe
UNIT 3A,Sootblower Area,183,2021,2021-06-15,6.5,6.5,3.8,443,153.1,0.27,Safe
UNIT 3A,Sootblower Area,183,2022,2022-06-15,6.5,6.47,3.8,443,153.1,1.78,Safe
UNIT 3A,Sootblower Area,183,2023,2023-06-15,6.5,6.43,3.8,443,153.1,3.51,Safe
UNIT 3A,Sootblower Area,183,2024,2024-06-15,6.5,6.42,3.8,443,153.1,4.94,Safe
UNIT 3A,Sootblower Area,183,2025,2025-06-15,6.5,6.38,3.8,443,153.1,6.35,Safe
UNIT 3A,Sootblower Area,184,2021,2021-06-15,6.5,5.76,3.8,416,153,41.39,Watch
UNIT 3A,Sootblower Area,184,2022,2022-06-15,6.5,5.49,3.8,416,153,52.27,Watch
UNIT 3A,Sootblower Area,184,2023,2023-06-15,6.5,5.48,3.8,416,153,62.37,Watch
UNIT 3A,Sootblower Area,184,2024,2024-06-15,6.5,5.39,3.8,416,153,72.93,Watch
UNIT 3A,Sootblower Area,184,2025,2025-06-15,6.5,5.08,3.8,416,153,81.93,Critical
UNIT 3A,Sootblower Area,185,2021,2021-06-15,6.5,5.73,3.8,439,150.1,42.87,Watch
UNIT 3A,Sootblower Area,185,2022,2022-06-15,6.5,5.63,3.8,439,150.1,53.23,Watch
UNIT 3A,Sootblower Area,185,2023,2023-06-15,6.5,5.51,3.8,439,150.1,62.91,Watch
UNIT 3A,Sootblower Area,185,2024,2024-06-15,6.5,5.41,3.8,439,150.1,73.14,Watch
UNIT 3A,Sootblower Area,185,2025,2025-06-15,6.5,4.86,3.8,439,150.1,81.63,Critical
UNIT 3A,Sootblower Area,186,2021,2021-06-15,6.5,6.02,3.8,441,154.8,30.78,Safe
UNIT 3A,Sootblower Area,186,2022,2022-06-15,6.5,5.71,3.8,441,154.8,39.74,Safe
UNIT 3A,Sootblower Area,186,2023,2023-06-15,6.5,5.7,3.8,441,154.8,48.43,Watch
UNIT 3A,Sootblower Area,186,2024,2024-06-15,6.5,5.62,3.8,441,154.8,57.06,Watch
UNIT 3A,Sootblower Area,186,2025,2025-06-15,6.5,5.37,3.8,441,154.8,66.79,Watch
UNIT 3A,Sootblower Area,187,2021,2021-06-15,6.5,5.88,3.8,425,150.5,32.6,Safe
UNIT 3A,Sootblower Area,187,2022,2022-06-15,6.5,5.82,3.8,425,150.5,41.16,Watch
UNIT 3A,Sootblower Area,187,2023,2023-06-15,6.5,5.53,3.8,425,150.5,51.37,Watch
UNIT 3A,Sootblower Area,187,2024,2024-06-15,6.5,5.25,3.8,425,150.5,61.92,Watch
UNIT 3A,Sootblower Area,187,2025,2025-06-15,6.5,5.44,3.8,425,150.5,71.26,Watch
UNIT 3A,Sootblower Area,188,2021,2021-06-15,6.5,5.59,3.8,401,156,47.6,Watch
UNIT 3A,Sootblower Area,188,2022,2022-06-15,6.5,5.36,3.8,401,156,58.7,Watch
UNIT 3A,Sootblower Area,188,2023,2023-06-15,6.5,5.17,3.8,401,156,68.11,Watch
UNIT 3A,Sootblower Area,188,2024,2024-06-15,6.5,5.3,3.8,401,156,77.6,Watch
UNIT 3A,Sootblower Area,188,2025,2025-06-15,6.5,4.77,3.8,401,156,87.42,Critical
UNIT 3A,Sootblower Area,189,2021,2021-06-15,6.5,6.09,3.8,439,152.7,25.57,Safe
UNIT 3A,Sootblower Area,189,2022,2022-06-15,6.5,5.82,3.8,439,152.7,34.93,Safe
UNIT 3A,Sootblower Area,189,2023,2023-06-15,6.5,5.75,3.8,439,152.7,46.31,Watch
UNIT 3A,Sootblower Area,189,2024,2024-06-15,6.5,5.66,3.8,439,152.7,55.24,Watch
UNIT 3A,Sootblower Area,189,2025,2025-06-15,6.5,5.33,3.8,439,152.7,65.91,Watch
UNIT 3A,Sootblower Area,190,2021,2021-06-15,6.5,6,3.8,434,156.1,30.98,Safe
UNIT 3A,Sootblower Area,190,2022,2022-06-15,6.5,5.9,3.8,434,156.1,37.2,Safe
UNIT 3A,Sootblower Area,190,2023,2023-06-15,6.5,5.85,3.8,434,156.1,43.13,Watch
UNIT 3A,Sootblower Area,190,2024,2024-06-15,6.5,5.68,3.8,434,156.1,50.41,Watch
UNIT 3A,Sootblower Area,190,2025,2025-06-15,6.5,5.49,3.8,434,156.1,56.99,Watch
UNIT 3A,Sootblower Area,191,2021,2021-06-15,6.5,6.47,3.8,435,151.7,1.95,Safe
UNIT 3A,Sootblower Area,191,2022,2022-06-15,6.5,6.42,3.8,435,151.7,4.31,Safe
UNIT 3A,Sootblower Area,191,2023,2023-06-15,6.5,6.37,3.8,435,151.7,6.94,Safe
UNIT 3A,Sootblower Area,191,2024,2024-06-15,6.5,6.33,3.8,435,151.7,9.35,Safe
UNIT 3A,Sootblower Area,191,2025,2025-06-15,6.5,6.31,3.8,435,151.7,11.65,Safe
UNIT 3A,Sootblower Area,192,2021,2021-06-15,6.5,6,3.8,440,158.2,26.74,Safe
UNIT 3A,Sootblower Area,192,2022,2022-06-15,6.5,5.98,3.8,440,158.2,33.9,Safe
UNIT 3A,Sootblower Area,192,2023,2023-06-15,6.5,5.83,3.8,440,158.2,41.62,Watch
UNIT 3A,Sootblower Area,192,2024,2024-06-15,6.5,5.68,3.8,440,158.2,49.16,Watch
UNIT 3A,Sootblower Area,192,2025,2025-06-15,6.5,5.5,3.8,440,158.2,56.92,Watch
UNIT 3A,Sootblower Area,193,2021,2021-06-15,6.5,5.91,3.8,420,159,36.23,Safe
UNIT 3A,Sootblower Area,193,2022,2022-06-15,6.5,5.6,3.8,420,159,46.16,Watch
UNIT 3A,Sootblower Area,193,2023,2023-06-15,6.5,5.6,3.8,420,159,56.85,Watch
UNIT 3A,Sootblower Area,193,2024,2024-06-15,6.5,5.23,3.8,420,159,68.77,Watch
UNIT 3A,Sootblower Area,193,2025,2025-06-15,6.5,4.91,3.8,420,159,81.34,Critical
UNIT 3A,Sootblower Area,194,2021,2021-06-15,6.5,6.08,3.8,412,155.7,21.43,Safe
UNIT 3A,Sootblower Area,194,2022,2022-06-15,6.5,5.94,3.8,412,155.7,28.6,Safe
UNIT 3A,Sootblower Area,194,2023,2023-06-15,6.5,5.92,3.8,412,155.7,37.14,Safe
UNIT 3A,Sootblower Area,194,2024,2024-06-15,6.5,5.68,3.8,412,155.7,46.47,Watch
UNIT 3A,Sootblower Area,194,2025,2025-06-15,6.5,5.54,3.8,412,155.7,54.77,Watch
UNIT 3A,Sootblower Area,195,2021,2021-06-15,6.5,5.67,3.8,428,157.7,42.58,Watch
UNIT 3A,Sootblower Area,195,2022,2022-06-15,6.5,5.7,3.8,428,157.7,53.39,Watch
UNIT 3A,Sootblower Area,195,2023,2023-06-15,6.5,5.28,3.8,428,157.7,63.97,Watch
UNIT 3A,Sootblower Area,195,2024,2024-06-15,6.5,5.25,3.8,428,157.7,73.32,Watch
UNIT 3A,Sootblower Area,195,2025,2025-06-15,6.5,4.81,3.8,428,157.7,83.83,Critical
UNIT 3A,Sootblower Area,196,2021,2021-06-15,6.5,6.43,3.8,444,160.1,3.73,Safe
UNIT 3A,Sootblower Area,196,2022,2022-06-15,6.5,6.37,3.8,444,160.1,6.6,Safe
UNIT 3A,Sootblower Area,196,2023,2023-06-15,6.5,6.32,3.8,444,160.1,9.01,Safe
UNIT 3A,Sootblower Area,196,2024,2024-06-15,6.5,6.31,3.8,444,160.1,11.69,Safe
UNIT 3A,Sootblower Area,196,2025,2025-06-15,6.5,6.24,3.8,444,160.1,13.85,Safe
UNIT 3A,Sootblower Area,197,2021,2021-06-15,6.5,5.72,3.8,413,153.8,40.83,Watch
UNIT 3A,Sootblower Area,197,2022,2022-06-15,6.5,5.59,3.8,413,153.8,49.95,Watch
UNIT 3A,Sootblower Area,197,2023,2023-06-15,6.5,5.34,3.8,413,153.8,59.48,Watch
UNIT 3A,Sootblower Area,197,2024,2024-06-15,6.5,5.16,3.8,413,153.8,69.75,Watch
UNIT 3A,Sootblower Area,197,2025,2025-06-15,6.5,4.91,3.8,413,153.8,81.08,Critical
UNIT 3A,Sootblower Area,198,2021,2021-06-15,6.5,6.42,3.8,401,155.3,4.27,Safe
UNIT 3A,Sootblower Area,198,2022,2022-06-15,6.5,6.41,3.8,401,155.3,5.06,Safe
UNIT 3A,Sootblower Area,198,2023,2023-06-15,6.5,6.39,3.8,401,155.3,5.93,Safe
UNIT 3A,Sootblower Area,198,2024,2024-06-15,6.5,6.38,3.8,401,155.3,6.85,Safe
UNIT 3A,Sootblower Area,198,2025,2025-06-15,6.5,6.37,3.8,401,155.3,7.73,Safe
UNIT 3A,Sootblower Area,199,2021,2021-06-15,6.5,6.47,3.8,450,158.8,2.08,Safe
UNIT 3A,Sootblower Area,199,2022,2022-06-15,6.5,6.44,3.8,450,158.8,3.49,Safe
UNIT 3A,Sootblower Area,199,2023,2023-06-15,6.5,6.42,3.8,450,158.8,5.05,Safe
UNIT 3A,Sootblower Area,199,2024,2024-06-15,6.5,6.38,3.8,450,158.8,6.61,Safe
UNIT 3A,Sootblower Area,199,2025,2025-06-15,6.5,6.33,3.8,450,158.8,8.21,Safe
UNIT 3A,Sootblower Area,200,2021,2021-06-15,6.5,6.4,3.8,434,155.3,6.76,Safe
UNIT 3A,Sootblower Area,200,2022,2022-06-15,6.5,6.36,3.8,434,155.3,9.46,Safe
UNIT 3A,Sootblower Area,200,2023,2023-06-15,6.5,6.3,3.8,434,155.3,12.15,Safe
UNIT 3A,Sootblower Area,200,2024,2024-06-15,6.5,6.21,3.8,434,155.3,14.5,Safe
UNIT 3A,Sootblower Area,200,2025,2025-06-15,6.5,6.19,3.8,434,155.3,16.99,Safe
